/*
 Navicat Premium Data Transfer

 Source Server         : localhost-mysql
 Source Server Type    : MySQL
 Source Server Version : 50730
 Source Host           : localhost:3306
 Source Schema         : zero-admin

 Target Server Type    : MySQL
 Target Server Version : 50730
 File Encoding         : 65001

 Date: 31/03/2021 23:23:15
*/

SET NAMES utf8mb4;
SET FOREIGN_KEY_CHECKS = 0;

-- ----------------------------
-- Table structure for auth_login_log
-- ----------------------------
DROP TABLE IF EXISTS `auth_login_log`;
CREATE TABLE `auth_login_log`  (
  `id` int(11) NOT NULL AUTO_INCREMENT COMMENT '主键',
  `user_id` int(11) NOT NULL COMMENT '登录用户主键',
  `ip` varchar(50) CHARACTER SET utf8mb4 COLLATE utf8mb4_general_ci NOT NULL COMMENT '登录的IP地址',
  `country` varchar(100) CHARACTER SET utf8mb4 COLLATE utf8mb4_general_ci NULL DEFAULT NULL COMMENT '登录现实地址，国家',
  `region` varchar(100) CHARACTER SET utf8mb4 COLLATE utf8mb4_general_ci NULL DEFAULT NULL COMMENT '登录现实地址，区域，省',
  `city` varchar(100) CHARACTER SET utf8mb4 COLLATE utf8mb4_general_ci NULL DEFAULT NULL COMMENT '登录现实地址，城市',
  `isp` varchar(100) CHARACTER SET utf8mb4 COLLATE utf8mb4_general_ci NULL DEFAULT NULL COMMENT '因特网提供商',
  `login_time` datetime(0) NOT NULL COMMENT '登录时间',
  `token_id` varchar(100) CHARACTER SET utf8mb4 COLLATE utf8mb4_general_ci NOT NULL COMMENT 'tokenId',
  `logout_time` datetime(0) NOT NULL COMMENT '登出时间，默认为登录时间+token失效时间，登出时更新',
  `logout` tinyint(1) NOT NULL DEFAULT 0 COMMENT '是否主动登出，默认为0',
  `create_time` datetime(0) NOT NULL DEFAULT CURRENT_TIMESTAMP COMMENT '数据库数据插入时间',
  `create_user_id` int(11) NOT NULL DEFAULT 0 COMMENT '数据库数据插入用户主键',
  `update_time` datetime(0) NOT NULL DEFAULT CURRENT_TIMESTAMP ON UPDATE CURRENT_TIMESTAMP(0) COMMENT '数据库数据更新时间',
  `update_user_id` int(11) NOT NULL DEFAULT 0 COMMENT '数据库数据更新用户主键',
  `deleted` tinyint(1) NOT NULL DEFAULT 0 COMMENT '逻辑删除标识，0为正常，1为逻辑删除，默认为0',
  PRIMARY KEY (`id`) USING BTREE
) ENGINE = InnoDB AUTO_INCREMENT = 79 CHARACTER SET = utf8mb4 COLLATE = utf8mb4_general_ci COMMENT = '系统账号登录日志表' ROW_FORMAT = Compact;

-- ----------------------------
-- Records of auth_login_log
-- ----------------------------
INSERT INTO `auth_login_log` VALUES (51, 1, '127.0.0.1', 'XX', 'XX', '内网IP', '内网IP', '2021-03-28 10:57:40', '24821bc6-a70b-412e-bc5a-12e49defbc3b', '2021-03-28 11:03:31', 1, '2021-03-28 10:57:40', 0, '2021-03-28 10:57:40', 1, 0);
INSERT INTO `auth_login_log` VALUES (52, 1, '127.0.0.1', 'XX', 'XX', '内网IP', '内网IP', '2021-03-28 11:03:34', 'ba90aad2-98fa-443c-8869-d0b4b3ba47ab', '2021-03-28 12:03:34', 0, '2021-03-28 11:03:33', 0, '2021-03-28 11:03:33', 0, 0);
INSERT INTO `auth_login_log` VALUES (53, 1, '127.0.0.1', 'XX', 'XX', '内网IP', '内网IP', '2021-03-28 11:05:29', '07b42ecc-9802-4adc-922a-636ede43d563', '2021-03-28 12:05:29', 0, '2021-03-28 11:05:29', 0, '2021-03-28 11:05:29', 0, 0);
INSERT INTO `auth_login_log` VALUES (54, 1, '127.0.0.1', 'XX', 'XX', '内网IP', '内网IP', '2021-03-28 11:15:39', '83aa9f4d-8984-4632-8cc4-15466220bb90', '2021-03-28 12:15:39', 0, '2021-03-28 11:15:38', 0, '2021-03-28 11:15:38', 0, 0);
INSERT INTO `auth_login_log` VALUES (55, 1, '127.0.0.1', 'XX', 'XX', '内网IP', '内网IP', '2021-03-28 11:17:34', '61f44ffa-fe04-4e9c-b1a9-9c56f8c36e02', '2021-03-28 12:17:34', 0, '2021-03-28 11:17:33', 0, '2021-03-28 11:17:33', 0, 0);
INSERT INTO `auth_login_log` VALUES (56, 1, '127.0.0.1', 'XX', 'XX', '内网IP', '内网IP', '2021-03-28 11:17:45', '51b024d0-7058-4373-b2de-52b83ff70b24', '2021-03-28 12:17:45', 0, '2021-03-28 11:17:45', 0, '2021-03-28 11:17:45', 0, 0);
INSERT INTO `auth_login_log` VALUES (57, 1, '127.0.0.1', 'XX', 'XX', '内网IP', '内网IP', '2021-03-28 14:33:51', 'cb298ff1-398c-452d-ae19-8e2b7346df3b', '2021-03-28 14:37:28', 1, '2021-03-28 14:33:51', 0, '2021-03-28 14:33:51', 1, 0);
INSERT INTO `auth_login_log` VALUES (58, 1, '127.0.0.1', 'XX', 'XX', '内网IP', '内网IP', '2021-03-28 14:38:04', '8e475aad-2d3e-4059-9e57-2afa49708402', '2021-03-28 15:38:04', 0, '2021-03-28 14:38:03', 0, '2021-03-28 14:38:03', 0, 0);
INSERT INTO `auth_login_log` VALUES (59, 1, '127.0.0.1', 'XX', 'XX', '内网IP', '内网IP', '2021-03-28 15:09:52', 'dd12a32a-cd39-4357-a677-f067a069bfff', '2021-03-28 16:09:52', 0, '2021-03-28 15:09:52', 0, '2021-03-28 15:09:52', 0, 0);
INSERT INTO `auth_login_log` VALUES (60, 1, '127.0.0.1', 'XX', 'XX', '内网IP', '内网IP', '2021-03-28 15:39:19', '66f3e4c6-5d7b-482d-ad52-b7ecf3bf83f8', '2021-03-28 16:39:19', 0, '2021-03-28 15:39:18', 0, '2021-03-28 15:39:18', 0, 0);
INSERT INTO `auth_login_log` VALUES (61, 1, '127.0.0.1', 'XX', 'XX', '内网IP', '内网IP', '2021-03-28 16:44:41', 'a0bf9409-2077-4767-8b2c-ea621b9e5a19', '2021-03-28 17:44:41', 0, '2021-03-28 16:44:41', 0, '2021-03-28 16:44:41', 0, 0);
INSERT INTO `auth_login_log` VALUES (62, 1, '127.0.0.1', 'XX', 'XX', '内网IP', '内网IP', '2021-03-28 17:45:08', '24fc258c-2f75-440d-a283-f0bbdca30ff5', '2021-03-28 18:45:08', 0, '2021-03-28 17:45:07', 0, '2021-03-28 17:45:07', 0, 0);
INSERT INTO `auth_login_log` VALUES (63, 1, '127.0.0.1', 'XX', 'XX', '内网IP', '内网IP', '2021-03-28 19:16:58', '119443a1-f4d7-496b-8b8b-33d5de9cd7bc', '2021-03-28 20:16:58', 0, '2021-03-28 19:16:58', 0, '2021-03-28 19:16:58', 0, 0);
INSERT INTO `auth_login_log` VALUES (64, 1, '127.0.0.1', 'XX', 'XX', '内网IP', '内网IP', '2021-03-28 19:16:58', '14730b63-1005-4415-9b8d-c1ebde98a32e', '2021-03-28 20:16:58', 0, '2021-03-28 19:16:58', 0, '2021-03-28 19:16:58', 0, 0);
INSERT INTO `auth_login_log` VALUES (65, 1, '127.0.0.1', 'XX', 'XX', '内网IP', '内网IP', '2021-03-28 19:16:59', '5041b02f-43c3-47e9-9bc8-c82fbab548b1', '2021-03-28 20:16:59', 0, '2021-03-28 19:16:58', 0, '2021-03-28 19:16:58', 0, 0);
INSERT INTO `auth_login_log` VALUES (66, 1, '127.0.0.1', 'XX', 'XX', '内网IP', '内网IP', '2021-03-28 20:17:45', 'f0817053-c964-495d-898e-5277f94593fb', '2021-03-28 21:17:45', 0, '2021-03-28 20:17:44', 0, '2021-03-28 20:17:44', 0, 0);
INSERT INTO `auth_login_log` VALUES (67, 22, '127.0.0.1', 'XX', 'XX', '内网IP', '内网IP', '2021-03-28 20:39:46', '132bf0b2-1683-41d1-8778-a1b4fba6eddd', '2021-03-28 21:39:46', 0, '2021-03-28 20:39:45', 0, '2021-03-28 20:39:45', 0, 0);
INSERT INTO `auth_login_log` VALUES (68, 1, '127.0.0.1', 'XX', 'XX', '内网IP', '内网IP', '2021-03-28 20:40:02', 'c5e61ef1-cc03-4799-a0c8-a1e869a5e490', '2021-03-28 21:40:02', 0, '2021-03-28 20:40:02', 0, '2021-03-28 20:40:02', 0, 0);
INSERT INTO `auth_login_log` VALUES (69, 1, '127.0.0.1', 'XX', 'XX', '内网IP', '内网IP', '2021-03-29 19:56:55', '0a7bf04f-bc69-46fd-93e9-6e95297597c2', '2021-03-29 20:56:55', 0, '2021-03-29 19:56:54', 0, '2021-03-29 19:56:54', 0, 0);
INSERT INTO `auth_login_log` VALUES (70, 1, '127.0.0.1', 'XX', 'XX', '内网IP', '内网IP', '2021-03-29 19:57:01', '055d9fce-9e59-4fdf-8940-d1576c44362d', '2021-03-29 20:57:01', 0, '2021-03-29 19:57:00', 0, '2021-03-29 19:57:00', 0, 0);
INSERT INTO `auth_login_log` VALUES (71, 1, '127.0.0.1', 'XX', 'XX', '内网IP', '内网IP', '2021-03-29 21:00:36', 'd69a3edc-f33d-439f-ab82-bfc1fbe630a1', '2021-03-29 22:00:36', 0, '2021-03-29 21:00:35', 0, '2021-03-29 21:00:35', 0, 0);
INSERT INTO `auth_login_log` VALUES (72, 1, '127.0.0.1', 'XX', 'XX', '内网IP', '内网IP', '2021-03-29 22:03:02', '7182782d-8f56-4c20-b9ac-3e29629c4979', '2021-03-29 23:03:02', 0, '2021-03-29 22:03:02', 0, '2021-03-29 22:03:02', 0, 0);
INSERT INTO `auth_login_log` VALUES (73, 1, '127.0.0.1', 'XX', 'XX', '内网IP', '内网IP', '2021-03-29 23:25:13', '2e81721c-8968-45d8-8c1a-198a90de4ed6', '2021-03-30 00:25:13', 0, '2021-03-29 23:25:13', 0, '2021-03-29 23:25:13', 0, 0);
INSERT INTO `auth_login_log` VALUES (74, 1, '127.0.0.1', 'XX', 'XX', '内网IP', '内网IP', '2021-03-30 20:26:30', 'bbd6e2f6-9214-45c4-8851-4815c60c67cf', '2021-03-30 21:26:30', 0, '2021-03-30 20:26:30', 0, '2021-03-30 20:26:30', 0, 0);
INSERT INTO `auth_login_log` VALUES (75, 1, '127.0.0.1', 'XX', 'XX', '内网IP', '内网IP', '2021-03-30 20:27:51', 'e6fdc2f0-2d22-4f79-9920-342d322497d0', '2021-03-30 21:27:51', 0, '2021-03-30 20:27:50', 0, '2021-03-30 20:27:50', 0, 0);
INSERT INTO `auth_login_log` VALUES (76, 1, '127.0.0.1', 'XX', 'XX', '内网IP', '内网IP', '2021-03-30 23:04:49', 'd83fa387-85c2-4b24-b7de-f399ead83e92', '2021-03-31 00:04:49', 0, '2021-03-30 23:04:49', 0, '2021-03-30 23:04:49', 0, 0);
INSERT INTO `auth_login_log` VALUES (77, 1, '127.0.0.1', 'XX', 'XX', '内网IP', '内网IP', '2021-03-31 20:48:27', '746e47dc-eb00-454a-a8c1-1904b70af9c9', '2021-03-31 21:48:27', 0, '2021-03-31 20:48:26', 0, '2021-03-31 20:48:26', 0, 0);
INSERT INTO `auth_login_log` VALUES (78, 1, '127.0.0.1', 'XX', 'XX', '内网IP', '内网IP', '2021-03-31 21:50:32', 'a1e8cdc1-04f2-4394-98af-f43458c1766b', '2021-03-31 22:50:32', 0, '2021-03-31 21:50:31', 0, '2021-03-31 21:50:31', 0, 0);

-- ----------------------------
-- Table structure for auth_resources
-- ----------------------------
DROP TABLE IF EXISTS `auth_resources`;
CREATE TABLE `auth_resources`  (
  `id` int(11) NOT NULL AUTO_INCREMENT COMMENT '资源主键',
  `uri` varchar(100) CHARACTER SET utf8 COLLATE utf8_general_ci NOT NULL COMMENT '资源定位符',
  `regex` varchar(100) CHARACTER SET utf8 COLLATE utf8_general_ci NOT NULL COMMENT '正则匹配',
  `description` varchar(255) CHARACTER SET utf8 COLLATE utf8_general_ci NOT NULL COMMENT '资源描述信息',
  `method_type` varchar(16) CHARACTER SET utf8 COLLATE utf8_general_ci NOT NULL COMMENT '资源方法类型：get/post/put/delete',
  `create_time` datetime(0) NOT NULL DEFAULT CURRENT_TIMESTAMP COMMENT '数据库数据插入时间',
  `create_user_id` int(11) NOT NULL DEFAULT 0 COMMENT '数据库数据插入用户主键',
  `update_time` datetime(0) NOT NULL DEFAULT CURRENT_TIMESTAMP ON UPDATE CURRENT_TIMESTAMP(0) COMMENT '数据库数据更新时间',
  `update_user_id` int(11) NOT NULL DEFAULT 0 COMMENT '数据库数据更新用户主键',
  `deleted` tinyint(1) NOT NULL DEFAULT 0 COMMENT '逻辑删除标识，0为正常，1为逻辑删除0，默认为0',
  PRIMARY KEY (`id`) USING BTREE
) ENGINE = InnoDB AUTO_INCREMENT = 629 CHARACTER SET = utf8mb4 COLLATE = utf8mb4_general_ci COMMENT = '系统资源表' ROW_FORMAT = Compact;

-- ----------------------------
-- Records of auth_resources
-- ----------------------------
INSERT INTO `auth_resources` VALUES (500, '/table/info/page/{currentPage}', '^/table/info/page/[0-9]+$', '分页查询系统数据库表信息数据', 'GET', '2021-03-28 11:17:06', 0, '2021-03-28 11:17:06', 0, 0);
INSERT INTO `auth_resources` VALUES (501, '/table/info/recover/page/{currentPage}', '^/table/info/recover/page/[0-9]+$', '分页查询逻辑删除的系统数据库表信息表数据', 'GET', '2021-03-28 11:17:06', 0, '2021-03-28 11:17:06', 0, 0);
INSERT INTO `auth_resources` VALUES (502, '/table/info/not/list', '^/table/info/not/list$', '获取还没有插入数据库中的数据库表信息', 'GET', '2021-03-28 11:17:06', 0, '2021-03-28 11:17:06', 0, 0);
INSERT INTO `auth_resources` VALUES (503, '/table/info/code/generation/{id}', '^/table/info/code/generation/[0-9]+$', '生成代码', 'POST', '2021-03-28 11:17:06', 0, '2021-03-28 11:17:06', 0, 0);
INSERT INTO `auth_resources` VALUES (504, '/table/info/recover/{id}', '^/table/info/recover/[0-9]+$', '通过主键彻底删除一条系统数据库表信息表数据', 'DELETE', '2021-03-28 11:17:06', 0, '2021-03-28 11:17:06', 0, 0);
INSERT INTO `auth_resources` VALUES (505, '/table/info/recover/{id}', '^/table/info/recover/[0-9]+$', '通过主键恢复逻辑删除的系统数据库表信息表数据', 'PUT', '2021-03-28 11:17:06', 0, '2021-03-28 11:17:06', 0, 0);
INSERT INTO `auth_resources` VALUES (506, '/table/info/{id}', '^/table/info/[0-9]+$', '[通用方法]通过主键获取一条对应实体类的数据库记录', 'GET', '2021-03-28 11:17:06', 0, '2021-03-28 11:17:06', 0, 0);
INSERT INTO `auth_resources` VALUES (507, '/table/info', '^/table/info$', '[通用方法]插入一条对应实体类的数据库记录', 'POST', '2021-03-28 11:17:06', 0, '2021-03-28 11:17:06', 0, 0);
INSERT INTO `auth_resources` VALUES (508, '/table/info', '^/table/info$', '[通用方法]更新一条对应实体类的数据库记录', 'PUT', '2021-03-28 11:17:06', 0, '2021-03-28 11:17:06', 0, 0);
INSERT INTO `auth_resources` VALUES (509, '/table/info/{id}', '^/table/info/[0-9]+$', '[通用方法]通过主键删除一条对应实体类的数据库记录', 'DELETE', '2021-03-28 11:17:06', 0, '2021-03-28 11:17:06', 0, 0);
INSERT INTO `auth_resources` VALUES (510, '/log/list', '^/log/list$', '查询所有的系统操作日志表数据', 'GET', '2021-03-28 11:17:06', 0, '2021-03-28 11:17:06', 0, 0);
INSERT INTO `auth_resources` VALUES (511, '/log/page/{currentPage}', '^/log/page/[0-9]+$', '分页查询系统操作日志表数据', 'GET', '2021-03-28 11:17:06', 0, '2021-03-28 11:17:06', 0, 0);
INSERT INTO `auth_resources` VALUES (512, '/log/recover/page/{currentPage}', '^/log/recover/page/[0-9]+$', '分页查询逻辑删除的系统操作日志表数据', 'GET', '2021-03-28 11:17:06', 0, '2021-03-28 11:17:06', 0, 0);
INSERT INTO `auth_resources` VALUES (513, '/log/recover/{id}', '^/log/recover/[0-9]+$', '通过主键彻底删除一条系统操作日志表数据', 'DELETE', '2021-03-28 11:17:06', 0, '2021-03-28 11:17:06', 0, 0);
INSERT INTO `auth_resources` VALUES (514, '/log/recover/{id}', '^/log/recover/[0-9]+$', '通过主键恢复逻辑删除的系统操作日志表数据', 'PUT', '2021-03-28 11:17:06', 0, '2021-03-28 11:17:06', 0, 0);
INSERT INTO `auth_resources` VALUES (515, '/log/export/excel', '^/log/export/excel$', '导出操作日志列表数据的Excel文件', 'GET', '2021-03-28 11:17:06', 0, '2021-03-28 11:17:06', 0, 0);
INSERT INTO `auth_resources` VALUES (516, '/log/{id}', '^/log/[0-9]+$', '[通用方法]通过主键获取一条对应实体类的数据库记录', 'GET', '2021-03-28 11:17:06', 0, '2021-03-28 11:17:06', 0, 0);
INSERT INTO `auth_resources` VALUES (517, '/log', '^/log$', '[通用方法]插入一条对应实体类的数据库记录', 'POST', '2021-03-28 11:17:06', 0, '2021-03-28 11:17:06', 0, 0);
INSERT INTO `auth_resources` VALUES (518, '/log', '^/log$', '[通用方法]更新一条对应实体类的数据库记录', 'PUT', '2021-03-28 11:17:06', 0, '2021-03-28 11:17:06', 0, 0);
INSERT INTO `auth_resources` VALUES (519, '/log/{id}', '^/log/[0-9]+$', '[通用方法]通过主键删除一条对应实体类的数据库记录', 'DELETE', '2021-03-28 11:17:06', 0, '2021-03-28 11:17:06', 0, 0);
INSERT INTO `auth_resources` VALUES (520, '/menu/enabled/{id}', '^/menu/enabled/[0-9]+$', '启用或者禁用一个菜单', 'PUT', '2021-03-28 11:17:06', 0, '2021-03-28 11:17:06', 0, 0);
INSERT INTO `auth_resources` VALUES (521, '/menu/page/{currentPage}', '^/menu/page/[0-9]+$', '分页查询系统菜单表数据', 'GET', '2021-03-28 11:17:06', 0, '2021-03-28 11:17:06', 0, 0);
INSERT INTO `auth_resources` VALUES (522, '/menu/role/{menuId}', '^/menu/role/[0-9]+$', '获取该菜单未拥有的角色', 'GET', '2021-03-28 11:17:06', 0, '2021-03-28 11:17:06', 0, 0);
INSERT INTO `auth_resources` VALUES (523, '/menu/recover/page/{currentPage}', '^/menu/recover/page/[0-9]+$', '分页查询逻辑删除的系统菜单表数据', 'GET', '2021-03-28 11:17:06', 0, '2021-03-28 11:17:06', 0, 0);
INSERT INTO `auth_resources` VALUES (524, '/menu/recover/{id}', '^/menu/recover/[0-9]+$', '通过主键彻底删除一条系统菜单表数据', 'DELETE', '2021-03-28 11:17:06', 0, '2021-03-28 11:17:06', 0, 0);
INSERT INTO `auth_resources` VALUES (525, '/menu/recover/{id}', '^/menu/recover/[0-9]+$', '通过主键恢复逻辑删除的系统菜单表数据', 'PUT', '2021-03-28 11:17:06', 0, '2021-03-28 11:17:06', 0, 0);
INSERT INTO `auth_resources` VALUES (526, '/menu/role/{menuId}', '^/menu/role/[0-9]+$', '添加菜单角色', 'POST', '2021-03-28 11:17:06', 0, '2021-03-28 11:17:06', 0, 0);
INSERT INTO `auth_resources` VALUES (527, '/menu/role/{menuId}', '^/menu/role/[0-9]+$', '删除菜单角色', 'DELETE', '2021-03-28 11:17:06', 0, '2021-03-28 11:17:06', 0, 0);
INSERT INTO `auth_resources` VALUES (528, '/menu/export/excel', '^/menu/export/excel$', '导出系统菜单列表数据的Excel文件', 'GET', '2021-03-28 11:17:06', 0, '2021-03-28 11:17:06', 0, 0);
INSERT INTO `auth_resources` VALUES (529, '/menu/routes', '^/menu/routes$', '[动态路由]获取所有启用的系统菜单', 'GET', '2021-03-28 11:17:06', 0, '2021-03-28 11:17:06', 0, 0);
INSERT INTO `auth_resources` VALUES (530, '/menu/{id}', '^/menu/[0-9]+$', '[通用方法]通过主键获取一条对应实体类的数据库记录', 'GET', '2021-03-28 11:17:06', 0, '2021-03-28 11:17:06', 0, 0);
INSERT INTO `auth_resources` VALUES (531, '/menu', '^/menu$', '[通用方法]插入一条对应实体类的数据库记录', 'POST', '2021-03-28 11:17:06', 0, '2021-03-28 11:17:06', 0, 0);
INSERT INTO `auth_resources` VALUES (532, '/menu', '^/menu$', '[通用方法]更新一条对应实体类的数据库记录', 'PUT', '2021-03-28 11:17:06', 0, '2021-03-28 11:17:06', 0, 0);
INSERT INTO `auth_resources` VALUES (533, '/menu/{id}', '^/menu/[0-9]+$', '[通用方法]通过主键删除一条对应实体类的数据库记录', 'DELETE', '2021-03-28 11:17:06', 0, '2021-03-28 11:17:06', 0, 0);
INSERT INTO `auth_resources` VALUES (534, '/user/info/list', '^/user/info/list$', '查询所有的系统用户信息表数据', 'GET', '2021-03-28 11:17:06', 0, '2021-03-28 11:17:06', 0, 0);
INSERT INTO `auth_resources` VALUES (535, '/user/info/mail/verify', '^/user/info/mail/verify$', '验证邮件验证码', 'POST', '2021-03-28 11:17:06', 0, '2021-03-28 11:17:06', 0, 0);
INSERT INTO `auth_resources` VALUES (536, '/user/info/page/{currentPage}', '^/user/info/page/[0-9]+$', '分页查询系统用户信息表数据', 'GET', '2021-03-28 11:17:06', 0, '2021-03-28 11:17:06', 0, 0);
INSERT INTO `auth_resources` VALUES (537, '/user/info', '^/user/info$', '查询当前登录用户的信息数据', 'GET', '2021-03-28 11:17:06', 0, '2021-03-28 11:17:06', 0, 0);
INSERT INTO `auth_resources` VALUES (538, '/user/info/recover/page/{currentPage}', '^/user/info/recover/page/[0-9]+$', '分页查询逻辑删除的系统用户信息表数据', 'GET', '2021-03-28 11:17:06', 0, '2021-03-28 11:17:06', 0, 0);
INSERT INTO `auth_resources` VALUES (539, '/user/info/recover/{id}', '^/user/info/recover/[0-9]+$', '通过主键彻底删除一条系统用户信息表数据', 'DELETE', '2021-03-28 11:17:06', 0, '2021-03-28 11:17:06', 0, 0);
INSERT INTO `auth_resources` VALUES (540, '/user/info/recover/{id}', '^/user/info/recover/[0-9]+$', '通过主键恢复逻辑删除的系统用户信息表数据', 'PUT', '2021-03-28 11:17:06', 0, '2021-03-28 11:17:06', 0, 0);
INSERT INTO `auth_resources` VALUES (541, '/user/info/mail/verify/send', '^/user/info/mail/verify/send$', '发送电子邮件号码验证邮件', 'POST', '2021-03-28 11:17:06', 0, '2021-03-28 11:17:06', 0, 0);
INSERT INTO `auth_resources` VALUES (542, '/user/info/export/excel', '^/user/info/export/excel$', '导出系统用户信息表数据的Excel文件', 'GET', '2021-03-28 11:17:06', 0, '2021-03-28 11:17:06', 0, 0);
INSERT INTO `auth_resources` VALUES (543, '/user/info/avatar', '^/user/info/avatar$', '获取用户头像路径', 'GET', '2021-03-28 11:17:06', 0, '2021-03-28 11:17:06', 0, 0);
INSERT INTO `auth_resources` VALUES (544, '/user/info/avatar', '^/user/info/avatar$', '上传用户头像', 'POST', '2021-03-28 11:17:06', 0, '2021-03-28 11:17:06', 0, 0);
INSERT INTO `auth_resources` VALUES (545, '/user/info/{id}', '^/user/info/[0-9]+$', '[通用方法]通过主键获取一条对应实体类的数据库记录', 'GET', '2021-03-28 11:17:06', 0, '2021-03-28 11:17:06', 0, 0);
INSERT INTO `auth_resources` VALUES (546, '/user/info', '^/user/info$', '[通用方法]插入一条对应实体类的数据库记录', 'POST', '2021-03-28 11:17:06', 0, '2021-03-28 11:17:06', 0, 0);
INSERT INTO `auth_resources` VALUES (547, '/user/info', '^/user/info$', '[通用方法]更新一条对应实体类的数据库记录', 'PUT', '2021-03-28 11:17:06', 0, '2021-03-28 11:17:06', 0, 0);
INSERT INTO `auth_resources` VALUES (548, '/user/info/{id}', '^/user/info/[0-9]+$', '[通用方法]通过主键删除一条对应实体类的数据库记录', 'DELETE', '2021-03-28 11:17:06', 0, '2021-03-28 11:17:06', 0, 0);
INSERT INTO `auth_resources` VALUES (549, '/server/info', '^/server/info$', '获取系统服务器的监控信息', 'GET', '2021-03-28 11:17:06', 0, '2021-03-28 11:17:06', 0, 0);
INSERT INTO `auth_resources` VALUES (550, '/server/piechart', '^/server/piechart$', '获取系统服务器的CPU，内存，JVM饼图信息', 'GET', '2021-03-28 11:17:06', 0, '2021-03-28 11:17:06', 0, 0);
INSERT INTO `auth_resources` VALUES (551, '/file/manage/replace', '^/file/manage/replace$', '通过主键替换一个文件资源', 'POST', '2021-03-28 11:17:06', 0, '2021-03-28 11:17:06', 0, 0);
INSERT INTO `auth_resources` VALUES (552, '/file/manage/list', '^/file/manage/list$', '查询所有的文件资源管理表数据', 'GET', '2021-03-28 11:17:06', 0, '2021-03-28 11:17:06', 0, 0);
INSERT INTO `auth_resources` VALUES (553, '/file/manage/page/{currentPage}', '^/file/manage/page/[0-9]+$', '分页查询文件资源管理表数据', 'GET', '2021-03-28 11:17:06', 0, '2021-03-28 11:17:06', 0, 0);
INSERT INTO `auth_resources` VALUES (554, '/file/manage/recover/page/{currentPage}', '^/file/manage/recover/page/[0-9]+$', '分页查询逻辑删除的文件资源管理表数据', 'GET', '2021-03-28 11:17:06', 0, '2021-03-28 11:17:06', 0, 0);
INSERT INTO `auth_resources` VALUES (555, '/file/manage/recover/{id}', '^/file/manage/recover/[0-9]+$', '通过主键彻底删除一条文件资源管理表数据', 'DELETE', '2021-03-28 11:17:06', 0, '2021-03-28 11:17:06', 0, 0);
INSERT INTO `auth_resources` VALUES (556, '/file/manage/recover/{id}', '^/file/manage/recover/[0-9]+$', '通过主键恢复逻辑删除的文件资源管理表数据', 'PUT', '2021-03-28 11:17:06', 0, '2021-03-28 11:17:06', 0, 0);
INSERT INTO `auth_resources` VALUES (557, '/file/manage/export/excel', '^/file/manage/export/excel$', '导出文件资源管理表数据的Excel文件', 'GET', '2021-03-28 11:17:06', 0, '2021-03-28 11:17:06', 0, 0);
INSERT INTO `auth_resources` VALUES (558, '/file/manage/bak/{id}', '^/file/manage/bak/[0-9]+$', '通过主键备份一个文件资源', 'POST', '2021-03-28 11:17:06', 0, '2021-03-28 11:17:06', 0, 0);
INSERT INTO `auth_resources` VALUES (559, '/file/manage/{id}', '^/file/manage/[0-9]+$', '[通用方法]通过主键获取一条对应实体类的数据库记录', 'GET', '2021-03-28 11:17:06', 0, '2021-03-28 11:17:06', 0, 0);
INSERT INTO `auth_resources` VALUES (560, '/file/manage', '^/file/manage$', '[通用方法]插入一条对应实体类的数据库记录', 'POST', '2021-03-28 11:17:06', 0, '2021-03-28 11:17:06', 0, 0);
INSERT INTO `auth_resources` VALUES (561, '/file/manage', '^/file/manage$', '[通用方法]更新一条对应实体类的数据库记录', 'PUT', '2021-03-28 11:17:06', 0, '2021-03-28 11:17:06', 0, 0);
INSERT INTO `auth_resources` VALUES (562, '/file/manage/{id}', '^/file/manage/[0-9]+$', '[通用方法]通过主键删除一条对应实体类的数据库记录', 'DELETE', '2021-03-28 11:17:06', 0, '2021-03-28 11:17:06', 0, 0);
INSERT INTO `auth_resources` VALUES (563, '/upload/image', '^/upload/image$', '上传图片文件', 'POST', '2021-03-28 11:17:06', 0, '2021-03-28 11:17:06', 0, 0);
INSERT INTO `auth_resources` VALUES (564, '/login/log/list', '^/login/log/list$', '查询所有的系统账号登录日志表数据', 'GET', '2021-03-28 11:17:06', 0, '2021-03-28 11:17:06', 0, 0);
INSERT INTO `auth_resources` VALUES (565, '/login/log/page/{currentPage}', '^/login/log/page/[0-9]+$', '分页查询系统账号登录日志表数据', 'GET', '2021-03-28 11:17:06', 0, '2021-03-28 11:17:06', 0, 0);
INSERT INTO `auth_resources` VALUES (566, '/login/log/recover/page/{currentPage}', '^/login/log/recover/page/[0-9]+$', '分页查询逻辑删除的系统账号登录日志表数据', 'GET', '2021-03-28 11:17:06', 0, '2021-03-28 11:17:06', 0, 0);
INSERT INTO `auth_resources` VALUES (567, '/login/log/recover/{id}', '^/login/log/recover/[0-9]+$', '通过主键彻底删除一条系统账号登录日志表数据', 'DELETE', '2021-03-28 11:17:06', 0, '2021-03-28 11:17:06', 0, 0);
INSERT INTO `auth_resources` VALUES (568, '/login/log/recover/{id}', '^/login/log/recover/[0-9]+$', '通过主键恢复逻辑删除的系统账号登录日志表数据', 'PUT', '2021-03-28 11:17:06', 0, '2021-03-28 11:17:06', 0, 0);
INSERT INTO `auth_resources` VALUES (569, '/login/log/export/excel', '^/login/log/export/excel$', '导出系统账号登录日志表数据的Excel文件', 'GET', '2021-03-28 11:17:06', 0, '2021-03-28 11:17:06', 0, 0);
INSERT INTO `auth_resources` VALUES (570, '/login/log/online/{userId}', '^/login/log/online/[0-9]+$', '获取当前在线的用户记录', 'GET', '2021-03-28 11:17:06', 0, '2021-03-28 11:17:06', 0, 0);
INSERT INTO `auth_resources` VALUES (571, '/login/log/offline/{userId}', '^/login/log/offline/[0-9]+$', '通过tokenId下线用户', 'PUT', '2021-03-28 11:17:06', 0, '2021-03-28 11:17:06', 0, 0);
INSERT INTO `auth_resources` VALUES (572, '/login/log/{id}', '^/login/log/[0-9]+$', '[通用方法]通过主键获取一条对应实体类的数据库记录', 'GET', '2021-03-28 11:17:06', 0, '2021-03-28 11:17:06', 0, 0);
INSERT INTO `auth_resources` VALUES (573, '/login/log', '^/login/log$', '[通用方法]插入一条对应实体类的数据库记录', 'POST', '2021-03-28 11:17:06', 0, '2021-03-28 11:17:06', 0, 0);
INSERT INTO `auth_resources` VALUES (574, '/login/log', '^/login/log$', '[通用方法]更新一条对应实体类的数据库记录', 'PUT', '2021-03-28 11:17:06', 0, '2021-03-28 11:17:06', 0, 0);
INSERT INTO `auth_resources` VALUES (575, '/login/log/{id}', '^/login/log/[0-9]+$', '[通用方法]通过主键删除一条对应实体类的数据库记录', 'DELETE', '2021-03-28 11:17:06', 0, '2021-03-28 11:17:06', 0, 0);
INSERT INTO `auth_resources` VALUES (576, '/resources/page/{currentPage}', '^/resources/page/[0-9]+$', '分页查询系统资源数据', 'GET', '2021-03-28 11:17:06', 0, '2021-03-28 11:17:06', 0, 0);
INSERT INTO `auth_resources` VALUES (577, '/resources/recover/page/{currentPage}', '^/resources/recover/page/[0-9]+$', '分页查询逻辑删除的系统资源表数据', 'GET', '2021-03-28 11:17:06', 0, '2021-03-28 11:17:06', 0, 0);
INSERT INTO `auth_resources` VALUES (578, '/resources/recover/{id}', '^/resources/recover/[0-9]+$', '通过主键彻底删除一条系统资源表数据', 'DELETE', '2021-03-28 11:17:06', 0, '2021-03-28 11:17:06', 0, 0);
INSERT INTO `auth_resources` VALUES (579, '/resources/recover/{id}', '^/resources/recover/[0-9]+$', '通过主键恢复逻辑删除的系统资源表数据', 'PUT', '2021-03-28 11:17:07', 0, '2021-03-28 11:17:07', 0, 0);
INSERT INTO `auth_resources` VALUES (580, '/resources/export/excel', '^/resources/export/excel$', '导出系统资源列表数据的Excel文件', 'GET', '2021-03-28 11:17:07', 0, '2021-03-28 11:17:07', 0, 0);
INSERT INTO `auth_resources` VALUES (581, '/resources/role/{resourcesId}', '^/resources/role/[0-9]+$', '添加系统资源角色', 'POST', '2021-03-28 11:17:07', 0, '2021-03-28 11:17:07', 0, 0);
INSERT INTO `auth_resources` VALUES (582, '/resources/role/{resourcesId}', '^/resources/role/[0-9]+$', '获取未拥有该系统资源的角色', 'GET', '2021-03-28 11:17:07', 0, '2021-03-28 11:17:07', 0, 0);
INSERT INTO `auth_resources` VALUES (583, '/resources/role/{resourcesId}', '^/resources/role/[0-9]+$', '删除系统资源角色', 'DELETE', '2021-03-28 11:17:07', 0, '2021-03-28 11:17:07', 0, 0);
INSERT INTO `auth_resources` VALUES (584, '/resources/{id}', '^/resources/[0-9]+$', '[通用方法]通过主键获取一条对应实体类的数据库记录', 'GET', '2021-03-28 11:17:07', 0, '2021-03-28 11:17:07', 0, 0);
INSERT INTO `auth_resources` VALUES (585, '/resources', '^/resources$', '[通用方法]插入一条对应实体类的数据库记录', 'POST', '2021-03-28 11:17:07', 0, '2021-03-28 11:17:07', 0, 0);
INSERT INTO `auth_resources` VALUES (586, '/resources', '^/resources$', '[通用方法]更新一条对应实体类的数据库记录', 'PUT', '2021-03-28 11:17:07', 0, '2021-03-28 11:17:07', 0, 0);
INSERT INTO `auth_resources` VALUES (587, '/resources/{id}', '^/resources/[0-9]+$', '[通用方法]通过主键删除一条对应实体类的数据库记录', 'DELETE', '2021-03-28 11:17:07', 0, '2021-03-28 11:17:07', 0, 0);
INSERT INTO `auth_resources` VALUES (588, '/role/check/name', '^/role/check/name$', '检测角色名称是否已存在', 'GET', '2021-03-28 11:17:07', 0, '2021-03-28 11:17:07', 0, 0);
INSERT INTO `auth_resources` VALUES (589, '/role/list', '^/role/list$', '获取所有的用户角色', 'GET', '2021-03-28 11:17:07', 0, '2021-03-28 11:17:07', 0, 0);
INSERT INTO `auth_resources` VALUES (590, '/role/page/{currentPage}', '^/role/page/[0-9]+$', '分页查询角色数据', 'GET', '2021-03-28 11:17:07', 0, '2021-03-28 11:17:07', 0, 0);
INSERT INTO `auth_resources` VALUES (591, '/role/recover/page/{currentPage}', '^/role/recover/page/[0-9]+$', '分页查询逻辑删除的系统角色表数据', 'GET', '2021-03-28 11:17:07', 0, '2021-03-28 11:17:07', 0, 0);
INSERT INTO `auth_resources` VALUES (592, '/role/recover/{id}', '^/role/recover/[0-9]+$', '通过主键彻底删除一条系统角色表数据', 'DELETE', '2021-03-28 11:17:07', 0, '2021-03-28 11:17:07', 0, 0);
INSERT INTO `auth_resources` VALUES (593, '/role/recover/{id}', '^/role/recover/[0-9]+$', '通过主键恢复逻辑删除的系统角色表数据', 'PUT', '2021-03-28 11:17:07', 0, '2021-03-28 11:17:07', 0, 0);
INSERT INTO `auth_resources` VALUES (594, '/role/export/excel', '^/role/export/excel$', '导出角色列表数据的Excel文件', 'GET', '2021-03-28 11:17:07', 0, '2021-03-28 11:17:07', 0, 0);
INSERT INTO `auth_resources` VALUES (595, '/role/{id}', '^/role/[0-9]+$', '[通用方法]通过主键获取一条对应实体类的数据库记录', 'GET', '2021-03-28 11:17:07', 0, '2021-03-28 11:17:07', 0, 0);
INSERT INTO `auth_resources` VALUES (596, '/role', '^/role$', '[通用方法]插入一条对应实体类的数据库记录', 'POST', '2021-03-28 11:17:07', 0, '2021-03-28 11:17:07', 0, 0);
INSERT INTO `auth_resources` VALUES (597, '/role', '^/role$', '[通用方法]更新一条对应实体类的数据库记录', 'PUT', '2021-03-28 11:17:07', 0, '2021-03-28 11:17:07', 0, 0);
INSERT INTO `auth_resources` VALUES (598, '/role/{id}', '^/role/[0-9]+$', '[通用方法]通过主键删除一条对应实体类的数据库记录', 'DELETE', '2021-03-28 11:17:07', 0, '2021-03-28 11:17:07', 0, 0);
INSERT INTO `auth_resources` VALUES (599, '/user/enabled/{id}', '^/user/enabled/[0-9]+$', '启用或者禁用一个用户账号', 'PUT', '2021-03-28 11:17:07', 0, '2021-03-28 11:17:07', 0, 0);
INSERT INTO `auth_resources` VALUES (600, '/user/page/{currentPage}', '^/user/page/[0-9]+$', '分页查询用户数据', 'GET', '2021-03-28 11:17:07', 0, '2021-03-28 11:17:07', 0, 0);
INSERT INTO `auth_resources` VALUES (601, '/user/token', '^/user/token$', '获取请求头上的accessToken，并根据accessToken返回用户信息', 'GET', '2021-03-28 11:17:07', 0, '2021-03-28 11:17:07', 0, 0);
INSERT INTO `auth_resources` VALUES (602, '/user/recover/page/{currentPage}', '^/user/recover/page/[0-9]+$', '分页查询逻辑删除的用户数据', 'GET', '2021-03-28 11:17:07', 0, '2021-03-28 11:17:07', 0, 0);
INSERT INTO `auth_resources` VALUES (603, '/user/recover/{id}', '^/user/recover/[0-9]+$', '通过主键彻底删除一条用户数据', 'DELETE', '2021-03-28 11:17:07', 0, '2021-03-28 11:17:07', 0, 0);
INSERT INTO `auth_resources` VALUES (604, '/user/recover/{id}', '^/user/recover/[0-9]+$', '通过主键恢复逻辑删除的用户数据', 'PUT', '2021-03-28 11:17:07', 0, '2021-03-28 11:17:07', 0, 0);
INSERT INTO `auth_resources` VALUES (605, '/user/role/{userId}', '^/user/role/[0-9]+$', '添加用户角色', 'POST', '2021-03-28 11:17:07', 0, '2021-03-28 11:17:07', 0, 0);
INSERT INTO `auth_resources` VALUES (606, '/user/export/excel', '^/user/export/excel$', '导出用户列表数据的Excel文件', 'GET', '2021-03-28 11:17:07', 0, '2021-03-28 11:17:07', 0, 0);
INSERT INTO `auth_resources` VALUES (607, '/user/reset/password', '^/user/reset/password$', '重置用户账号密码', 'PUT', '2021-03-28 11:17:07', 0, '2021-03-28 11:17:07', 0, 0);
INSERT INTO `auth_resources` VALUES (608, '/user/check/username', '^/user/check/username$', '检测用户名是否已存在', 'GET', '2021-03-28 11:17:07', 0, '2021-03-28 11:17:07', 0, 0);
INSERT INTO `auth_resources` VALUES (609, '/user/check/password', '^/user/check/password$', '检测用户密码是否正确', 'GET', '2021-03-28 11:17:07', 0, '2021-03-28 11:17:07', 0, 0);
INSERT INTO `auth_resources` VALUES (610, '/user/role/{userId}', '^/user/role/[0-9]+$', '删除用户角色', 'DELETE', '2021-03-28 11:17:07', 0, '2021-03-28 11:17:07', 0, 0);
INSERT INTO `auth_resources` VALUES (611, '/user/role/{userId}', '^/user/role/[0-9]+$', '获取该用户未拥有的角色', 'GET', '2021-03-28 11:17:07', 0, '2021-03-28 11:17:07', 0, 0);
INSERT INTO `auth_resources` VALUES (612, '/user/{id}', '^/user/[0-9]+$', '[通用方法]通过主键获取一条对应实体类的数据库记录', 'GET', '2021-03-28 11:17:07', 0, '2021-03-28 11:17:07', 0, 0);
INSERT INTO `auth_resources` VALUES (613, '/user', '^/user$', '[通用方法]插入一条对应实体类的数据库记录', 'POST', '2021-03-28 11:17:07', 0, '2021-03-28 11:17:07', 0, 0);
INSERT INTO `auth_resources` VALUES (614, '/user', '^/user$', '[通用方法]更新一条对应实体类的数据库记录', 'PUT', '2021-03-28 11:17:07', 0, '2021-03-28 11:17:07', 0, 0);
INSERT INTO `auth_resources` VALUES (615, '/user/{id}', '^/user/[0-9]+$', '[通用方法]通过主键删除一条对应实体类的数据库记录', 'DELETE', '2021-03-28 11:17:07', 0, '2021-03-28 11:17:07', 0, 0);
INSERT INTO `auth_resources` VALUES (616, '/mail/text', '^/mail/text$', '发送普通文本邮件', 'POST', '2021-03-28 11:17:07', 0, '2021-03-28 11:17:07', 0, 0);
INSERT INTO `auth_resources` VALUES (617, '/mail/template', '^/mail/template$', '发送HTML模板邮件', 'POST', '2021-03-28 11:17:07', 0, '2021-03-28 11:17:07', 0, 0);
INSERT INTO `auth_resources` VALUES (618, '/table/column/list', '^/table/column/list$', '查询所有的系统数据库表字段信息表数据', 'GET', '2021-03-28 18:27:37', 0, '2021-03-28 18:27:37', 0, 0);
INSERT INTO `auth_resources` VALUES (619, '/table/column/page/{currentPage}', '^/table/column/page/[0-9]+$', '分页查询系统数据库表字段信息表数据', 'GET', '2021-03-28 18:27:37', 0, '2021-03-28 18:27:37', 0, 0);
INSERT INTO `auth_resources` VALUES (620, '/table/column/recover/{id}', '^/table/column/recover/[0-9]+$', '通过主键恢复逻辑删除的系统数据库表字段信息表数据', 'PUT', '2021-03-28 18:27:37', 0, '2021-03-28 18:27:37', 0, 0);
INSERT INTO `auth_resources` VALUES (621, '/table/column/recover/{id}', '^/table/column/recover/[0-9]+$', '通过主键彻底删除一条系统数据库表字段信息表数据', 'DELETE', '2021-03-28 18:27:37', 0, '2021-03-28 18:27:37', 0, 0);
INSERT INTO `auth_resources` VALUES (622, '/table/column/table/info/{tableInfoId}', '^/table/column/table/info/[0-9]+$', '通过tableInfoId获取所有的字段信息', 'GET', '2021-03-28 18:27:37', 0, '2021-03-28 18:27:37', 0, 0);
INSERT INTO `auth_resources` VALUES (623, '/table/column/recover/page/{currentPage}', '^/table/column/recover/page/[0-9]+$', '分页查询逻辑删除的系统数据库表字段信息表数据', 'GET', '2021-03-28 18:27:37', 0, '2021-03-28 18:27:37', 0, 0);
INSERT INTO `auth_resources` VALUES (624, '/table/column/export/excel', '^/table/column/export/excel$', '导出系统数据库表字段信息表数据的Excel文件', 'GET', '2021-03-28 18:27:37', 0, '2021-03-28 18:27:37', 0, 0);
INSERT INTO `auth_resources` VALUES (625, '/table/column/{id}', '^/table/column/[0-9]+$', '[通用方法]通过主键获取一条对应实体类的数据库记录', 'GET', '2021-03-28 18:27:37', 0, '2021-03-28 18:27:37', 0, 0);
INSERT INTO `auth_resources` VALUES (626, '/table/column', '^/table/column$', '[通用方法]插入一条对应实体类的数据库记录', 'POST', '2021-03-28 18:27:37', 0, '2021-03-28 18:27:37', 0, 0);
INSERT INTO `auth_resources` VALUES (627, '/table/column', '^/table/column$', '[通用方法]更新一条对应实体类的数据库记录', 'PUT', '2021-03-28 18:27:37', 0, '2021-03-28 18:27:37', 0, 0);
INSERT INTO `auth_resources` VALUES (628, '/table/column/{id}', '^/table/column/[0-9]+$', '[通用方法]通过主键删除一条对应实体类的数据库记录', 'DELETE', '2021-03-28 18:27:37', 0, '2021-03-28 18:27:37', 0, 0);

-- ----------------------------
-- Table structure for auth_resources_role
-- ----------------------------
DROP TABLE IF EXISTS `auth_resources_role`;
CREATE TABLE `auth_resources_role`  (
  `id` int(11) NOT NULL AUTO_INCREMENT COMMENT '主键',
  `resources_id` int(11) NOT NULL COMMENT '资源主键',
  `role_id` int(11) NOT NULL COMMENT '角色主键',
  `create_time` datetime(0) NOT NULL DEFAULT CURRENT_TIMESTAMP COMMENT '数据库数据插入时间',
  `create_user_id` int(11) NOT NULL DEFAULT 0 COMMENT '数据库数据插入用户主键',
  `update_time` datetime(0) NOT NULL DEFAULT CURRENT_TIMESTAMP ON UPDATE CURRENT_TIMESTAMP(0) COMMENT '数据库数据更新时间',
  `update_user_id` int(11) NOT NULL DEFAULT 0 COMMENT '数据库数据更新用户主键',
  `deleted` tinyint(1) NOT NULL DEFAULT 0 COMMENT '逻辑删除标识，0为正常，1为逻辑删除，默认为0',
  PRIMARY KEY (`id`) USING BTREE
) ENGINE = InnoDB AUTO_INCREMENT = 686 CHARACTER SET = utf8mb4 COLLATE = utf8mb4_general_ci COMMENT = '资源角色关系表' ROW_FORMAT = Compact;

-- ----------------------------
-- Records of auth_resources_role
-- ----------------------------
INSERT INTO `auth_resources_role` VALUES (557, 500, 1, '2021-03-28 11:17:06', 0, '2021-03-28 11:17:06', 0, 0);
INSERT INTO `auth_resources_role` VALUES (558, 501, 1, '2021-03-28 11:17:06', 0, '2021-03-28 11:17:06', 0, 0);
INSERT INTO `auth_resources_role` VALUES (559, 502, 1, '2021-03-28 11:17:06', 0, '2021-03-28 11:17:06', 0, 0);
INSERT INTO `auth_resources_role` VALUES (560, 503, 1, '2021-03-28 11:17:06', 0, '2021-03-28 11:17:06', 0, 0);
INSERT INTO `auth_resources_role` VALUES (561, 504, 1, '2021-03-28 11:17:06', 0, '2021-03-28 11:17:06', 0, 0);
INSERT INTO `auth_resources_role` VALUES (562, 505, 1, '2021-03-28 11:17:06', 0, '2021-03-28 11:17:06', 0, 0);
INSERT INTO `auth_resources_role` VALUES (563, 506, 1, '2021-03-28 11:17:06', 0, '2021-03-28 11:17:06', 0, 0);
INSERT INTO `auth_resources_role` VALUES (564, 507, 1, '2021-03-28 11:17:06', 0, '2021-03-28 11:17:06', 0, 0);
INSERT INTO `auth_resources_role` VALUES (565, 508, 1, '2021-03-28 11:17:06', 0, '2021-03-28 11:17:06', 0, 0);
INSERT INTO `auth_resources_role` VALUES (566, 509, 1, '2021-03-28 11:17:06', 0, '2021-03-28 11:17:06', 0, 0);
INSERT INTO `auth_resources_role` VALUES (567, 510, 1, '2021-03-28 11:17:06', 0, '2021-03-28 11:17:06', 0, 0);
INSERT INTO `auth_resources_role` VALUES (568, 511, 1, '2021-03-28 11:17:06', 0, '2021-03-28 11:17:06', 0, 0);
INSERT INTO `auth_resources_role` VALUES (569, 512, 1, '2021-03-28 11:17:06', 0, '2021-03-28 11:17:06', 0, 0);
INSERT INTO `auth_resources_role` VALUES (570, 513, 1, '2021-03-28 11:17:06', 0, '2021-03-28 11:17:06', 0, 0);
INSERT INTO `auth_resources_role` VALUES (571, 514, 1, '2021-03-28 11:17:06', 0, '2021-03-28 11:17:06', 0, 0);
INSERT INTO `auth_resources_role` VALUES (572, 515, 1, '2021-03-28 11:17:06', 0, '2021-03-28 11:17:06', 0, 0);
INSERT INTO `auth_resources_role` VALUES (573, 516, 1, '2021-03-28 11:17:06', 0, '2021-03-28 11:17:06', 0, 0);
INSERT INTO `auth_resources_role` VALUES (574, 517, 1, '2021-03-28 11:17:06', 0, '2021-03-28 11:17:06', 0, 0);
INSERT INTO `auth_resources_role` VALUES (575, 518, 1, '2021-03-28 11:17:06', 0, '2021-03-28 11:17:06', 0, 0);
INSERT INTO `auth_resources_role` VALUES (576, 519, 1, '2021-03-28 11:17:06', 0, '2021-03-28 11:17:06', 0, 0);
INSERT INTO `auth_resources_role` VALUES (577, 520, 1, '2021-03-28 11:17:06', 0, '2021-03-28 11:17:06', 0, 0);
INSERT INTO `auth_resources_role` VALUES (578, 521, 1, '2021-03-28 11:17:06', 0, '2021-03-28 11:17:06', 0, 0);
INSERT INTO `auth_resources_role` VALUES (579, 522, 1, '2021-03-28 11:17:06', 0, '2021-03-28 11:17:06', 0, 0);
INSERT INTO `auth_resources_role` VALUES (580, 523, 1, '2021-03-28 11:17:06', 0, '2021-03-28 11:17:06', 0, 0);
INSERT INTO `auth_resources_role` VALUES (581, 524, 1, '2021-03-28 11:17:06', 0, '2021-03-28 11:17:06', 0, 0);
INSERT INTO `auth_resources_role` VALUES (582, 525, 1, '2021-03-28 11:17:06', 0, '2021-03-28 11:17:06', 0, 0);
INSERT INTO `auth_resources_role` VALUES (583, 526, 1, '2021-03-28 11:17:06', 0, '2021-03-28 11:17:06', 0, 0);
INSERT INTO `auth_resources_role` VALUES (584, 527, 1, '2021-03-28 11:17:06', 0, '2021-03-28 11:17:06', 0, 0);
INSERT INTO `auth_resources_role` VALUES (585, 528, 1, '2021-03-28 11:17:06', 0, '2021-03-28 11:17:06', 0, 0);
INSERT INTO `auth_resources_role` VALUES (586, 529, 1, '2021-03-28 11:17:06', 0, '2021-03-28 11:17:06', 0, 0);
INSERT INTO `auth_resources_role` VALUES (587, 530, 1, '2021-03-28 11:17:06', 0, '2021-03-28 11:17:06', 0, 0);
INSERT INTO `auth_resources_role` VALUES (588, 531, 1, '2021-03-28 11:17:06', 0, '2021-03-28 11:17:06', 0, 0);
INSERT INTO `auth_resources_role` VALUES (589, 532, 1, '2021-03-28 11:17:06', 0, '2021-03-28 11:17:06', 0, 0);
INSERT INTO `auth_resources_role` VALUES (590, 533, 1, '2021-03-28 11:17:06', 0, '2021-03-28 11:17:06', 0, 0);
INSERT INTO `auth_resources_role` VALUES (591, 534, 1, '2021-03-28 11:17:06', 0, '2021-03-28 11:17:06', 0, 0);
INSERT INTO `auth_resources_role` VALUES (592, 535, 1, '2021-03-28 11:17:06', 0, '2021-03-28 11:17:06', 0, 0);
INSERT INTO `auth_resources_role` VALUES (593, 536, 1, '2021-03-28 11:17:06', 0, '2021-03-28 11:17:06', 0, 0);
INSERT INTO `auth_resources_role` VALUES (594, 537, 1, '2021-03-28 11:17:06', 0, '2021-03-28 11:17:06', 0, 0);
INSERT INTO `auth_resources_role` VALUES (595, 538, 1, '2021-03-28 11:17:06', 0, '2021-03-28 11:17:06', 0, 0);
INSERT INTO `auth_resources_role` VALUES (596, 539, 1, '2021-03-28 11:17:06', 0, '2021-03-28 11:17:06', 0, 0);
INSERT INTO `auth_resources_role` VALUES (597, 540, 1, '2021-03-28 11:17:06', 0, '2021-03-28 11:17:06', 0, 0);
INSERT INTO `auth_resources_role` VALUES (598, 541, 1, '2021-03-28 11:17:06', 0, '2021-03-28 11:17:06', 0, 0);
INSERT INTO `auth_resources_role` VALUES (599, 542, 1, '2021-03-28 11:17:06', 0, '2021-03-28 11:17:06', 0, 0);
INSERT INTO `auth_resources_role` VALUES (600, 543, 1, '2021-03-28 11:17:06', 0, '2021-03-28 11:17:06', 0, 0);
INSERT INTO `auth_resources_role` VALUES (601, 544, 1, '2021-03-28 11:17:06', 0, '2021-03-28 11:17:06', 0, 0);
INSERT INTO `auth_resources_role` VALUES (602, 545, 1, '2021-03-28 11:17:06', 0, '2021-03-28 11:17:06', 0, 0);
INSERT INTO `auth_resources_role` VALUES (603, 546, 1, '2021-03-28 11:17:06', 0, '2021-03-28 11:17:06', 0, 0);
INSERT INTO `auth_resources_role` VALUES (604, 547, 1, '2021-03-28 11:17:06', 0, '2021-03-28 11:17:06', 0, 0);
INSERT INTO `auth_resources_role` VALUES (605, 548, 1, '2021-03-28 11:17:06', 0, '2021-03-28 11:17:06', 0, 0);
INSERT INTO `auth_resources_role` VALUES (606, 549, 1, '2021-03-28 11:17:06', 0, '2021-03-28 11:17:06', 0, 0);
INSERT INTO `auth_resources_role` VALUES (607, 550, 1, '2021-03-28 11:17:06', 0, '2021-03-28 11:17:06', 0, 0);
INSERT INTO `auth_resources_role` VALUES (608, 551, 1, '2021-03-28 11:17:06', 0, '2021-03-28 11:17:06', 0, 0);
INSERT INTO `auth_resources_role` VALUES (609, 552, 1, '2021-03-28 11:17:06', 0, '2021-03-28 11:17:06', 0, 0);
INSERT INTO `auth_resources_role` VALUES (610, 553, 1, '2021-03-28 11:17:06', 0, '2021-03-28 11:17:06', 0, 0);
INSERT INTO `auth_resources_role` VALUES (611, 554, 1, '2021-03-28 11:17:06', 0, '2021-03-28 11:17:06', 0, 0);
INSERT INTO `auth_resources_role` VALUES (612, 555, 1, '2021-03-28 11:17:06', 0, '2021-03-28 11:17:06', 0, 0);
INSERT INTO `auth_resources_role` VALUES (613, 556, 1, '2021-03-28 11:17:06', 0, '2021-03-28 11:17:06', 0, 0);
INSERT INTO `auth_resources_role` VALUES (614, 557, 1, '2021-03-28 11:17:06', 0, '2021-03-28 11:17:06', 0, 0);
INSERT INTO `auth_resources_role` VALUES (615, 558, 1, '2021-03-28 11:17:06', 0, '2021-03-28 11:17:06', 0, 0);
INSERT INTO `auth_resources_role` VALUES (616, 559, 1, '2021-03-28 11:17:06', 0, '2021-03-28 11:17:06', 0, 0);
INSERT INTO `auth_resources_role` VALUES (617, 560, 1, '2021-03-28 11:17:06', 0, '2021-03-28 11:17:06', 0, 0);
INSERT INTO `auth_resources_role` VALUES (618, 561, 1, '2021-03-28 11:17:06', 0, '2021-03-28 11:17:06', 0, 0);
INSERT INTO `auth_resources_role` VALUES (619, 562, 1, '2021-03-28 11:17:06', 0, '2021-03-28 11:17:06', 0, 0);
INSERT INTO `auth_resources_role` VALUES (620, 563, 1, '2021-03-28 11:17:06', 0, '2021-03-28 11:17:06', 0, 0);
INSERT INTO `auth_resources_role` VALUES (621, 564, 1, '2021-03-28 11:17:06', 0, '2021-03-28 11:17:06', 0, 0);
INSERT INTO `auth_resources_role` VALUES (622, 565, 1, '2021-03-28 11:17:06', 0, '2021-03-28 11:17:06', 0, 0);
INSERT INTO `auth_resources_role` VALUES (623, 566, 1, '2021-03-28 11:17:06', 0, '2021-03-28 11:17:06', 0, 0);
INSERT INTO `auth_resources_role` VALUES (624, 567, 1, '2021-03-28 11:17:06', 0, '2021-03-28 11:17:06', 0, 0);
INSERT INTO `auth_resources_role` VALUES (625, 568, 1, '2021-03-28 11:17:06', 0, '2021-03-28 11:17:06', 0, 0);
INSERT INTO `auth_resources_role` VALUES (626, 569, 1, '2021-03-28 11:17:06', 0, '2021-03-28 11:17:06', 0, 0);
INSERT INTO `auth_resources_role` VALUES (627, 570, 1, '2021-03-28 11:17:06', 0, '2021-03-28 11:17:06', 0, 0);
INSERT INTO `auth_resources_role` VALUES (628, 571, 1, '2021-03-28 11:17:06', 0, '2021-03-28 11:17:06', 0, 0);
INSERT INTO `auth_resources_role` VALUES (629, 572, 1, '2021-03-28 11:17:06', 0, '2021-03-28 11:17:06', 0, 0);
INSERT INTO `auth_resources_role` VALUES (630, 573, 1, '2021-03-28 11:17:06', 0, '2021-03-28 11:17:06', 0, 0);
INSERT INTO `auth_resources_role` VALUES (631, 574, 1, '2021-03-28 11:17:06', 0, '2021-03-28 11:17:06', 0, 0);
INSERT INTO `auth_resources_role` VALUES (632, 575, 1, '2021-03-28 11:17:06', 0, '2021-03-28 11:17:06', 0, 0);
INSERT INTO `auth_resources_role` VALUES (633, 576, 1, '2021-03-28 11:17:06', 0, '2021-03-28 11:17:06', 0, 0);
INSERT INTO `auth_resources_role` VALUES (634, 577, 1, '2021-03-28 11:17:06', 0, '2021-03-28 11:17:06', 0, 0);
INSERT INTO `auth_resources_role` VALUES (635, 578, 1, '2021-03-28 11:17:06', 0, '2021-03-28 11:17:06', 0, 0);
INSERT INTO `auth_resources_role` VALUES (636, 579, 1, '2021-03-28 11:17:07', 0, '2021-03-28 11:17:07', 0, 0);
INSERT INTO `auth_resources_role` VALUES (637, 580, 1, '2021-03-28 11:17:07', 0, '2021-03-28 11:17:07', 0, 0);
INSERT INTO `auth_resources_role` VALUES (638, 581, 1, '2021-03-28 11:17:07', 0, '2021-03-28 11:17:07', 0, 0);
INSERT INTO `auth_resources_role` VALUES (639, 582, 1, '2021-03-28 11:17:07', 0, '2021-03-28 11:17:07', 0, 0);
INSERT INTO `auth_resources_role` VALUES (640, 583, 1, '2021-03-28 11:17:07', 0, '2021-03-28 11:17:07', 0, 0);
INSERT INTO `auth_resources_role` VALUES (641, 584, 1, '2021-03-28 11:17:07', 0, '2021-03-28 11:17:07', 0, 0);
INSERT INTO `auth_resources_role` VALUES (642, 585, 1, '2021-03-28 11:17:07', 0, '2021-03-28 11:17:07', 0, 0);
INSERT INTO `auth_resources_role` VALUES (643, 586, 1, '2021-03-28 11:17:07', 0, '2021-03-28 11:17:07', 0, 0);
INSERT INTO `auth_resources_role` VALUES (644, 587, 1, '2021-03-28 11:17:07', 0, '2021-03-28 11:17:07', 0, 0);
INSERT INTO `auth_resources_role` VALUES (645, 588, 1, '2021-03-28 11:17:07', 0, '2021-03-28 11:17:07', 0, 0);
INSERT INTO `auth_resources_role` VALUES (646, 589, 1, '2021-03-28 11:17:07', 0, '2021-03-28 11:17:07', 0, 0);
INSERT INTO `auth_resources_role` VALUES (647, 590, 1, '2021-03-28 11:17:07', 0, '2021-03-28 11:17:07', 0, 0);
INSERT INTO `auth_resources_role` VALUES (648, 591, 1, '2021-03-28 11:17:07', 0, '2021-03-28 11:17:07', 0, 0);
INSERT INTO `auth_resources_role` VALUES (649, 592, 1, '2021-03-28 11:17:07', 0, '2021-03-28 11:17:07', 0, 0);
INSERT INTO `auth_resources_role` VALUES (650, 593, 1, '2021-03-28 11:17:07', 0, '2021-03-28 11:17:07', 0, 0);
INSERT INTO `auth_resources_role` VALUES (651, 594, 1, '2021-03-28 11:17:07', 0, '2021-03-28 11:17:07', 0, 0);
INSERT INTO `auth_resources_role` VALUES (652, 595, 1, '2021-03-28 11:17:07', 0, '2021-03-28 11:17:07', 0, 0);
INSERT INTO `auth_resources_role` VALUES (653, 596, 1, '2021-03-28 11:17:07', 0, '2021-03-28 11:17:07', 0, 0);
INSERT INTO `auth_resources_role` VALUES (654, 597, 1, '2021-03-28 11:17:07', 0, '2021-03-28 11:17:07', 0, 0);
INSERT INTO `auth_resources_role` VALUES (655, 598, 1, '2021-03-28 11:17:07', 0, '2021-03-28 11:17:07', 0, 0);
INSERT INTO `auth_resources_role` VALUES (656, 599, 1, '2021-03-28 11:17:07', 0, '2021-03-28 11:17:07', 0, 0);
INSERT INTO `auth_resources_role` VALUES (657, 600, 1, '2021-03-28 11:17:07', 0, '2021-03-28 11:17:07', 0, 0);
INSERT INTO `auth_resources_role` VALUES (658, 601, 1, '2021-03-28 11:17:07', 0, '2021-03-28 11:17:07', 0, 0);
INSERT INTO `auth_resources_role` VALUES (659, 602, 1, '2021-03-28 11:17:07', 0, '2021-03-28 11:17:07', 0, 0);
INSERT INTO `auth_resources_role` VALUES (660, 603, 1, '2021-03-28 11:17:07', 0, '2021-03-28 11:17:07', 0, 0);
INSERT INTO `auth_resources_role` VALUES (661, 604, 1, '2021-03-28 11:17:07', 0, '2021-03-28 11:17:07', 0, 0);
INSERT INTO `auth_resources_role` VALUES (662, 605, 1, '2021-03-28 11:17:07', 0, '2021-03-28 11:17:07', 0, 0);
INSERT INTO `auth_resources_role` VALUES (663, 606, 1, '2021-03-28 11:17:07', 0, '2021-03-28 11:17:07', 0, 0);
INSERT INTO `auth_resources_role` VALUES (664, 607, 1, '2021-03-28 11:17:07', 0, '2021-03-28 11:17:07', 0, 0);
INSERT INTO `auth_resources_role` VALUES (665, 608, 1, '2021-03-28 11:17:07', 0, '2021-03-28 11:17:07', 0, 0);
INSERT INTO `auth_resources_role` VALUES (666, 609, 1, '2021-03-28 11:17:07', 0, '2021-03-28 11:17:07', 0, 0);
INSERT INTO `auth_resources_role` VALUES (667, 610, 1, '2021-03-28 11:17:07', 0, '2021-03-28 11:17:07', 0, 0);
INSERT INTO `auth_resources_role` VALUES (668, 611, 1, '2021-03-28 11:17:07', 0, '2021-03-28 11:17:07', 0, 0);
INSERT INTO `auth_resources_role` VALUES (669, 612, 1, '2021-03-28 11:17:07', 0, '2021-03-28 11:17:07', 0, 0);
INSERT INTO `auth_resources_role` VALUES (670, 613, 1, '2021-03-28 11:17:07', 0, '2021-03-28 11:17:07', 0, 0);
INSERT INTO `auth_resources_role` VALUES (671, 614, 1, '2021-03-28 11:17:07', 0, '2021-03-28 11:17:07', 0, 0);
INSERT INTO `auth_resources_role` VALUES (672, 615, 1, '2021-03-28 11:17:07', 0, '2021-03-28 11:17:07', 0, 0);
INSERT INTO `auth_resources_role` VALUES (673, 616, 1, '2021-03-28 11:17:07', 0, '2021-03-28 11:17:07', 0, 0);
INSERT INTO `auth_resources_role` VALUES (674, 617, 1, '2021-03-28 11:17:07', 0, '2021-03-28 11:17:07', 0, 0);
INSERT INTO `auth_resources_role` VALUES (675, 618, 1, '2021-03-28 18:27:37', 0, '2021-03-28 18:27:37', 0, 0);
INSERT INTO `auth_resources_role` VALUES (676, 619, 1, '2021-03-28 18:27:37', 0, '2021-03-28 18:27:37', 0, 0);
INSERT INTO `auth_resources_role` VALUES (677, 620, 1, '2021-03-28 18:27:37', 0, '2021-03-28 18:27:37', 0, 0);
INSERT INTO `auth_resources_role` VALUES (678, 621, 1, '2021-03-28 18:27:37', 0, '2021-03-28 18:27:37', 0, 0);
INSERT INTO `auth_resources_role` VALUES (679, 622, 1, '2021-03-28 18:27:37', 0, '2021-03-28 18:27:37', 0, 0);
INSERT INTO `auth_resources_role` VALUES (680, 623, 1, '2021-03-28 18:27:37', 0, '2021-03-28 18:27:37', 0, 0);
INSERT INTO `auth_resources_role` VALUES (681, 624, 1, '2021-03-28 18:27:37', 0, '2021-03-28 18:27:37', 0, 0);
INSERT INTO `auth_resources_role` VALUES (682, 625, 1, '2021-03-28 18:27:37', 0, '2021-03-28 18:27:37', 0, 0);
INSERT INTO `auth_resources_role` VALUES (683, 626, 1, '2021-03-28 18:27:37', 0, '2021-03-28 18:27:37', 0, 0);
INSERT INTO `auth_resources_role` VALUES (684, 627, 1, '2021-03-28 18:27:37', 0, '2021-03-28 18:27:37', 0, 0);
INSERT INTO `auth_resources_role` VALUES (685, 628, 1, '2021-03-28 18:27:37', 0, '2021-03-28 18:27:37', 0, 0);

-- ----------------------------
-- Table structure for auth_role
-- ----------------------------
DROP TABLE IF EXISTS `auth_role`;
CREATE TABLE `auth_role`  (
  `id` int(11) NOT NULL AUTO_INCREMENT COMMENT '主键',
  `name` varchar(50) CHARACTER SET utf8 COLLATE utf8_general_ci NOT NULL COMMENT '角色名称',
  `description` varchar(255) CHARACTER SET utf8 COLLATE utf8_general_ci NOT NULL COMMENT '角色描述信息',
  `create_time` datetime(0) NOT NULL DEFAULT CURRENT_TIMESTAMP COMMENT '数据库数据插入时间',
  `create_user_id` int(11) NOT NULL DEFAULT 0 COMMENT '数据库数据插入用户主键',
  `update_time` datetime(0) NOT NULL DEFAULT CURRENT_TIMESTAMP ON UPDATE CURRENT_TIMESTAMP(0) COMMENT '数据库数据更新时间',
  `update_user_id` int(11) NOT NULL DEFAULT 0 COMMENT '数据库数据更新用户主键',
  `deleted` tinyint(1) NOT NULL DEFAULT 0 COMMENT '逻辑删除标识，0为正常，1为逻辑删除，默认为0',
  PRIMARY KEY (`id`) USING BTREE
) ENGINE = InnoDB AUTO_INCREMENT = 4 CHARACTER SET = utf8mb4 COLLATE = utf8mb4_general_ci COMMENT = '系统角色表' ROW_FORMAT = Compact;

-- ----------------------------
-- Records of auth_role
-- ----------------------------
INSERT INTO `auth_role` VALUES (1, 'root', 'root权限，系统的最高权限', '2021-01-03 16:22:28', 0, '2021-01-03 16:22:28', 0, 0);
INSERT INTO `auth_role` VALUES (2, 'admin', 'admin权限，管理员权限', '2021-01-03 16:33:03', 0, '2021-01-03 16:33:03', 0, 0);
INSERT INTO `auth_role` VALUES (3, 'user', '普通用户权限', '2021-01-03 16:33:03', 0, '2021-01-03 16:55:00', 0, 0);

-- ----------------------------
-- Table structure for auth_user
-- ----------------------------
DROP TABLE IF EXISTS `auth_user`;
CREATE TABLE `auth_user`  (
  `id` int(11) NOT NULL AUTO_INCREMENT COMMENT '账号在线人数',
  `username` varchar(50) CHARACTER SET utf8 COLLATE utf8_general_ci NOT NULL COMMENT '用户名称',
  `password` varchar(255) CHARACTER SET utf8 COLLATE utf8_general_ci NOT NULL COMMENT '用户密码',
  `enabled` tinyint(1) NOT NULL DEFAULT 1 COMMENT '账号是否启用，1为启用，0为禁用，默认为1',
  `locked` tinyint(1) NOT NULL DEFAULT 0 COMMENT '账号是否锁定，1为锁定，0为未锁定，默认为0',
  `account_expire` tinyint(1) NOT NULL DEFAULT 0 COMMENT '账号是否过期，1为过期，0为未过期，默认为0',
  `password_expire` tinyint(1) NOT NULL DEFAULT 0 COMMENT '密码是否过期，1为过期，0为未过期，默认为0',
  `create_time` datetime(0) NOT NULL DEFAULT CURRENT_TIMESTAMP COMMENT '数据库数据插入时间',
  `create_user_id` int(11) NOT NULL DEFAULT 0 COMMENT '数据库数据插入用户主键',
  `update_time` datetime(0) NOT NULL DEFAULT CURRENT_TIMESTAMP ON UPDATE CURRENT_TIMESTAMP(0) COMMENT '数据库数据更新时间',
  `update_user_id` int(11) NOT NULL DEFAULT 0 COMMENT '数据库数据更新用户主键',
  `deleted` tinyint(1) NOT NULL DEFAULT 0 COMMENT '逻辑删除标识，0为正常，1为逻辑删除，默认为0',
  PRIMARY KEY (`id`) USING BTREE
) ENGINE = InnoDB AUTO_INCREMENT = 25 CHARACTER SET = utf8mb4 COLLATE = utf8mb4_general_ci COMMENT = '系统用户表' ROW_FORMAT = Compact;

-- ----------------------------
-- Records of auth_user
-- ----------------------------
INSERT INTO `auth_user` VALUES (1, 'root', '$2a$10$2AbFLGrGmFV3aEDj7R2pTera/2kQtmakbItVjzFuqZVbbFhgAmcCu', 1, 0, 0, 0, '2021-01-03 16:22:28', 0, '2021-03-14 15:01:34', 1, 0);
INSERT INTO `auth_user` VALUES (2, '零', '$2a$10$1nAGkXfhU7ZoizZG.Jty1.SbafsaFPFmrTyz6Ley.hpvIHQGHxN2u', 1, 0, 0, 0, '2021-01-03 16:42:46', 1, '2021-03-13 23:30:49', 22, 0);
INSERT INTO `auth_user` VALUES (3, '天帝', '$2a$10$1nAGkXfhU7ZoizZG.Jty1.SbafsaFPFmrTyz6Ley.hpvIHQGHxN2u', 1, 0, 0, 0, '2021-01-03 16:42:57', 1, '2021-03-13 23:30:49', 1, 0);
INSERT INTO `auth_user` VALUES (4, '彦', '$2a$10$1nAGkXfhU7ZoizZG.Jty1.SbafsaFPFmrTyz6Ley.hpvIHQGHxN2u', 1, 0, 0, 0, '2021-01-03 16:43:06', 1, '2021-03-13 23:30:49', 1, 0);
INSERT INTO `auth_user` VALUES (5, '懒羊羊', '$2a$10$1nAGkXfhU7ZoizZG.Jty1.SbafsaFPFmrTyz6Ley.hpvIHQGHxN2u', 1, 0, 0, 0, '2021-01-03 16:43:13', 1, '2021-03-13 23:30:49', 1, 0);
INSERT INTO `auth_user` VALUES (6, '修罗铠甲', '$2a$10$1nAGkXfhU7ZoizZG.Jty1.SbafsaFPFmrTyz6Ley.hpvIHQGHxN2u', 1, 0, 0, 0, '2021-01-03 16:43:20', 1, '2021-03-13 23:30:49', 1, 0);
INSERT INTO `auth_user` VALUES (7, '喜羊羊', '$2a$10$1nAGkXfhU7ZoizZG.Jty1.SbafsaFPFmrTyz6Ley.hpvIHQGHxN2u', 1, 0, 0, 0, '2021-01-03 16:43:33', 1, '2021-03-13 23:30:49', 1, 0);
INSERT INTO `auth_user` VALUES (8, '凉冰', '$2a$10$1nAGkXfhU7ZoizZG.Jty1.SbafsaFPFmrTyz6Ley.hpvIHQGHxN2u', 1, 0, 0, 0, '2021-01-03 16:43:41', 1, '2021-03-13 23:30:49', 1, 0);
INSERT INTO `auth_user` VALUES (9, '凯莎女王', '$2a$10$1nAGkXfhU7ZoizZG.Jty1.SbafsaFPFmrTyz6Ley.hpvIHQGHxN2u', 1, 0, 0, 0, '2021-01-03 16:43:51', 1, '2021-03-13 23:30:49', 1, 0);
INSERT INTO `auth_user` VALUES (10, '鹤熙', '$2a$10$1nAGkXfhU7ZoizZG.Jty1.SbafsaFPFmrTyz6Ley.hpvIHQGHxN2u', 1, 0, 0, 0, '2021-01-03 16:43:59', 1, '2021-03-28 09:44:43', 1, 0);
INSERT INTO `auth_user` VALUES (11, '死神卡尔', '$2a$10$1nAGkXfhU7ZoizZG.Jty1.SbafsaFPFmrTyz6Ley.hpvIHQGHxN2u', 1, 0, 0, 0, '2021-01-03 16:44:04', 1, '2021-03-13 23:30:49', 1, 0);
INSERT INTO `auth_user` VALUES (12, '帝蕾娜', '$2a$10$1nAGkXfhU7ZoizZG.Jty1.SbafsaFPFmrTyz6Ley.hpvIHQGHxN2u', 1, 0, 0, 0, '2021-01-03 16:44:10', 1, '2021-03-13 23:30:49', 1, 0);
INSERT INTO `auth_user` VALUES (13, '刑天铠甲', '$2a$10$1nAGkXfhU7ZoizZG.Jty1.SbafsaFPFmrTyz6Ley.hpvIHQGHxN2u', 1, 0, 0, 0, '2021-01-03 16:44:22', 1, '2021-03-13 23:30:49', 1, 0);
INSERT INTO `auth_user` VALUES (14, '飞影铠甲', '$2a$10$1nAGkXfhU7ZoizZG.Jty1.SbafsaFPFmrTyz6Ley.hpvIHQGHxN2u', 1, 0, 0, 0, '2021-01-03 16:44:28', 1, '2021-03-13 23:30:49', 1, 0);
INSERT INTO `auth_user` VALUES (15, '孙悟空', '$2a$10$1nAGkXfhU7ZoizZG.Jty1.SbafsaFPFmrTyz6Ley.hpvIHQGHxN2u', 1, 0, 0, 0, '2021-01-03 16:44:41', 1, '2021-03-13 23:30:49', 1, 0);
INSERT INTO `auth_user` VALUES (16, '天下谁人不识君', '$2a$10$1nAGkXfhU7ZoizZG.Jty1.SbafsaFPFmrTyz6Ley.hpvIHQGHxN2u', 1, 0, 0, 0, '2021-01-03 16:44:49', 1, '2021-03-13 23:30:49', 1, 0);
INSERT INTO `auth_user` VALUES (17, '泽塔奥特曼', '$2a$10$1nAGkXfhU7ZoizZG.Jty1.SbafsaFPFmrTyz6Ley.hpvIHQGHxN2u', 1, 0, 0, 0, '2021-01-03 16:44:56', 1, '2021-03-13 23:30:49', 1, 0);
INSERT INTO `auth_user` VALUES (18, '天使凯拉', '$2a$10$1nAGkXfhU7ZoizZG.Jty1.SbafsaFPFmrTyz6Ley.hpvIHQGHxN2u', 1, 0, 0, 0, '2021-01-03 16:45:01', 1, '2021-03-13 23:30:49', 1, 0);
INSERT INTO `auth_user` VALUES (19, '波波', '$2a$10$1nAGkXfhU7ZoizZG.Jty1.SbafsaFPFmrTyz6Ley.hpvIHQGHxN2u', 1, 0, 0, 0, '2021-01-03 16:45:07', 1, '2021-03-13 23:30:49', 1, 0);
INSERT INTO `auth_user` VALUES (20, '刘老板', '$2a$10$1nAGkXfhU7ZoizZG.Jty1.SbafsaFPFmrTyz6Ley.hpvIHQGHxN2u', 1, 0, 0, 0, '2021-01-03 16:45:15', 1, '2021-03-13 23:30:49', 1, 0);
INSERT INTO `auth_user` VALUES (21, '池总', '$2a$10$1nAGkXfhU7ZoizZG.Jty1.SbafsaFPFmrTyz6Ley.hpvIHQGHxN2u', 1, 0, 0, 0, '2021-01-03 16:45:33', 1, '2021-03-13 23:30:49', 1, 0);
INSERT INTO `auth_user` VALUES (22, 'user', '$2a$10$1nAGkXfhU7ZoizZG.Jty1.SbafsaFPFmrTyz6Ley.hpvIHQGHxN2u', 1, 0, 0, 0, '2021-01-03 16:45:45', 1, '2021-03-13 23:30:49', 1, 0);
INSERT INTO `auth_user` VALUES (23, '赛罗奥特曼', '$2a$10$1nAGkXfhU7ZoizZG.Jty1.SbafsaFPFmrTyz6Ley.hpvIHQGHxN2u', 1, 0, 0, 0, '2021-01-16 22:49:41', 1, '2021-03-21 23:35:44', 1, 1);
INSERT INTO `auth_user` VALUES (24, '测试', '$2a$10$8NATvClsCRC8l9y4m3YwNur0v5D.bus92WVdDZxsBTXSwARQ7qQBK', 1, 0, 0, 0, '2021-03-28 09:47:33', 1, '2021-03-28 09:47:33', 1, 0);

-- ----------------------------
-- Table structure for auth_user_info
-- ----------------------------
DROP TABLE IF EXISTS `auth_user_info`;
CREATE TABLE `auth_user_info`  (
  `id` int(11) NOT NULL AUTO_INCREMENT COMMENT '主键',
  `name` varchar(50) CHARACTER SET utf8mb4 COLLATE utf8mb4_general_ci NULL DEFAULT NULL COMMENT '用户姓名',
  `gender` tinyint(1) NULL DEFAULT NULL COMMENT '用户性别，1（true）为男，0（false）为女',
  `mobile` varchar(50) CHARACTER SET utf8mb4 COLLATE utf8mb4_general_ci NULL DEFAULT NULL COMMENT '用户手机号码',
  `mail` varchar(50) CHARACTER SET utf8mb4 COLLATE utf8mb4_general_ci NULL DEFAULT NULL COMMENT '用户邮箱地址',
  `birthday` date NULL DEFAULT NULL COMMENT '用户出生日期',
  `id_number` varchar(50) CHARACTER SET utf8mb4 COLLATE utf8mb4_general_ci NULL DEFAULT NULL COMMENT '用户身份证号码',
  `qq` varchar(50) CHARACTER SET utf8mb4 COLLATE utf8mb4_general_ci NULL DEFAULT NULL COMMENT '用户QQ号码',
  `we_chat` varchar(50) CHARACTER SET utf8mb4 COLLATE utf8mb4_general_ci NULL DEFAULT NULL COMMENT '用户微信号码',
  `avatar` varchar(500) CHARACTER SET utf8mb4 COLLATE utf8mb4_general_ci NULL DEFAULT NULL COMMENT '用户头像路径',
  `create_time` datetime(0) NOT NULL DEFAULT CURRENT_TIMESTAMP COMMENT '数据库数据插入时间',
  `create_user_id` int(11) NOT NULL DEFAULT 0 COMMENT '数据库数据插入用户主键',
  `update_time` datetime(0) NOT NULL DEFAULT CURRENT_TIMESTAMP ON UPDATE CURRENT_TIMESTAMP(0) COMMENT '数据库数据更新时间',
  `update_user_id` int(11) NOT NULL DEFAULT 0 COMMENT '数据库数据更新用户主键',
  `deleted` tinyint(1) NOT NULL DEFAULT 0 COMMENT '逻辑删除标识，0为正常，1为逻辑删除，默认为0',
  PRIMARY KEY (`id`) USING BTREE
) ENGINE = InnoDB AUTO_INCREMENT = 25 CHARACTER SET = utf8mb4 COLLATE = utf8mb4_general_ci COMMENT = '系统用户信息表' ROW_FORMAT = Compact;

-- ----------------------------
-- Records of auth_user_info
-- ----------------------------
INSERT INTO `auth_user_info` VALUES (1, '何任鹏', 1, '17345671234', 'he.ren.peng@qq.com', '2021-01-17', '360733202101014219', '2519832582', 'H2519832582', 'http://127.0.0.1:10000/api/image/2021/3/28/a8b6c8d0-bb84-4c78-87c0-4f5e75e2b2a0.jpg', '2021-01-12 22:54:06', 1, '2021-01-19 21:19:43', 1, 0);
INSERT INTO `auth_user_info` VALUES (2, NULL, NULL, NULL, NULL, NULL, NULL, NULL, NULL, NULL, '2021-01-16 22:42:51', 0, '2021-01-16 22:42:51', 0, 0);
INSERT INTO `auth_user_info` VALUES (3, NULL, NULL, NULL, NULL, NULL, NULL, NULL, NULL, NULL, '2021-01-16 22:42:53', 0, '2021-01-16 22:42:53', 0, 0);
INSERT INTO `auth_user_info` VALUES (4, NULL, NULL, NULL, NULL, NULL, NULL, NULL, NULL, NULL, '2021-01-16 22:42:56', 0, '2021-01-16 22:42:56', 0, 0);
INSERT INTO `auth_user_info` VALUES (5, NULL, NULL, NULL, NULL, NULL, NULL, NULL, NULL, NULL, '2021-01-16 22:44:07', 0, '2021-01-16 22:44:07', 0, 0);
INSERT INTO `auth_user_info` VALUES (6, NULL, NULL, NULL, NULL, NULL, NULL, NULL, NULL, NULL, '2021-01-16 22:44:07', 0, '2021-01-16 22:44:07', 0, 0);
INSERT INTO `auth_user_info` VALUES (7, NULL, NULL, NULL, NULL, NULL, NULL, NULL, NULL, NULL, '2021-01-16 22:44:07', 0, '2021-01-16 22:44:07', 0, 0);
INSERT INTO `auth_user_info` VALUES (8, NULL, NULL, NULL, NULL, NULL, NULL, NULL, NULL, NULL, '2021-01-16 22:44:07', 0, '2021-01-16 22:44:07', 0, 0);
INSERT INTO `auth_user_info` VALUES (9, NULL, NULL, NULL, NULL, NULL, NULL, NULL, NULL, NULL, '2021-01-16 22:44:07', 0, '2021-01-16 22:44:07', 0, 0);
INSERT INTO `auth_user_info` VALUES (10, NULL, NULL, NULL, NULL, NULL, NULL, NULL, NULL, NULL, '2021-01-16 22:44:07', 0, '2021-01-16 22:44:07', 0, 0);
INSERT INTO `auth_user_info` VALUES (11, NULL, NULL, NULL, NULL, NULL, NULL, NULL, NULL, NULL, '2021-01-16 22:44:07', 0, '2021-01-16 22:44:07', 0, 0);
INSERT INTO `auth_user_info` VALUES (12, NULL, NULL, NULL, NULL, NULL, NULL, NULL, NULL, NULL, '2021-01-16 22:44:07', 0, '2021-01-16 22:44:07', 0, 0);
INSERT INTO `auth_user_info` VALUES (13, NULL, NULL, NULL, NULL, NULL, NULL, NULL, NULL, NULL, '2021-01-16 22:44:07', 0, '2021-01-16 22:44:07', 0, 0);
INSERT INTO `auth_user_info` VALUES (14, NULL, NULL, NULL, NULL, NULL, NULL, NULL, NULL, NULL, '2021-01-16 22:44:07', 0, '2021-01-16 22:44:07', 0, 0);
INSERT INTO `auth_user_info` VALUES (15, NULL, NULL, NULL, NULL, NULL, NULL, NULL, NULL, NULL, '2021-01-16 22:44:30', 0, '2021-01-16 22:44:30', 0, 0);
INSERT INTO `auth_user_info` VALUES (16, NULL, NULL, NULL, NULL, NULL, NULL, NULL, NULL, NULL, '2021-01-16 22:44:30', 0, '2021-01-16 22:44:30', 0, 0);
INSERT INTO `auth_user_info` VALUES (17, NULL, NULL, NULL, NULL, NULL, NULL, NULL, NULL, NULL, '2021-01-16 22:44:30', 0, '2021-01-16 22:44:30', 0, 0);
INSERT INTO `auth_user_info` VALUES (18, NULL, NULL, NULL, NULL, NULL, NULL, NULL, NULL, NULL, '2021-01-16 22:44:30', 0, '2021-01-16 22:44:30', 0, 0);
INSERT INTO `auth_user_info` VALUES (19, NULL, NULL, NULL, NULL, NULL, NULL, NULL, NULL, NULL, '2021-01-16 22:44:30', 0, '2021-01-16 22:44:30', 0, 0);
INSERT INTO `auth_user_info` VALUES (20, NULL, NULL, NULL, NULL, NULL, NULL, NULL, NULL, NULL, '2021-01-16 22:44:30', 0, '2021-01-16 22:44:30', 0, 0);
INSERT INTO `auth_user_info` VALUES (21, NULL, NULL, NULL, NULL, NULL, NULL, NULL, NULL, NULL, '2021-01-16 22:44:30', 0, '2021-01-16 22:44:30', 0, 0);
INSERT INTO `auth_user_info` VALUES (22, NULL, 1, NULL, NULL, NULL, NULL, NULL, NULL, NULL, '2021-01-16 22:44:30', 0, '2021-01-16 22:49:58', 22, 0);
INSERT INTO `auth_user_info` VALUES (23, NULL, NULL, NULL, NULL, NULL, NULL, NULL, NULL, NULL, '2021-01-16 22:49:41', 1, '2021-01-16 22:49:41', 1, 0);
INSERT INTO `auth_user_info` VALUES (24, NULL, NULL, NULL, NULL, NULL, NULL, NULL, NULL, NULL, '2021-03-28 09:47:33', 1, '2021-03-28 09:47:33', 1, 0);

-- ----------------------------
-- Table structure for auth_user_role
-- ----------------------------
DROP TABLE IF EXISTS `auth_user_role`;
CREATE TABLE `auth_user_role`  (
  `id` int(11) NOT NULL AUTO_INCREMENT COMMENT '主键',
  `user_id` int(11) NOT NULL COMMENT '用户主键',
  `role_id` int(11) NOT NULL COMMENT '角色主键',
  `create_time` datetime(0) NOT NULL DEFAULT CURRENT_TIMESTAMP COMMENT '数据库数据插入时间',
  `create_user_id` int(11) NOT NULL DEFAULT 0 COMMENT '数据库数据插入用户主键',
  `update_time` datetime(0) NOT NULL DEFAULT CURRENT_TIMESTAMP ON UPDATE CURRENT_TIMESTAMP(0) COMMENT '数据库数据更新时间',
  `update_user_id` int(11) NOT NULL DEFAULT 0 COMMENT '数据库数据更新用户主键',
  `deleted` tinyint(1) NOT NULL DEFAULT 0 COMMENT '逻辑删除标识，0为正常，1为逻辑删除，默认为0',
  PRIMARY KEY (`id`) USING BTREE
) ENGINE = InnoDB AUTO_INCREMENT = 23 CHARACTER SET = utf8mb4 COLLATE = utf8mb4_general_ci COMMENT = '用户角色关系表' ROW_FORMAT = Compact;

-- ----------------------------
-- Records of auth_user_role
-- ----------------------------
INSERT INTO `auth_user_role` VALUES (1, 1, 1, '2021-01-03 16:22:28', 0, '2021-01-03 16:22:28', 0, 0);
INSERT INTO `auth_user_role` VALUES (2, 2, 3, '2021-01-03 16:42:48', 1, '2021-01-03 16:42:48', 1, 0);
INSERT INTO `auth_user_role` VALUES (3, 3, 3, '2021-01-03 16:42:58', 1, '2021-01-03 16:42:58', 1, 0);
INSERT INTO `auth_user_role` VALUES (4, 4, 3, '2021-01-03 16:43:23', 1, '2021-01-03 16:43:23', 1, 0);
INSERT INTO `auth_user_role` VALUES (5, 5, 3, '2021-01-03 16:43:25', 1, '2021-01-03 16:43:25', 1, 0);
INSERT INTO `auth_user_role` VALUES (6, 6, 3, '2021-01-03 16:43:26', 1, '2021-01-03 16:43:26', 1, 0);
INSERT INTO `auth_user_role` VALUES (7, 7, 3, '2021-01-03 16:43:35', 1, '2021-01-03 16:43:35', 1, 0);
INSERT INTO `auth_user_role` VALUES (8, 8, 3, '2021-01-03 16:43:43', 1, '2021-01-03 16:43:43', 1, 0);
INSERT INTO `auth_user_role` VALUES (9, 9, 3, '2021-01-03 16:43:53', 1, '2021-01-03 16:43:53', 1, 0);
INSERT INTO `auth_user_role` VALUES (10, 10, 3, '2021-01-03 16:44:12', 1, '2021-01-03 16:44:12', 1, 0);
INSERT INTO `auth_user_role` VALUES (11, 11, 3, '2021-01-03 16:44:14', 1, '2021-01-03 16:44:14', 1, 0);
INSERT INTO `auth_user_role` VALUES (12, 12, 3, '2021-01-03 16:44:16', 1, '2021-01-03 16:44:16', 1, 0);
INSERT INTO `auth_user_role` VALUES (13, 13, 3, '2021-01-03 16:44:29', 1, '2021-01-03 16:44:29', 1, 0);
INSERT INTO `auth_user_role` VALUES (14, 14, 3, '2021-01-03 16:44:31', 1, '2021-01-03 16:44:31', 1, 0);
INSERT INTO `auth_user_role` VALUES (15, 15, 3, '2021-01-03 16:44:43', 1, '2021-01-03 16:44:43', 1, 0);
INSERT INTO `auth_user_role` VALUES (16, 16, 3, '2021-01-03 16:45:16', 1, '2021-01-03 16:45:16', 1, 0);
INSERT INTO `auth_user_role` VALUES (17, 17, 3, '2021-01-03 16:45:18', 1, '2021-01-03 16:45:18', 1, 0);
INSERT INTO `auth_user_role` VALUES (18, 18, 3, '2021-01-03 16:45:19', 1, '2021-01-03 16:45:19', 1, 0);
INSERT INTO `auth_user_role` VALUES (19, 19, 3, '2021-01-03 16:45:20', 1, '2021-01-03 16:45:20', 1, 0);
INSERT INTO `auth_user_role` VALUES (20, 20, 3, '2021-01-03 16:45:22', 1, '2021-01-03 16:45:22', 1, 0);
INSERT INTO `auth_user_role` VALUES (21, 21, 3, '2021-01-03 16:45:36', 1, '2021-01-03 16:45:36', 1, 0);
INSERT INTO `auth_user_role` VALUES (22, 22, 3, '2021-01-03 16:45:47', 1, '2021-01-03 16:45:47', 1, 0);

-- ----------------------------
-- Table structure for dev_table_column
-- ----------------------------
DROP TABLE IF EXISTS `dev_table_column`;
CREATE TABLE `dev_table_column`  (
  `id` int(11) NOT NULL AUTO_INCREMENT COMMENT '主键',
  `name` varchar(50) CHARACTER SET utf8 COLLATE utf8_general_ci NOT NULL COMMENT '字段名称',
  `database_type` varchar(50) CHARACTER SET utf8 COLLATE utf8_general_ci NOT NULL COMMENT '字段类型',
  `comment` varchar(255) CHARACTER SET utf8 COLLATE utf8_general_ci NOT NULL COMMENT '字段注释',
  `java_name` varchar(50) CHARACTER SET utf8 COLLATE utf8_general_ci NOT NULL COMMENT 'Java属性名称',
  `java_type` varchar(50) CHARACTER SET utf8 COLLATE utf8_general_ci NOT NULL COMMENT '数据类型对应的Java类型',
  `jdbc_type` varchar(50) CHARACTER SET utf8 COLLATE utf8_general_ci NOT NULL COMMENT '数据类型对应的jdbc类型',
  `query` tinyint(1) NOT NULL DEFAULT 0 COMMENT '是否为查询字段',
  `sort` int(11) NOT NULL COMMENT '字段排序顺序，数据库默认升序排序',
  `table_info_id` int(11) NOT NULL COMMENT '表信息主键，关联dev_table_info表的主键',
  `create_time` datetime(0) NOT NULL DEFAULT CURRENT_TIMESTAMP COMMENT '数据库数据插入时间',
  `create_user_id` int(11) NOT NULL DEFAULT 0 COMMENT '数据库数据插入用户主键',
  `update_time` datetime(0) NOT NULL DEFAULT CURRENT_TIMESTAMP ON UPDATE CURRENT_TIMESTAMP(0) COMMENT '数据库数据更新时间',
  `update_user_id` int(11) NOT NULL DEFAULT 0 COMMENT '数据库数据更新用户主键',
  `deleted` tinyint(1) NOT NULL DEFAULT 0 COMMENT '逻辑删除标识，0为正常，1为逻辑删除，默认为0',
  PRIMARY KEY (`id`) USING BTREE
) ENGINE = InnoDB AUTO_INCREMENT = 162 CHARACTER SET = utf8mb4 COLLATE = utf8mb4_general_ci COMMENT = '系统数据库表字段信息表' ROW_FORMAT = Compact;

-- ----------------------------
-- Records of dev_table_column
-- ----------------------------
INSERT INTO `dev_table_column` VALUES (146, 'id', 'int(11)', '主键', 'id', 'Integer', 'INTEGER', 0, 1, 12, '2021-03-29 19:57:38', 1, '2021-03-29 19:57:38', 1, 0);
INSERT INTO `dev_table_column` VALUES (147, 'user_id', 'int(11)', '登录用户主键', 'userId', 'Integer', 'INTEGER', 0, 2, 12, '2021-03-29 19:57:38', 1, '2021-03-29 19:57:38', 1, 0);
INSERT INTO `dev_table_column` VALUES (148, 'ip', 'varchar(50)', '登录的IP地址', 'ip', 'String', 'VARCHAR', 0, 3, 12, '2021-03-29 19:57:38', 1, '2021-03-29 19:57:38', 1, 0);
INSERT INTO `dev_table_column` VALUES (149, 'country', 'varchar(100)', '登录现实地址，国家', 'country', 'String', 'VARCHAR', 0, 4, 12, '2021-03-29 19:57:38', 1, '2021-03-29 19:57:38', 1, 0);
INSERT INTO `dev_table_column` VALUES (150, 'region', 'varchar(100)', '登录现实地址，区域，省', 'region', 'String', 'VARCHAR', 0, 5, 12, '2021-03-29 19:57:38', 1, '2021-03-29 19:57:38', 1, 0);
INSERT INTO `dev_table_column` VALUES (151, 'city', 'varchar(100)', '登录现实地址，城市', 'city', 'String', 'VARCHAR', 1, 6, 12, '2021-03-29 19:57:38', 1, '2021-03-31 21:05:25', 1, 0);
INSERT INTO `dev_table_column` VALUES (152, 'isp', 'varchar(100)', '因特网提供商', 'isp', 'String', 'VARCHAR', 1, 7, 12, '2021-03-29 19:57:38', 1, '2021-03-31 21:05:20', 1, 0);
INSERT INTO `dev_table_column` VALUES (153, 'login_time', 'datetime', '登录时间', 'loginTime', 'Date', 'TIMESTAMP', 0, 8, 12, '2021-03-29 19:57:38', 1, '2021-03-29 19:57:38', 1, 0);
INSERT INTO `dev_table_column` VALUES (154, 'token_id', 'varchar(100)', 'tokenId', 'tokenId', 'String', 'VARCHAR', 0, 9, 12, '2021-03-29 19:57:38', 1, '2021-03-29 19:57:38', 1, 0);
INSERT INTO `dev_table_column` VALUES (155, 'logout_time', 'datetime', '登出时间，默认为登录时间+token失效时间，登出时更新', 'logoutTime', 'Date', 'TIMESTAMP', 0, 10, 12, '2021-03-29 19:57:38', 1, '2021-03-29 19:57:38', 1, 0);
INSERT INTO `dev_table_column` VALUES (156, 'logout', 'tinyint(1)', '是否主动登出，默认为0', 'logout', 'Boolean', 'BOOLEAN', 0, 11, 12, '2021-03-29 19:57:38', 1, '2021-03-29 19:57:38', 1, 0);
INSERT INTO `dev_table_column` VALUES (157, 'create_time', 'datetime', '数据库数据插入时间', 'createTime', 'Date', 'TIMESTAMP', 0, 12, 12, '2021-03-29 19:57:38', 1, '2021-03-29 19:57:38', 1, 0);
INSERT INTO `dev_table_column` VALUES (158, 'create_user_id', 'int(11)', '数据库数据插入用户主键', 'createUserId', 'Integer', 'INTEGER', 0, 13, 12, '2021-03-29 19:57:38', 1, '2021-03-29 19:57:38', 1, 0);
INSERT INTO `dev_table_column` VALUES (159, 'update_time', 'datetime', '数据库数据更新时间', 'updateTime', 'Date', 'TIMESTAMP', 0, 14, 12, '2021-03-29 19:57:38', 1, '2021-03-29 19:57:38', 1, 0);
INSERT INTO `dev_table_column` VALUES (160, 'update_user_id', 'int(11)', '数据库数据更新用户主键', 'updateUserId', 'Integer', 'INTEGER', 0, 15, 12, '2021-03-29 19:57:38', 1, '2021-03-29 19:57:38', 1, 0);
INSERT INTO `dev_table_column` VALUES (161, 'deleted', 'tinyint(1)', '逻辑删除标识，0为正常，1为逻辑删除，默认为0', 'deleted', 'Boolean', 'BOOLEAN', 0, 16, 12, '2021-03-29 19:57:38', 1, '2021-03-29 19:57:38', 1, 0);

-- ----------------------------
-- Table structure for dev_table_info
-- ----------------------------
DROP TABLE IF EXISTS `dev_table_info`;
CREATE TABLE `dev_table_info`  (
  `id` int(11) NOT NULL AUTO_INCREMENT COMMENT '主键',
  `name` varchar(50) CHARACTER SET utf8 COLLATE utf8_general_ci NOT NULL COMMENT '表名称',
  `comment` varchar(50) CHARACTER SET utf8 COLLATE utf8_general_ci NOT NULL COMMENT '表注释',
  `entity_name` varchar(50) CHARACTER SET utf8 COLLATE utf8_general_ci NOT NULL COMMENT '实体类名称',
  `request_mapping` varchar(50) CHARACTER SET utf8mb4 COLLATE utf8mb4_general_ci NOT NULL COMMENT '类请求路径',
  `java_package_name` varchar(50) CHARACTER SET utf8 COLLATE utf8_general_ci NOT NULL COMMENT '包前缀名称',
  `java_code_path` varchar(50) CHARACTER SET utf8 COLLATE utf8_general_ci NOT NULL COMMENT 'Java代码生成路径',
  `vue_code_path` varchar(50) CHARACTER SET utf8mb4 COLLATE utf8mb4_general_ci NOT NULL COMMENT 'vue代码生成路径',
  `vue_package` varchar(50) CHARACTER SET utf8mb4 COLLATE utf8mb4_general_ci NOT NULL COMMENT 'vue包路径',
  `code_author` varchar(50) CHARACTER SET utf8 COLLATE utf8_general_ci NOT NULL COMMENT '代码作者',
  `create_time` datetime(0) NOT NULL DEFAULT CURRENT_TIMESTAMP COMMENT '数据库数据插入时间',
  `create_user_id` int(11) NOT NULL DEFAULT 0 COMMENT '数据库数据插入用户主键',
  `update_time` datetime(0) NOT NULL DEFAULT CURRENT_TIMESTAMP ON UPDATE CURRENT_TIMESTAMP(0) COMMENT '数据库数据更新时间',
  `update_user_id` int(11) NOT NULL DEFAULT 0 COMMENT '数据库数据更新用户主键',
  `deleted` tinyint(1) NOT NULL DEFAULT 0 COMMENT '逻辑删除标识，0为正常，1为逻辑删除，默认为0',
  PRIMARY KEY (`id`) USING BTREE
) ENGINE = InnoDB AUTO_INCREMENT = 13 CHARACTER SET = utf8mb4 COLLATE = utf8mb4_general_ci COMMENT = '系统数据库表信息表' ROW_FORMAT = Compact;

-- ----------------------------
-- Records of dev_table_info
-- ----------------------------
INSERT INTO `dev_table_info` VALUES (12, 'auth_login_log', '系统账号登录日志表', 'LoginLog', 'login/log', 'com.auth', 'G:\\\\', 'G:\\\\', 'system.login-log', 'herenpeng', '2021-03-29 19:57:38', 1, '2021-03-30 21:31:32', 1, 0);

-- ----------------------------
-- Table structure for sys_log
-- ----------------------------
DROP TABLE IF EXISTS `sys_log`;
CREATE TABLE `sys_log`  (
  `id` int(11) NOT NULL AUTO_INCREMENT COMMENT '日志主键',
  `operation_user_id` int(11) NOT NULL COMMENT '操作日志用户主键',
  `access_time` datetime(0) NOT NULL COMMENT '访问时间',
  `ip` varchar(20) CHARACTER SET utf8 COLLATE utf8_general_ci NOT NULL COMMENT '访问ip地址',
  `uri` varchar(50) CHARACTER SET utf8 COLLATE utf8_general_ci NOT NULL COMMENT '访问的uri',
  `method_type` varchar(100) CHARACTER SET utf8 COLLATE utf8_general_ci NOT NULL COMMENT '方法类型',
  `method` varchar(100) CHARACTER SET utf8 COLLATE utf8_general_ci NOT NULL COMMENT '访问方法',
  `request_args` varchar(500) CHARACTER SET utf8mb4 COLLATE utf8mb4_general_ci NULL DEFAULT NULL COMMENT '请求参数',
  `execution_time` bigint(20) NOT NULL COMMENT '执行时间',
  `result` tinyint(1) NOT NULL COMMENT '执行结果标识，1(true)为正常，0(false)为执行异常',
  `description` varchar(255) CHARACTER SET utf8 COLLATE utf8_general_ci NULL DEFAULT NULL COMMENT '日志描述信息',
  `exception_name` varchar(255) CHARACTER SET utf8 COLLATE utf8_general_ci NULL DEFAULT NULL COMMENT '异常名称',
  `exception_message` varchar(2500) CHARACTER SET utf8 COLLATE utf8_general_ci NULL DEFAULT NULL COMMENT '异常信息',
  `create_time` datetime(0) NOT NULL DEFAULT CURRENT_TIMESTAMP COMMENT '数据库数据插入时间',
  `create_user_id` int(11) NOT NULL DEFAULT 0 COMMENT '数据库数据插入用户主键',
  `update_time` datetime(0) NOT NULL DEFAULT CURRENT_TIMESTAMP ON UPDATE CURRENT_TIMESTAMP(0) COMMENT '数据库数据更新时间',
  `update_user_id` int(11) NOT NULL DEFAULT 0 COMMENT '数据库数据更新用户主键',
  `deleted` tinyint(1) NOT NULL DEFAULT 0 COMMENT '逻辑删除标识，0为正常，1为逻辑删除，默认为0',
  PRIMARY KEY (`id`) USING BTREE
) ENGINE = InnoDB AUTO_INCREMENT = 3391 CHARACTER SET = utf8mb4 COLLATE = utf8mb4_general_ci COMMENT = '系统操作日志表' ROW_FORMAT = Compact;

-- ----------------------------
-- Records of sys_log
-- ----------------------------
INSERT INTO `sys_log` VALUES (2733, 1, '2021-03-28 10:00:48', '127.0.0.1', '/api/user/page/1', 'GET', 'class com.zero.auth.controller.UserController.page', '[1,10,{\"id\":null,\"username\":null,\"enabled\":null,\"locked\":null,\"accountExpire\":null,\"passwordExpire\":null,\"roles\":null,\"userInfo\":null,\"onlineLoginLogs\":null,\"queryRoleId\":null}]', 75, 1, '分页查询用户数据', NULL, NULL, '2021-03-28 10:00:48', 1, '2021-03-28 10:00:48', 1, 0);
INSERT INTO `sys_log` VALUES (2734, 1, '2021-03-28 10:01:38', '127.0.0.1', '/api/resources/page/1', 'GET', 'class com.zero.auth.controller.ResourcesController.page', '[1,10,{\"id\":null,\"uri\":null,\"regex\":null,\"description\":null,\"methodType\":null,\"roles\":null,\"queryRoleId\":null}]', 46, 1, '分页查询系统资源数据', NULL, NULL, '2021-03-28 10:01:37', 1, '2021-03-28 10:01:37', 1, 0);
INSERT INTO `sys_log` VALUES (2735, 1, '2021-03-28 10:01:52', '127.0.0.1', '/api/table/info/page/1', 'GET', 'class com.zero.code.generation.controller.TableInfoController.page', '[1,10,{\"id\":null,\"name\":null,\"comment\":null,\"entityName\":null,\"basePackageName\":null,\"codeGenerationPath\":null,\"codeAuthor\":null,\"tableColumnList\":null}]', 31, 1, '分页查询系统数据库表信息数据', NULL, NULL, '2021-03-28 10:01:51', 1, '2021-03-28 10:01:51', 1, 0);
INSERT INTO `sys_log` VALUES (2736, 1, '2021-03-28 10:02:35', '127.0.0.1', '/api/table/info/not/list', 'GET', 'class com.zero.code.generation.controller.TableInfoController.getNotAddList', NULL, 8, 1, '获取还没有插入数据库中的数据库表信息', NULL, NULL, '2021-03-28 10:02:35', 1, '2021-03-28 10:02:35', 1, 0);
INSERT INTO `sys_log` VALUES (2737, 1, '2021-03-28 10:02:41', '127.0.0.1', '/api/login/log/page/1', 'GET', 'class com.zero.auth.controller.LoginLogController.page', '[1,10,{\"id\":null,\"userId\":null,\"ip\":null,\"country\":null,\"region\":null,\"city\":null,\"isp\":null,\"loginTime\":null,\"tokenId\":null,\"logoutTime\":null,\"logout\":null,\"user\":null,\"queryUsername\":null,\"queryStartDate\":null,\"queryEndDate\":null,\"queryOnline\":null,\"queryAddress\":null}]', 20, 1, '分页查询系统账号登录日志表数据', NULL, NULL, '2021-03-28 10:02:41', 1, '2021-03-28 10:02:41', 1, 0);
INSERT INTO `sys_log` VALUES (2738, 1, '2021-03-28 10:02:44', '127.0.0.1', '/api/log/page/1', 'GET', 'class com.zero.sys.controller.LogController.page', '[1,10,{\"id\":null,\"operationUserId\":null,\"accessTime\":null,\"ip\":null,\"uri\":null,\"methodType\":null,\"method\":null,\"requestArgs\":null,\"executionTime\":null,\"result\":null,\"description\":null,\"exceptionName\":null,\"exceptionMessage\":null,\"user\":null,\"queryUsername\":null,\"queryStartDate\":null,\"queryEndDate\":null}]', 10, 1, '分页查询系统操作日志表数据', NULL, NULL, '2021-03-28 10:02:44', 1, '2021-03-28 10:02:44', 1, 0);
INSERT INTO `sys_log` VALUES (2739, 1, '2021-03-28 10:12:19', '127.0.0.1', '/api/log/page/1', 'GET', 'class com.zero.sys.controller.LogController.page', '[1,10,{\"id\":null,\"operationUserId\":null,\"accessTime\":null,\"ip\":null,\"uri\":null,\"methodType\":null,\"method\":null,\"requestArgs\":null,\"executionTime\":null,\"result\":null,\"description\":null,\"exceptionName\":null,\"exceptionMessage\":null,\"user\":null,\"queryUsername\":null,\"queryStartDate\":null,\"queryEndDate\":null}]', 114, 1, '分页查询系统操作日志表数据', NULL, NULL, '2021-03-28 10:12:19', 1, '2021-03-28 10:12:19', 1, 0);
INSERT INTO `sys_log` VALUES (2740, 1, '2021-03-28 10:14:53', '127.0.0.1', '/api/menu/route/list', 'GET', 'class com.zero.sys.controller.MenuController.routes', NULL, 32, 1, '[动态路由]获取所有启用的系统菜单', NULL, NULL, '2021-03-28 10:14:52', 1, '2021-03-28 10:14:52', 1, 0);
INSERT INTO `sys_log` VALUES (2741, 1, '2021-03-28 10:14:53', '127.0.0.1', '/api/menu/route/list', 'GET', 'class com.zero.sys.controller.MenuController.routes', NULL, 19, 1, '[动态路由]获取所有启用的系统菜单', NULL, NULL, '2021-03-28 10:14:53', 1, '2021-03-28 10:14:53', 1, 0);
INSERT INTO `sys_log` VALUES (2742, 1, '2021-03-28 10:14:55', '127.0.0.1', '/api/menu/route/list', 'GET', 'class com.zero.sys.controller.MenuController.routes', NULL, 17, 1, '[动态路由]获取所有启用的系统菜单', NULL, NULL, '2021-03-28 10:14:55', 1, '2021-03-28 10:14:55', 1, 0);
INSERT INTO `sys_log` VALUES (2743, 1, '2021-03-28 10:14:55', '127.0.0.1', '/api/menu/route/list', 'GET', 'class com.zero.sys.controller.MenuController.routes', NULL, 16, 1, '[动态路由]获取所有启用的系统菜单', NULL, NULL, '2021-03-28 10:14:55', 1, '2021-03-28 10:14:55', 1, 0);
INSERT INTO `sys_log` VALUES (2744, 1, '2021-03-28 10:15:06', '127.0.0.1', '/api/menu/route/list', 'GET', 'class com.zero.sys.controller.MenuController.routes', NULL, 15, 1, '[动态路由]获取所有启用的系统菜单', NULL, NULL, '2021-03-28 10:15:05', 1, '2021-03-28 10:15:05', 1, 0);
INSERT INTO `sys_log` VALUES (2745, 1, '2021-03-28 10:15:06', '127.0.0.1', '/api/menu/route/list', 'GET', 'class com.zero.sys.controller.MenuController.routes', NULL, 15, 1, '[动态路由]获取所有启用的系统菜单', NULL, NULL, '2021-03-28 10:15:05', 1, '2021-03-28 10:15:05', 1, 0);
INSERT INTO `sys_log` VALUES (2746, 1, '2021-03-28 10:15:36', '127.0.0.1', '/api/menu/route/list', 'GET', 'class com.zero.sys.controller.MenuController.routes', NULL, 20, 1, '[动态路由]获取所有启用的系统菜单', NULL, NULL, '2021-03-28 10:15:51', 1, '2021-03-28 10:15:51', 1, 0);
INSERT INTO `sys_log` VALUES (2747, 1, '2021-03-28 10:16:03', '127.0.0.1', '/api/menu/route/list', 'GET', 'class com.zero.sys.controller.MenuController.routes', NULL, 16, 1, '[动态路由]获取所有启用的系统菜单', NULL, NULL, '2021-03-28 10:16:17', 1, '2021-03-28 10:16:17', 1, 0);
INSERT INTO `sys_log` VALUES (2748, 1, '2021-03-28 10:16:23', '127.0.0.1', '/api/menu/route/list', 'GET', 'class com.zero.sys.controller.MenuController.routes', NULL, 16, 1, '[动态路由]获取所有启用的系统菜单', NULL, NULL, '2021-03-28 10:16:23', 1, '2021-03-28 10:16:23', 1, 0);
INSERT INTO `sys_log` VALUES (2749, 1, '2021-03-28 10:16:24', '127.0.0.1', '/api/menu/route/list', 'GET', 'class com.zero.sys.controller.MenuController.routes', NULL, 16, 1, '[动态路由]获取所有启用的系统菜单', NULL, NULL, '2021-03-28 10:16:23', 1, '2021-03-28 10:16:23', 1, 0);
INSERT INTO `sys_log` VALUES (2750, 1, '2021-03-28 10:16:29', '127.0.0.1', '/api/menu/route/list', 'GET', 'class com.zero.sys.controller.MenuController.routes', NULL, 14, 1, '[动态路由]获取所有启用的系统菜单', NULL, NULL, '2021-03-28 10:16:28', 1, '2021-03-28 10:16:28', 1, 0);
INSERT INTO `sys_log` VALUES (2751, 1, '2021-03-28 10:16:29', '127.0.0.1', '/api/menu/route/list', 'GET', 'class com.zero.sys.controller.MenuController.routes', NULL, 17, 1, '[动态路由]获取所有启用的系统菜单', NULL, NULL, '2021-03-28 10:16:28', 1, '2021-03-28 10:16:28', 1, 0);
INSERT INTO `sys_log` VALUES (2752, 1, '2021-03-28 10:20:52', '127.0.0.1', '/api/menu/route/list', 'GET', 'class com.zero.sys.controller.MenuController.routes', NULL, 55, 1, '[动态路由]获取所有启用的系统菜单', NULL, NULL, '2021-03-28 10:20:51', 1, '2021-03-28 10:20:51', 1, 0);
INSERT INTO `sys_log` VALUES (2753, 1, '2021-03-28 10:20:52', '127.0.0.1', '/api/menu/route/list', 'GET', 'class com.zero.sys.controller.MenuController.routes', NULL, 21, 1, '[动态路由]获取所有启用的系统菜单', NULL, NULL, '2021-03-28 10:20:51', 1, '2021-03-28 10:20:51', 1, 0);
INSERT INTO `sys_log` VALUES (2754, 1, '2021-03-28 10:20:53', '127.0.0.1', '/api/log/page/1', 'GET', 'class com.zero.sys.controller.LogController.page', '[1,10,{\"id\":null,\"operationUserId\":null,\"accessTime\":null,\"ip\":null,\"uri\":null,\"methodType\":null,\"method\":null,\"requestArgs\":null,\"executionTime\":null,\"result\":null,\"description\":null,\"exceptionName\":null,\"exceptionMessage\":null,\"user\":null,\"queryUsername\":null,\"queryStartDate\":null,\"queryEndDate\":null}]', 121, 1, '分页查询系统操作日志表数据', NULL, NULL, '2021-03-28 10:20:52', 1, '2021-03-28 10:20:52', 1, 0);
INSERT INTO `sys_log` VALUES (2755, 1, '2021-03-28 10:20:59', '127.0.0.1', '/api/user/page/1', 'GET', 'class com.zero.auth.controller.UserController.page', '[1,10,{\"id\":null,\"username\":null,\"enabled\":null,\"locked\":null,\"accountExpire\":null,\"passwordExpire\":null,\"roles\":null,\"userInfo\":null,\"onlineLoginLogs\":null,\"queryRoleId\":null}]', 51, 1, '分页查询用户数据', NULL, NULL, '2021-03-28 10:20:58', 1, '2021-03-28 10:20:58', 1, 0);
INSERT INTO `sys_log` VALUES (2756, 1, '2021-03-28 10:21:13', '127.0.0.1', '/api/log/page/1', 'GET', 'class com.zero.sys.controller.LogController.page', '[1,10,{\"id\":null,\"operationUserId\":null,\"accessTime\":null,\"ip\":null,\"uri\":null,\"methodType\":null,\"method\":null,\"requestArgs\":null,\"executionTime\":null,\"result\":null,\"description\":null,\"exceptionName\":null,\"exceptionMessage\":null,\"user\":null,\"queryUsername\":null,\"queryStartDate\":null,\"queryEndDate\":null}]', 10, 1, '分页查询系统操作日志表数据', NULL, NULL, '2021-03-28 10:21:13', 1, '2021-03-28 10:21:13', 1, 0);
INSERT INTO `sys_log` VALUES (2757, 1, '2021-03-28 10:22:29', '127.0.0.1', '/api/menu/route/list', 'GET', 'class com.zero.sys.controller.MenuController.routes', NULL, 32, 1, '[动态路由]获取所有启用的系统菜单', NULL, NULL, '2021-03-28 10:22:28', 1, '2021-03-28 10:22:28', 1, 0);
INSERT INTO `sys_log` VALUES (2758, 1, '2021-03-28 10:22:29', '127.0.0.1', '/api/menu/route/list', 'GET', 'class com.zero.sys.controller.MenuController.routes', NULL, 15, 1, '[动态路由]获取所有启用的系统菜单', NULL, NULL, '2021-03-28 10:22:28', 1, '2021-03-28 10:22:28', 1, 0);
INSERT INTO `sys_log` VALUES (2759, 1, '2021-03-28 10:28:44', '127.0.0.1', '/api/menu/route/list', 'GET', 'class com.zero.sys.controller.MenuController.routes', NULL, 20, 1, '[动态路由]获取所有启用的系统菜单', NULL, NULL, '2021-03-28 10:28:43', 1, '2021-03-28 10:28:43', 1, 0);
INSERT INTO `sys_log` VALUES (2760, 1, '2021-03-28 10:29:03', '127.0.0.1', '/api/log/page/1', 'GET', 'class com.zero.sys.controller.LogController.page', '[1,10,{\"id\":null,\"operationUserId\":null,\"accessTime\":null,\"ip\":null,\"uri\":null,\"methodType\":null,\"method\":null,\"requestArgs\":null,\"executionTime\":null,\"result\":null,\"description\":null,\"exceptionName\":null,\"exceptionMessage\":null,\"user\":null,\"queryUsername\":null,\"queryStartDate\":null,\"queryEndDate\":null}]', 10, 1, '分页查询系统操作日志表数据', NULL, NULL, '2021-03-28 10:29:03', 1, '2021-03-28 10:29:03', 1, 0);
INSERT INTO `sys_log` VALUES (2761, 1, '2021-03-28 10:30:48', '127.0.0.1', '/api/log/page/1', 'GET', 'class com.zero.sys.controller.LogController.page', '[1,10,{\"id\":null,\"operationUserId\":null,\"accessTime\":null,\"ip\":null,\"uri\":null,\"methodType\":null,\"method\":null,\"requestArgs\":null,\"executionTime\":null,\"result\":null,\"description\":null,\"exceptionName\":null,\"exceptionMessage\":null,\"user\":null,\"queryUsername\":null,\"queryStartDate\":null,\"queryEndDate\":null}]', 10, 1, '分页查询系统操作日志表数据', NULL, NULL, '2021-03-28 10:30:48', 1, '2021-03-28 10:30:48', 1, 0);
INSERT INTO `sys_log` VALUES (2762, 1, '2021-03-28 10:33:48', '127.0.0.1', '/api/menu/route/list', 'GET', 'class com.zero.sys.controller.MenuController.routes', NULL, 22, 1, '[动态路由]获取所有启用的系统菜单', NULL, NULL, '2021-03-28 10:33:48', 1, '2021-03-28 10:33:48', 1, 0);
INSERT INTO `sys_log` VALUES (2763, 1, '2021-03-28 10:33:48', '127.0.0.1', '/api/menu/route/list', 'GET', 'class com.zero.sys.controller.MenuController.routes', NULL, 9, 1, '[动态路由]获取所有启用的系统菜单', NULL, NULL, '2021-03-28 10:33:48', 1, '2021-03-28 10:33:48', 1, 0);
INSERT INTO `sys_log` VALUES (2764, 1, '2021-03-28 10:33:49', '127.0.0.1', '/api/log/page/1', 'GET', 'class com.zero.sys.controller.LogController.page', '[1,10,{\"id\":null,\"operationUserId\":null,\"accessTime\":null,\"ip\":null,\"uri\":null,\"methodType\":null,\"method\":null,\"requestArgs\":null,\"executionTime\":null,\"result\":null,\"description\":null,\"exceptionName\":null,\"exceptionMessage\":null,\"user\":null,\"queryUsername\":null,\"queryStartDate\":null,\"queryEndDate\":null}]', 20, 1, '分页查询系统操作日志表数据', NULL, NULL, '2021-03-28 10:33:49', 1, '2021-03-28 10:33:49', 1, 0);
INSERT INTO `sys_log` VALUES (2765, 1, '2021-03-28 10:34:27', '127.0.0.1', '/api/user/page/1', 'GET', 'class com.zero.auth.controller.UserController.page', '[1,10,{\"id\":null,\"username\":null,\"enabled\":null,\"locked\":null,\"accountExpire\":null,\"passwordExpire\":null,\"roles\":null,\"userInfo\":null,\"onlineLoginLogs\":null,\"queryRoleId\":null}]', 41, 1, '分页查询用户数据', NULL, NULL, '2021-03-28 10:34:27', 1, '2021-03-28 10:34:27', 1, 0);
INSERT INTO `sys_log` VALUES (2766, 1, '2021-03-28 10:34:33', '127.0.0.1', '/api/user/page/3', 'GET', 'class com.zero.auth.controller.UserController.page', '[3,10,{\"id\":null,\"username\":null,\"enabled\":null,\"locked\":null,\"accountExpire\":null,\"passwordExpire\":null,\"roles\":null,\"userInfo\":null,\"onlineLoginLogs\":null,\"queryRoleId\":null}]', 16, 1, '分页查询用户数据', NULL, NULL, '2021-03-28 10:34:32', 1, '2021-03-28 10:34:32', 1, 0);
INSERT INTO `sys_log` VALUES (2767, 1, '2021-03-28 10:34:35', '127.0.0.1', '/api/user/page/2', 'GET', 'class com.zero.auth.controller.UserController.page', '[2,10,{\"id\":null,\"username\":null,\"enabled\":null,\"locked\":null,\"accountExpire\":null,\"passwordExpire\":null,\"roles\":null,\"userInfo\":null,\"onlineLoginLogs\":null,\"queryRoleId\":null}]', 26, 1, '分页查询用户数据', NULL, NULL, '2021-03-28 10:34:34', 1, '2021-03-28 10:34:34', 1, 0);
INSERT INTO `sys_log` VALUES (2768, 1, '2021-03-28 10:34:36', '127.0.0.1', '/api/user/page/1', 'GET', 'class com.zero.auth.controller.UserController.page', '[1,10,{\"id\":null,\"username\":null,\"enabled\":null,\"locked\":null,\"accountExpire\":null,\"passwordExpire\":null,\"roles\":null,\"userInfo\":null,\"onlineLoginLogs\":null,\"queryRoleId\":null}]', 27, 1, '分页查询用户数据', NULL, NULL, '2021-03-28 10:34:35', 1, '2021-03-28 10:34:35', 1, 0);
INSERT INTO `sys_log` VALUES (2769, 1, '2021-03-28 10:34:40', '127.0.0.1', '/api/menu/route/list', 'GET', 'class com.zero.sys.controller.MenuController.routes', NULL, 18, 1, '[动态路由]获取所有启用的系统菜单', NULL, NULL, '2021-03-28 10:34:40', 1, '2021-03-28 10:34:40', 1, 0);
INSERT INTO `sys_log` VALUES (2770, 1, '2021-03-28 10:34:41', '127.0.0.1', '/api/menu/route/list', 'GET', 'class com.zero.sys.controller.MenuController.routes', NULL, 11, 1, '[动态路由]获取所有启用的系统菜单', NULL, NULL, '2021-03-28 10:34:40', 1, '2021-03-28 10:34:40', 1, 0);
INSERT INTO `sys_log` VALUES (2771, 1, '2021-03-28 10:34:41', '127.0.0.1', '/api/user/page/1', 'GET', 'class com.zero.auth.controller.UserController.page', '[1,10,{\"id\":null,\"username\":null,\"enabled\":null,\"locked\":null,\"accountExpire\":null,\"passwordExpire\":null,\"roles\":null,\"userInfo\":null,\"onlineLoginLogs\":null,\"queryRoleId\":null}]', 41, 1, '分页查询用户数据', NULL, NULL, '2021-03-28 10:34:41', 1, '2021-03-28 10:34:41', 1, 0);
INSERT INTO `sys_log` VALUES (2772, 1, '2021-03-28 10:35:49', '127.0.0.1', '/api/role/page/1', 'GET', 'class com.zero.auth.controller.RoleController.page', '[1,10,{\"id\":null,\"name\":null,\"description\":null}]', 271, 1, '分页查询角色数据', NULL, NULL, '2021-03-28 10:35:49', 1, '2021-03-28 10:35:49', 1, 0);
INSERT INTO `sys_log` VALUES (2773, 1, '2021-03-28 10:35:53', '127.0.0.1', '/api/user/page/1', 'GET', 'class com.zero.auth.controller.UserController.page', '[1,10,{\"id\":null,\"username\":null,\"enabled\":null,\"locked\":null,\"accountExpire\":null,\"passwordExpire\":null,\"roles\":null,\"userInfo\":null,\"onlineLoginLogs\":null,\"queryRoleId\":null}]', 58, 1, '分页查询用户数据', NULL, NULL, '2021-03-28 10:35:52', 1, '2021-03-28 10:35:52', 1, 0);
INSERT INTO `sys_log` VALUES (2774, 1, '2021-03-28 10:36:05', '127.0.0.1', '/api/menu/route/list', 'GET', 'class com.zero.sys.controller.MenuController.routes', NULL, 45, 1, '[动态路由]获取所有启用的系统菜单', NULL, NULL, '2021-03-28 10:36:05', 1, '2021-03-28 10:36:05', 1, 0);
INSERT INTO `sys_log` VALUES (2775, 1, '2021-03-28 10:36:05', '127.0.0.1', '/api/menu/route/list', 'GET', 'class com.zero.sys.controller.MenuController.routes', NULL, 17, 1, '[动态路由]获取所有启用的系统菜单', NULL, NULL, '2021-03-28 10:36:05', 1, '2021-03-28 10:36:05', 1, 0);
INSERT INTO `sys_log` VALUES (2776, 1, '2021-03-28 10:36:06', '127.0.0.1', '/api/user/page/1', 'GET', 'class com.zero.auth.controller.UserController.page', '[1,10,{\"id\":null,\"username\":null,\"enabled\":null,\"locked\":null,\"accountExpire\":null,\"passwordExpire\":null,\"roles\":null,\"userInfo\":null,\"onlineLoginLogs\":null,\"queryRoleId\":null}]', 46, 1, '分页查询用户数据', NULL, NULL, '2021-03-28 10:36:06', 1, '2021-03-28 10:36:06', 1, 0);
INSERT INTO `sys_log` VALUES (2777, 1, '2021-03-28 10:37:31', '127.0.0.1', '/api/role/page/1', 'GET', 'class com.zero.auth.controller.RoleController.page', '[1,10,{\"id\":null,\"name\":null,\"description\":null}]', 86, 1, '分页查询角色数据', NULL, NULL, '2021-03-28 10:37:31', 1, '2021-03-28 10:37:31', 1, 0);
INSERT INTO `sys_log` VALUES (2778, 1, '2021-03-28 10:38:30', '127.0.0.1', '/api/menu/route/list', 'GET', 'class com.zero.sys.controller.MenuController.routes', NULL, 36, 1, '[动态路由]获取所有启用的系统菜单', NULL, NULL, '2021-03-28 10:38:29', 1, '2021-03-28 10:38:29', 1, 0);
INSERT INTO `sys_log` VALUES (2779, 1, '2021-03-28 10:38:30', '127.0.0.1', '/api/menu/route/list', 'GET', 'class com.zero.sys.controller.MenuController.routes', NULL, 15, 1, '[动态路由]获取所有启用的系统菜单', NULL, NULL, '2021-03-28 10:38:29', 1, '2021-03-28 10:38:29', 1, 0);
INSERT INTO `sys_log` VALUES (2780, 1, '2021-03-28 10:38:30', '127.0.0.1', '/api/role/page/1', 'GET', 'class com.zero.auth.controller.RoleController.page', '[1,10,{\"id\":null,\"name\":null,\"description\":null}]', 8, 1, '分页查询角色数据', NULL, NULL, '2021-03-28 10:38:30', 1, '2021-03-28 10:38:30', 1, 0);
INSERT INTO `sys_log` VALUES (2781, 1, '2021-03-28 10:38:44', '127.0.0.1', '/api/menu/route/list', 'GET', 'class com.zero.sys.controller.MenuController.routes', NULL, 14, 1, '[动态路由]获取所有启用的系统菜单', NULL, NULL, '2021-03-28 10:38:44', 1, '2021-03-28 10:38:44', 1, 0);
INSERT INTO `sys_log` VALUES (2782, 1, '2021-03-28 10:38:44', '127.0.0.1', '/api/menu/route/list', 'GET', 'class com.zero.sys.controller.MenuController.routes', NULL, 12, 1, '[动态路由]获取所有启用的系统菜单', NULL, NULL, '2021-03-28 10:38:44', 1, '2021-03-28 10:38:44', 1, 0);
INSERT INTO `sys_log` VALUES (2783, 1, '2021-03-28 10:38:45', '127.0.0.1', '/api/role/page/1', 'GET', 'class com.zero.auth.controller.RoleController.page', '[1,10,{\"id\":null,\"name\":null,\"description\":null}]', 7, 1, '分页查询角色数据', NULL, NULL, '2021-03-28 10:38:44', 1, '2021-03-28 10:38:44', 1, 0);
INSERT INTO `sys_log` VALUES (2784, 1, '2021-03-28 10:38:53', '127.0.0.1', '/api/user/page/1', 'GET', 'class com.zero.auth.controller.UserController.page', '[1,10,{\"id\":null,\"username\":null,\"enabled\":null,\"locked\":null,\"accountExpire\":null,\"passwordExpire\":null,\"roles\":null,\"userInfo\":null,\"onlineLoginLogs\":null,\"queryRoleId\":null}]', 44, 1, '分页查询用户数据', NULL, NULL, '2021-03-28 10:38:53', 1, '2021-03-28 10:38:53', 1, 0);
INSERT INTO `sys_log` VALUES (2785, 1, '2021-03-28 10:47:05', '127.0.0.1', '/api/menu/route/list', 'GET', 'class com.zero.sys.controller.MenuController.routes', NULL, 40, 1, '[动态路由]获取所有启用的系统菜单', NULL, NULL, '2021-03-28 10:47:05', 1, '2021-03-28 10:47:05', 1, 0);
INSERT INTO `sys_log` VALUES (2786, 1, '2021-03-28 10:47:06', '127.0.0.1', '/api/menu/route/list', 'GET', 'class com.zero.sys.controller.MenuController.routes', NULL, 17, 1, '[动态路由]获取所有启用的系统菜单', NULL, NULL, '2021-03-28 10:47:05', 1, '2021-03-28 10:47:05', 1, 0);
INSERT INTO `sys_log` VALUES (2787, 1, '2021-03-28 10:47:07', '127.0.0.1', '/api/user/page/1', 'GET', 'class com.zero.auth.controller.UserController.page', '[1,10,{\"id\":null,\"username\":null,\"enabled\":null,\"locked\":null,\"accountExpire\":null,\"passwordExpire\":null,\"roles\":null,\"userInfo\":null,\"onlineLoginLogs\":null,\"queryRoleId\":null}]', 80, 1, '分页查询用户数据', NULL, NULL, '2021-03-28 10:47:07', 1, '2021-03-28 10:47:07', 1, 0);
INSERT INTO `sys_log` VALUES (2788, 1, '2021-03-28 10:48:50', '127.0.0.1', '/api/menu/route/list', 'GET', 'class com.zero.sys.controller.MenuController.routes', NULL, 35, 1, '[动态路由]获取所有启用的系统菜单', NULL, NULL, '2021-03-28 10:48:50', 1, '2021-03-28 10:48:50', 1, 0);
INSERT INTO `sys_log` VALUES (2789, 1, '2021-03-28 10:48:51', '127.0.0.1', '/api/menu/route/list', 'GET', 'class com.zero.sys.controller.MenuController.routes', NULL, 21, 1, '[动态路由]获取所有启用的系统菜单', NULL, NULL, '2021-03-28 10:48:50', 1, '2021-03-28 10:48:50', 1, 0);
INSERT INTO `sys_log` VALUES (2790, 1, '2021-03-28 10:48:51', '127.0.0.1', '/api/user/page/1', 'GET', 'class com.zero.auth.controller.UserController.page', '[1,10,{\"id\":null,\"username\":null,\"enabled\":null,\"locked\":null,\"accountExpire\":null,\"passwordExpire\":null,\"roles\":null,\"userInfo\":null,\"onlineLoginLogs\":null,\"queryRoleId\":null}]', 177, 1, '分页查询用户数据', NULL, NULL, '2021-03-28 10:48:51', 1, '2021-03-28 10:48:51', 1, 0);
INSERT INTO `sys_log` VALUES (2791, 1, '2021-03-28 10:49:27', '127.0.0.1', '/api/log/page/1', 'GET', 'class com.zero.sys.controller.LogController.page', '[1,10,{\"id\":null,\"operationUserId\":null,\"accessTime\":null,\"ip\":null,\"uri\":null,\"methodType\":null,\"method\":null,\"requestArgs\":null,\"executionTime\":null,\"result\":null,\"description\":null,\"exceptionName\":null,\"exceptionMessage\":null,\"user\":null,\"queryUsername\":null,\"queryStartDate\":null,\"queryEndDate\":null}]', 34, 1, '分页查询系统操作日志表数据', NULL, NULL, '2021-03-28 10:49:26', 1, '2021-03-28 10:49:26', 1, 0);
INSERT INTO `sys_log` VALUES (2792, 1, '2021-03-28 10:49:45', '127.0.0.1', '/api/user/page/1', 'GET', 'class com.zero.auth.controller.UserController.page', '[1,10,{\"id\":null,\"username\":null,\"enabled\":null,\"locked\":null,\"accountExpire\":null,\"passwordExpire\":null,\"roles\":null,\"userInfo\":null,\"onlineLoginLogs\":null,\"queryRoleId\":null}]', 50, 1, '分页查询用户数据', NULL, NULL, '2021-03-28 10:49:44', 1, '2021-03-28 10:49:44', 1, 0);
INSERT INTO `sys_log` VALUES (2793, 1, '2021-03-28 10:51:58', '127.0.0.1', '/api/menu/route/list', 'GET', 'class com.zero.sys.controller.MenuController.routes', NULL, 20, 1, '[动态路由]获取所有启用的系统菜单', NULL, NULL, '2021-03-28 10:51:58', 1, '2021-03-28 10:51:58', 1, 0);
INSERT INTO `sys_log` VALUES (2794, 1, '2021-03-28 10:51:58', '127.0.0.1', '/api/menu/route/list', 'GET', 'class com.zero.sys.controller.MenuController.routes', NULL, 13, 1, '[动态路由]获取所有启用的系统菜单', NULL, NULL, '2021-03-28 10:51:58', 1, '2021-03-28 10:51:58', 1, 0);
INSERT INTO `sys_log` VALUES (2795, 1, '2021-03-28 10:51:59', '127.0.0.1', '/api/user/page/1', 'GET', 'class com.zero.auth.controller.UserController.page', '[1,10,{\"id\":null,\"username\":null,\"enabled\":null,\"locked\":null,\"accountExpire\":null,\"passwordExpire\":null,\"roles\":null,\"userInfo\":null,\"onlineLoginLogs\":null,\"queryRoleId\":null}]', 44, 1, '分页查询用户数据', NULL, NULL, '2021-03-28 10:51:58', 1, '2021-03-28 10:51:58', 1, 0);
INSERT INTO `sys_log` VALUES (2796, 1, '2021-03-28 10:54:10', '127.0.0.1', '/api/menu/route/list', 'GET', 'class com.zero.sys.controller.MenuController.routes', NULL, 20, 1, '[动态路由]获取所有启用的系统菜单', NULL, NULL, '2021-03-28 10:54:09', 1, '2021-03-28 10:54:09', 1, 0);
INSERT INTO `sys_log` VALUES (2797, 1, '2021-03-28 10:54:10', '127.0.0.1', '/api/menu/route/list', 'GET', 'class com.zero.sys.controller.MenuController.routes', NULL, 19, 1, '[动态路由]获取所有启用的系统菜单', NULL, NULL, '2021-03-28 10:54:09', 1, '2021-03-28 10:54:09', 1, 0);
INSERT INTO `sys_log` VALUES (2798, 1, '2021-03-28 10:54:11', '127.0.0.1', '/api/user/page/1', 'GET', 'class com.zero.auth.controller.UserController.page', '[1,10,{\"id\":null,\"username\":null,\"enabled\":null,\"locked\":null,\"accountExpire\":null,\"passwordExpire\":null,\"roles\":null,\"userInfo\":null,\"onlineLoginLogs\":null,\"queryRoleId\":null}]', 50, 1, '分页查询用户数据', NULL, NULL, '2021-03-28 10:54:10', 1, '2021-03-28 10:54:10', 1, 0);
INSERT INTO `sys_log` VALUES (2799, 1, '2021-03-28 10:54:22', '127.0.0.1', '/api/menu/route/list', 'GET', 'class com.zero.sys.controller.MenuController.routes', NULL, 19, 1, '[动态路由]获取所有启用的系统菜单', NULL, NULL, '2021-03-28 10:54:21', 1, '2021-03-28 10:54:21', 1, 0);
INSERT INTO `sys_log` VALUES (2800, 1, '2021-03-28 10:54:22', '127.0.0.1', '/api/menu/route/list', 'GET', 'class com.zero.sys.controller.MenuController.routes', NULL, 17, 1, '[动态路由]获取所有启用的系统菜单', NULL, NULL, '2021-03-28 10:54:21', 1, '2021-03-28 10:54:21', 1, 0);
INSERT INTO `sys_log` VALUES (2801, 1, '2021-03-28 10:54:22', '127.0.0.1', '/api/user/page/1', 'GET', 'class com.zero.auth.controller.UserController.page', '[1,10,{\"id\":null,\"username\":null,\"enabled\":null,\"locked\":null,\"accountExpire\":null,\"passwordExpire\":null,\"roles\":null,\"userInfo\":null,\"onlineLoginLogs\":null,\"queryRoleId\":null}]', 53, 1, '分页查询用户数据', NULL, NULL, '2021-03-28 10:54:22', 1, '2021-03-28 10:54:22', 1, 0);
INSERT INTO `sys_log` VALUES (2802, 1, '2021-03-28 10:54:32', '127.0.0.1', '/api/menu/route/list', 'GET', 'class com.zero.sys.controller.MenuController.routes', NULL, 18, 1, '[动态路由]获取所有启用的系统菜单', NULL, NULL, '2021-03-28 10:54:31', 1, '2021-03-28 10:54:31', 1, 0);
INSERT INTO `sys_log` VALUES (2803, 1, '2021-03-28 10:54:32', '127.0.0.1', '/api/menu/route/list', 'GET', 'class com.zero.sys.controller.MenuController.routes', NULL, 15, 1, '[动态路由]获取所有启用的系统菜单', NULL, NULL, '2021-03-28 10:54:32', 1, '2021-03-28 10:54:32', 1, 0);
INSERT INTO `sys_log` VALUES (2804, 1, '2021-03-28 10:54:33', '127.0.0.1', '/api/user/page/1', 'GET', 'class com.zero.auth.controller.UserController.page', '[1,10,{\"id\":null,\"username\":null,\"enabled\":null,\"locked\":null,\"accountExpire\":null,\"passwordExpire\":null,\"roles\":null,\"userInfo\":null,\"onlineLoginLogs\":null,\"queryRoleId\":null}]', 37, 1, '分页查询用户数据', NULL, NULL, '2021-03-28 10:54:32', 1, '2021-03-28 10:54:32', 1, 0);
INSERT INTO `sys_log` VALUES (2805, 1, '2021-03-28 10:54:53', '127.0.0.1', '/api/menu/route/list', 'GET', 'class com.zero.sys.controller.MenuController.routes', NULL, 17, 1, '[动态路由]获取所有启用的系统菜单', NULL, NULL, '2021-03-28 10:54:52', 1, '2021-03-28 10:54:52', 1, 0);
INSERT INTO `sys_log` VALUES (2806, 1, '2021-03-28 10:54:53', '127.0.0.1', '/api/menu/route/list', 'GET', 'class com.zero.sys.controller.MenuController.routes', NULL, 13, 1, '[动态路由]获取所有启用的系统菜单', NULL, NULL, '2021-03-28 10:54:52', 1, '2021-03-28 10:54:52', 1, 0);
INSERT INTO `sys_log` VALUES (2807, 1, '2021-03-28 10:54:53', '127.0.0.1', '/api/user/page/1', 'GET', 'class com.zero.auth.controller.UserController.page', '[1,10,{\"id\":null,\"username\":null,\"enabled\":null,\"locked\":null,\"accountExpire\":null,\"passwordExpire\":null,\"roles\":null,\"userInfo\":null,\"onlineLoginLogs\":null,\"queryRoleId\":null}]', 36, 1, '分页查询用户数据', NULL, NULL, '2021-03-28 10:54:53', 1, '2021-03-28 10:54:53', 1, 0);
INSERT INTO `sys_log` VALUES (2808, 1, '2021-03-28 10:54:58', '127.0.0.1', '/api/file/manage/page/1', 'GET', 'class com.zero.upload.controller.FileManageController.page', '[1,10,{\"id\":null,\"name\":null,\"type\":null,\"uri\":null,\"uploadTime\":null,\"uploadUserId\":null,\"parentId\":null,\"bakFiles\":null,\"user\":null,\"queryUsername\":null,\"queryStartDate\":null,\"queryEndDate\":null}]', 41, 1, '分页查询文件资源管理表数据', NULL, NULL, '2021-03-28 10:54:57', 1, '2021-03-28 10:54:57', 1, 0);
INSERT INTO `sys_log` VALUES (2809, 1, '2021-03-28 10:55:08', '127.0.0.1', '/api/file/manage/recover/page/1', 'GET', 'class com.zero.upload.controller.FileManageController.recoverPage', '[1,10,{\"id\":null,\"name\":null,\"type\":null,\"uri\":null,\"uploadTime\":null,\"uploadUserId\":null,\"parentId\":null,\"bakFiles\":null,\"user\":null,\"queryUsername\":null,\"queryStartDate\":null,\"queryEndDate\":null}]', 6, 1, '分页查询逻辑删除的文件资源管理表数据', NULL, NULL, '2021-03-28 10:55:08', 1, '2021-03-28 10:55:08', 1, 0);
INSERT INTO `sys_log` VALUES (2810, 1, '2021-03-28 10:55:11', '127.0.0.1', '/api/file/manage/page/1', 'GET', 'class com.zero.upload.controller.FileManageController.page', '[1,10,{\"id\":null,\"name\":null,\"type\":null,\"uri\":null,\"uploadTime\":null,\"uploadUserId\":null,\"parentId\":null,\"bakFiles\":null,\"user\":null,\"queryUsername\":null,\"queryStartDate\":null,\"queryEndDate\":null}]', 4, 1, '分页查询文件资源管理表数据', NULL, NULL, '2021-03-28 10:55:11', 1, '2021-03-28 10:55:11', 1, 0);
INSERT INTO `sys_log` VALUES (2811, 1, '2021-03-28 10:55:14', '127.0.0.1', '/api/user/recover/page/1', 'GET', 'class com.zero.auth.controller.UserController.recoverPage', '[1,10,{\"id\":null,\"username\":null,\"enabled\":null,\"locked\":null,\"accountExpire\":null,\"passwordExpire\":null,\"roles\":null,\"userInfo\":null,\"onlineLoginLogs\":null,\"queryRoleId\":null}]', 9, 1, '分页查询逻辑删除的用户数据', NULL, NULL, '2021-03-28 10:55:14', 1, '2021-03-28 10:55:14', 1, 0);
INSERT INTO `sys_log` VALUES (2812, 1, '2021-03-28 10:55:24', '127.0.0.1', '/api/menu/route/list', 'GET', 'class com.zero.sys.controller.MenuController.routes', NULL, 16, 1, '[动态路由]获取所有启用的系统菜单', NULL, NULL, '2021-03-28 10:55:23', 1, '2021-03-28 10:55:23', 1, 0);
INSERT INTO `sys_log` VALUES (2813, 1, '2021-03-28 10:55:24', '127.0.0.1', '/api/menu/route/list', 'GET', 'class com.zero.sys.controller.MenuController.routes', NULL, 17, 1, '[动态路由]获取所有启用的系统菜单', NULL, NULL, '2021-03-28 10:55:23', 1, '2021-03-28 10:55:23', 1, 0);
INSERT INTO `sys_log` VALUES (2814, 1, '2021-03-28 10:55:39', '127.0.0.1', '/api/menu/route/list', 'GET', 'class com.zero.sys.controller.MenuController.routes', NULL, 10, 1, '[动态路由]获取所有启用的系统菜单', NULL, NULL, '2021-03-28 10:55:39', 1, '2021-03-28 10:55:39', 1, 0);
INSERT INTO `sys_log` VALUES (2815, 1, '2021-03-28 10:55:39', '127.0.0.1', '/api/menu/route/list', 'GET', 'class com.zero.sys.controller.MenuController.routes', NULL, 12, 1, '[动态路由]获取所有启用的系统菜单', NULL, NULL, '2021-03-28 10:55:39', 1, '2021-03-28 10:55:39', 1, 0);
INSERT INTO `sys_log` VALUES (2816, 1, '2021-03-28 10:57:41', '127.0.0.1', '/api/menu/route/list', 'GET', 'class com.zero.sys.controller.MenuController.routes', NULL, 17, 1, '[动态路由]获取所有启用的系统菜单', NULL, NULL, '2021-03-28 10:57:40', 1, '2021-03-28 10:57:40', 1, 0);
INSERT INTO `sys_log` VALUES (2817, 1, '2021-03-28 10:57:41', '127.0.0.1', '/api/menu/route/list', 'GET', 'class com.zero.sys.controller.MenuController.routes', NULL, 16, 1, '[动态路由]获取所有启用的系统菜单', NULL, NULL, '2021-03-28 10:57:40', 1, '2021-03-28 10:57:40', 1, 0);
INSERT INTO `sys_log` VALUES (2818, 1, '2021-03-28 11:03:18', '127.0.0.1', '/api/user/page/1', 'GET', 'class com.zero.auth.controller.UserController.page', '[1,10,{\"id\":null,\"username\":null,\"enabled\":null,\"locked\":null,\"accountExpire\":null,\"passwordExpire\":null,\"roles\":null,\"userInfo\":null,\"onlineLoginLogs\":null,\"queryRoleId\":null}]', 134, 1, '分页查询用户数据', NULL, NULL, '2021-03-28 11:03:18', 1, '2021-03-28 11:03:18', 1, 0);
INSERT INTO `sys_log` VALUES (2819, 1, '2021-03-28 11:03:25', '127.0.0.1', '/api/role/page/1', 'GET', 'class com.zero.auth.controller.RoleController.page', '[1,10,{\"id\":null,\"name\":null,\"description\":null}]', 29, 1, '分页查询角色数据', NULL, NULL, '2021-03-28 11:03:24', 1, '2021-03-28 11:03:24', 1, 0);
INSERT INTO `sys_log` VALUES (2820, 1, '2021-03-28 11:03:26', '127.0.0.1', '/api/user/page/1', 'GET', 'class com.zero.auth.controller.UserController.page', '[1,10,{\"id\":null,\"username\":null,\"enabled\":null,\"locked\":null,\"accountExpire\":null,\"passwordExpire\":null,\"roles\":null,\"userInfo\":null,\"onlineLoginLogs\":null,\"queryRoleId\":null}]', 38, 1, '分页查询用户数据', NULL, NULL, '2021-03-28 11:03:26', 1, '2021-03-28 11:03:26', 1, 0);
INSERT INTO `sys_log` VALUES (2821, 1, '2021-03-28 11:03:34', '127.0.0.1', '/api/menu/route/list', 'GET', 'class com.zero.sys.controller.MenuController.routes', NULL, 29, 1, '[动态路由]获取所有启用的系统菜单', NULL, NULL, '2021-03-28 11:03:34', 1, '2021-03-28 11:03:34', 1, 0);
INSERT INTO `sys_log` VALUES (2822, 1, '2021-03-28 11:03:34', '127.0.0.1', '/api/menu/route/list', 'GET', 'class com.zero.sys.controller.MenuController.routes', NULL, 15, 1, '[动态路由]获取所有启用的系统菜单', NULL, NULL, '2021-03-28 11:03:34', 1, '2021-03-28 11:03:34', 1, 0);
INSERT INTO `sys_log` VALUES (2823, 1, '2021-03-28 11:03:35', '127.0.0.1', '/api/user/page/1', 'GET', 'class com.zero.auth.controller.UserController.page', '[1,10,{\"id\":null,\"username\":null,\"enabled\":null,\"locked\":null,\"accountExpire\":null,\"passwordExpire\":null,\"roles\":null,\"userInfo\":null,\"onlineLoginLogs\":null,\"queryRoleId\":null}]', 49, 1, '分页查询用户数据', NULL, NULL, '2021-03-28 11:03:34', 1, '2021-03-28 11:03:34', 1, 0);
INSERT INTO `sys_log` VALUES (2824, 1, '2021-03-28 11:04:01', '127.0.0.1', '/api/menu/route/list', 'GET', 'class com.zero.sys.controller.MenuController.routes', NULL, 16, 1, '[动态路由]获取所有启用的系统菜单', NULL, NULL, '2021-03-28 11:04:00', 1, '2021-03-28 11:04:00', 1, 0);
INSERT INTO `sys_log` VALUES (2825, 1, '2021-03-28 11:04:01', '127.0.0.1', '/api/menu/route/list', 'GET', 'class com.zero.sys.controller.MenuController.routes', NULL, 15, 1, '[动态路由]获取所有启用的系统菜单', NULL, NULL, '2021-03-28 11:04:00', 1, '2021-03-28 11:04:00', 1, 0);
INSERT INTO `sys_log` VALUES (2826, 1, '2021-03-28 11:04:02', '127.0.0.1', '/api/user/page/1', 'GET', 'class com.zero.auth.controller.UserController.page', '[1,10,{\"id\":null,\"username\":null,\"enabled\":null,\"locked\":null,\"accountExpire\":null,\"passwordExpire\":null,\"roles\":null,\"userInfo\":null,\"onlineLoginLogs\":null,\"queryRoleId\":null}]', 35, 1, '分页查询用户数据', NULL, NULL, '2021-03-28 11:04:01', 1, '2021-03-28 11:04:01', 1, 0);
INSERT INTO `sys_log` VALUES (2827, 1, '2021-03-28 11:04:11', '127.0.0.1', '/api/file/manage/page/1', 'GET', 'class com.zero.upload.controller.FileManageController.page', '[1,10,{\"id\":null,\"name\":null,\"type\":null,\"uri\":null,\"uploadTime\":null,\"uploadUserId\":null,\"parentId\":null,\"bakFiles\":null,\"user\":null,\"queryUsername\":null,\"queryStartDate\":null,\"queryEndDate\":null}]', 31, 1, '分页查询文件资源管理表数据', NULL, NULL, '2021-03-28 11:04:10', 1, '2021-03-28 11:04:10', 1, 0);
INSERT INTO `sys_log` VALUES (2828, 1, '2021-03-28 11:04:43', '127.0.0.1', '/api/menu/route/list', 'GET', 'class com.zero.sys.controller.MenuController.routes', NULL, 19, 1, '[动态路由]获取所有启用的系统菜单', NULL, NULL, '2021-03-28 11:04:43', 1, '2021-03-28 11:04:43', 1, 0);
INSERT INTO `sys_log` VALUES (2829, 1, '2021-03-28 11:04:43', '127.0.0.1', '/api/menu/route/list', 'GET', 'class com.zero.sys.controller.MenuController.routes', NULL, 18, 1, '[动态路由]获取所有启用的系统菜单', NULL, NULL, '2021-03-28 11:04:43', 1, '2021-03-28 11:04:43', 1, 0);
INSERT INTO `sys_log` VALUES (2830, 1, '2021-03-28 11:05:29', '127.0.0.1', '/api/menu/route/list', 'GET', 'class com.zero.sys.controller.MenuController.routes', NULL, 13, 1, '[动态路由]获取所有启用的系统菜单', NULL, NULL, '2021-03-28 11:05:29', 1, '2021-03-28 11:05:29', 1, 0);
INSERT INTO `sys_log` VALUES (2831, 1, '2021-03-28 11:05:29', '127.0.0.1', '/api/menu/route/list', 'GET', 'class com.zero.sys.controller.MenuController.routes', NULL, 14, 1, '[动态路由]获取所有启用的系统菜单', NULL, NULL, '2021-03-28 11:05:29', 1, '2021-03-28 11:05:29', 1, 0);
INSERT INTO `sys_log` VALUES (2832, 1, '2021-03-28 11:12:29', '127.0.0.1', '/api/menu/route/list', 'GET', 'class com.zero.sys.controller.MenuController.routes', NULL, 13, 1, '[动态路由]获取所有启用的系统菜单', NULL, NULL, '2021-03-28 11:12:28', 1, '2021-03-28 11:12:28', 1, 0);
INSERT INTO `sys_log` VALUES (2833, 1, '2021-03-28 11:12:29', '127.0.0.1', '/api/menu/route/list', 'GET', 'class com.zero.sys.controller.MenuController.routes', NULL, 19, 1, '[动态路由]获取所有启用的系统菜单', NULL, NULL, '2021-03-28 11:12:29', 1, '2021-03-28 11:12:29', 1, 0);
INSERT INTO `sys_log` VALUES (2834, 1, '2021-03-28 11:17:46', '127.0.0.1', '/api/menu/routes', 'GET', 'class com.zero.sys.controller.MenuController.routes', NULL, 42, 1, '[动态路由]获取所有启用的系统菜单', NULL, NULL, '2021-03-28 11:17:45', 1, '2021-03-28 11:17:45', 1, 0);
INSERT INTO `sys_log` VALUES (2835, 1, '2021-03-28 11:17:46', '127.0.0.1', '/api/menu/routes', 'GET', 'class com.zero.sys.controller.MenuController.routes', NULL, 24, 1, '[动态路由]获取所有启用的系统菜单', NULL, NULL, '2021-03-28 11:17:46', 1, '2021-03-28 11:17:46', 1, 0);
INSERT INTO `sys_log` VALUES (2836, 1, '2021-03-28 11:17:47', '127.0.0.1', '/api/user/info', 'GET', 'class com.zero.sys.controller.UserInfoController.info', NULL, 17, 1, '查询当前登录用户的信息数据', NULL, NULL, '2021-03-28 11:17:47', 1, '2021-03-28 11:17:47', 1, 0);
INSERT INTO `sys_log` VALUES (2837, 1, '2021-03-28 11:17:51', '127.0.0.1', '/api/user/page/1', 'GET', 'class com.zero.auth.controller.UserController.page', '[1,10,{\"id\":null,\"username\":null,\"enabled\":null,\"locked\":null,\"accountExpire\":null,\"passwordExpire\":null,\"roles\":null,\"userInfo\":null,\"onlineLoginLogs\":null,\"queryRoleId\":null}]', 96, 1, '分页查询用户数据', NULL, NULL, '2021-03-28 11:17:50', 1, '2021-03-28 11:17:50', 1, 0);
INSERT INTO `sys_log` VALUES (2838, 1, '2021-03-28 11:17:53', '127.0.0.1', '/api/user/info', 'GET', 'class com.zero.sys.controller.UserInfoController.info', NULL, 4, 1, '查询当前登录用户的信息数据', NULL, NULL, '2021-03-28 11:17:53', 1, '2021-03-28 11:17:53', 1, 0);
INSERT INTO `sys_log` VALUES (2839, 1, '2021-03-28 11:17:59', '127.0.0.1', '/api/user/info/avatar', 'POST', 'class com.zero.sys.controller.UserInfoController.avatar', NULL, 618, 1, '上传用户头像', NULL, NULL, '2021-03-28 11:18:00', 1, '2021-03-28 11:18:00', 1, 0);
INSERT INTO `sys_log` VALUES (2840, 1, '2021-03-28 11:18:04', '127.0.0.1', '/api/file/manage/page/1', 'GET', 'class com.zero.upload.controller.FileManageController.page', '[1,10,{\"id\":null,\"name\":null,\"type\":null,\"uri\":null,\"uploadTime\":null,\"uploadUserId\":null,\"parentId\":null,\"bakFiles\":null,\"user\":null,\"queryUsername\":null,\"queryStartDate\":null,\"queryEndDate\":null}]', 35, 1, '分页查询文件资源管理表数据', NULL, NULL, '2021-03-28 11:18:04', 1, '2021-03-28 11:18:04', 1, 0);
INSERT INTO `sys_log` VALUES (2841, 1, '2021-03-28 11:18:30', '127.0.0.1', '/api/menu/routes', 'GET', 'class com.zero.sys.controller.MenuController.routes', NULL, 21, 1, '[动态路由]获取所有启用的系统菜单', NULL, NULL, '2021-03-28 11:18:30', 1, '2021-03-28 11:18:30', 1, 0);
INSERT INTO `sys_log` VALUES (2842, 1, '2021-03-28 11:18:30', '127.0.0.1', '/api/menu/routes', 'GET', 'class com.zero.sys.controller.MenuController.routes', NULL, 13, 1, '[动态路由]获取所有启用的系统菜单', NULL, NULL, '2021-03-28 11:18:30', 1, '2021-03-28 11:18:30', 1, 0);
INSERT INTO `sys_log` VALUES (2843, 1, '2021-03-28 11:18:31', '127.0.0.1', '/api/file/manage/page/1', 'GET', 'class com.zero.upload.controller.FileManageController.page', '[1,10,{\"id\":null,\"name\":null,\"type\":null,\"uri\":null,\"uploadTime\":null,\"uploadUserId\":null,\"parentId\":null,\"bakFiles\":null,\"user\":null,\"queryUsername\":null,\"queryStartDate\":null,\"queryEndDate\":null}]', 29, 1, '分页查询文件资源管理表数据', NULL, NULL, '2021-03-28 11:18:30', 1, '2021-03-28 11:18:30', 1, 0);
INSERT INTO `sys_log` VALUES (2844, 1, '2021-03-28 11:18:34', '127.0.0.1', '/api/user/page/1', 'GET', 'class com.zero.auth.controller.UserController.page', '[1,10,{\"id\":null,\"username\":null,\"enabled\":null,\"locked\":null,\"accountExpire\":null,\"passwordExpire\":null,\"roles\":null,\"userInfo\":null,\"onlineLoginLogs\":null,\"queryRoleId\":null}]', 36, 1, '分页查询用户数据', NULL, NULL, '2021-03-28 11:18:34', 1, '2021-03-28 11:18:34', 1, 0);
INSERT INTO `sys_log` VALUES (2845, 1, '2021-03-28 11:18:37', '127.0.0.1', '/api/log/page/1', 'GET', 'class com.zero.sys.controller.LogController.page', '[1,10,{\"id\":null,\"operationUserId\":null,\"accessTime\":null,\"ip\":null,\"uri\":null,\"methodType\":null,\"method\":null,\"requestArgs\":null,\"executionTime\":null,\"result\":null,\"description\":null,\"exceptionName\":null,\"exceptionMessage\":null,\"user\":null,\"queryUsername\":null,\"queryStartDate\":null,\"queryEndDate\":null}]', 34, 1, '分页查询系统操作日志表数据', NULL, NULL, '2021-03-28 11:18:36', 1, '2021-03-28 11:18:36', 1, 0);
INSERT INTO `sys_log` VALUES (2846, 1, '2021-03-28 11:18:57', '127.0.0.1', '/api/menu/routes', 'GET', 'class com.zero.sys.controller.MenuController.routes', NULL, 19, 1, '[动态路由]获取所有启用的系统菜单', NULL, NULL, '2021-03-28 11:18:56', 1, '2021-03-28 11:18:56', 1, 0);
INSERT INTO `sys_log` VALUES (2847, 1, '2021-03-28 11:18:57', '127.0.0.1', '/api/menu/routes', 'GET', 'class com.zero.sys.controller.MenuController.routes', NULL, 13, 1, '[动态路由]获取所有启用的系统菜单', NULL, NULL, '2021-03-28 11:18:56', 1, '2021-03-28 11:18:56', 1, 0);
INSERT INTO `sys_log` VALUES (2848, 1, '2021-03-28 11:18:57', '127.0.0.1', '/api/log/page/1', 'GET', 'class com.zero.sys.controller.LogController.page', '[1,10,{\"id\":null,\"operationUserId\":null,\"accessTime\":null,\"ip\":null,\"uri\":null,\"methodType\":null,\"method\":null,\"requestArgs\":null,\"executionTime\":null,\"result\":null,\"description\":null,\"exceptionName\":null,\"exceptionMessage\":null,\"user\":null,\"queryUsername\":null,\"queryStartDate\":null,\"queryEndDate\":null}]', 25, 1, '分页查询系统操作日志表数据', NULL, NULL, '2021-03-28 11:18:57', 1, '2021-03-28 11:18:57', 1, 0);
INSERT INTO `sys_log` VALUES (2849, 1, '2021-03-28 11:20:33', '127.0.0.1', '/api/user/page/1', 'GET', 'class com.zero.auth.controller.UserController.page', '[1,10,{\"id\":null,\"username\":null,\"enabled\":null,\"locked\":null,\"accountExpire\":null,\"passwordExpire\":null,\"roles\":null,\"userInfo\":null,\"onlineLoginLogs\":null,\"queryRoleId\":null}]', 37, 1, '分页查询用户数据', NULL, NULL, '2021-03-28 11:20:33', 1, '2021-03-28 11:20:33', 1, 0);
INSERT INTO `sys_log` VALUES (2850, 1, '2021-03-28 11:20:37', '127.0.0.1', '/api/table/info/page/1', 'GET', 'class com.zero.code.generation.controller.TableInfoController.page', '[1,10,{\"id\":null,\"name\":null,\"comment\":null,\"entityName\":null,\"basePackageName\":null,\"codeGenerationPath\":null,\"codeAuthor\":null,\"tableColumnList\":null}]', 24, 1, '分页查询系统数据库表信息数据', NULL, NULL, '2021-03-28 11:20:37', 1, '2021-03-28 11:20:37', 1, 0);
INSERT INTO `sys_log` VALUES (2851, 1, '2021-03-28 11:53:20', '127.0.0.1', '/api/table/info/page/1', 'GET', 'class com.zero.code.generation.controller.TableInfoController.page', '[1,10,{\"id\":null,\"name\":null,\"comment\":null,\"entityName\":null,\"basePackageName\":null,\"codeGenerationPath\":null,\"codeAuthor\":null,\"tableColumnList\":null}]', 6, 1, '分页查询系统数据库表信息数据', NULL, NULL, '2021-03-28 11:53:20', 1, '2021-03-28 11:53:20', 1, 0);
INSERT INTO `sys_log` VALUES (2852, 1, '2021-03-28 11:53:22', '127.0.0.1', '/api/table/info/not/list', 'GET', 'class com.zero.code.generation.controller.TableInfoController.getNotAddList', NULL, 3, 1, '获取还没有插入数据库中的数据库表信息', NULL, NULL, '2021-03-28 11:53:21', 1, '2021-03-28 11:53:21', 1, 0);
INSERT INTO `sys_log` VALUES (2853, 1, '2021-03-28 11:54:16', '127.0.0.1', '/api/table/info/not/list', 'GET', 'class com.zero.code.generation.controller.TableInfoController.getNotAddList', NULL, 4, 1, '获取还没有插入数据库中的数据库表信息', NULL, NULL, '2021-03-28 11:54:15', 1, '2021-03-28 11:54:15', 1, 0);
INSERT INTO `sys_log` VALUES (2854, 1, '2021-03-28 11:54:38', '127.0.0.1', '/api/table/info', 'POST', 'class com.zero.code.generation.controller.TableInfoController.save', '[{\"id\":null,\"name\":\"auth_user\",\"comment\":\"系统用户表\",\"entityName\":\"User\",\"basePackageName\":\"com.auth\",\"codeGenerationPath\":\"F:/\",\"codeAuthor\":\"herenpeng\",\"tableColumnList\":null}]', 100, 0, '[通用方法]插入一条对应实体类的数据库记录', 'org.springframework.dao.DataIntegrityViolationException', '\r\n### Error updating database.  Cause: java.sql.SQLException: Field \'request_mapping\' doesn\'t have a default value\r\n### The error may exist in com/zero/code/generation/mapper/TableInfoMapper.java (best guess)\r\n### The error may involve com.zero.code.generation.mapper.TableInfoMapper.insert-Inline\r\n### The error occurred while setting parameters\r\n### SQL: INSERT INTO dev_table_info  ( name, comment, entity_name, base_package_name, code_generation_path, code_author,  create_user_id,  update_user_id )  VALUES  ( ?, ?, ?, ?, ?, ?,  ?,  ? )\r\n### Cause: java.sql.SQLException: Field \'request_mapping\' doesn\'t have a default value\n; Field \'request_mapping\' doesn\'t have a default value; nested exception is java.sql.SQLException: Field \'request_mapping\' doesn\'t have a default value', '2021-03-28 11:54:37', 1, '2021-03-28 11:54:37', 1, 0);
INSERT INTO `sys_log` VALUES (2855, 1, '2021-03-28 12:10:59', '127.0.0.1', '/api/menu/routes', 'GET', 'class com.zero.sys.controller.MenuController.routes', NULL, 35, 1, '[动态路由]获取所有启用的系统菜单', NULL, NULL, '2021-03-28 12:10:58', 1, '2021-03-28 12:10:58', 1, 0);
INSERT INTO `sys_log` VALUES (2856, 1, '2021-03-28 12:10:59', '127.0.0.1', '/api/menu/routes', 'GET', 'class com.zero.sys.controller.MenuController.routes', NULL, 15, 1, '[动态路由]获取所有启用的系统菜单', NULL, NULL, '2021-03-28 12:10:58', 1, '2021-03-28 12:10:58', 1, 0);
INSERT INTO `sys_log` VALUES (2857, 1, '2021-03-28 12:10:59', '127.0.0.1', '/api/table/info/page/1', 'GET', 'class com.zero.code.generation.controller.TableInfoController.page', '[1,10,{\"id\":null,\"name\":null,\"comment\":null,\"entityName\":null,\"requestMapping\":null,\"basePackageName\":null,\"codeGenerationPath\":null,\"codeAuthor\":null,\"tableColumnList\":null}]', 58, 1, '分页查询系统数据库表信息数据', NULL, NULL, '2021-03-28 12:10:59', 1, '2021-03-28 12:10:59', 1, 0);
INSERT INTO `sys_log` VALUES (2858, 1, '2021-03-28 14:33:51', '127.0.0.1', '/api/menu/routes', 'GET', 'class com.zero.sys.controller.MenuController.routes', NULL, 20, 1, '[动态路由]获取所有启用的系统菜单', NULL, NULL, '2021-03-28 14:33:51', 1, '2021-03-28 14:33:51', 1, 0);
INSERT INTO `sys_log` VALUES (2859, 1, '2021-03-28 14:33:51', '127.0.0.1', '/api/menu/routes', 'GET', 'class com.zero.sys.controller.MenuController.routes', NULL, 17, 1, '[动态路由]获取所有启用的系统菜单', NULL, NULL, '2021-03-28 14:33:51', 1, '2021-03-28 14:33:51', 1, 0);
INSERT INTO `sys_log` VALUES (2860, 1, '2021-03-28 14:33:53', '127.0.0.1', '/api/user/page/1', 'GET', 'class com.zero.auth.controller.UserController.page', '[1,10,{\"id\":null,\"username\":null,\"enabled\":null,\"locked\":null,\"accountExpire\":null,\"passwordExpire\":null,\"roles\":null,\"userInfo\":null,\"onlineLoginLogs\":null,\"queryRoleId\":null}]', 79, 1, '分页查询用户数据', NULL, NULL, '2021-03-28 14:33:53', 1, '2021-03-28 14:33:53', 1, 0);
INSERT INTO `sys_log` VALUES (2861, 1, '2021-03-28 14:34:18', '127.0.0.1', '/api/menu/page/1', 'GET', 'class com.zero.sys.controller.MenuController.page', '[1,10,{\"id\":null,\"path\":null,\"name\":null,\"component\":null,\"metaTitle\":null,\"metaIcon\":null,\"redirect\":null,\"sort\":null,\"enabled\":null,\"parentId\":null,\"children\":null,\"roles\":null,\"queryRoleId\":null}]', 69, 1, '分页查询系统菜单表数据', NULL, NULL, '2021-03-28 14:34:18', 1, '2021-03-28 14:34:18', 1, 0);
INSERT INTO `sys_log` VALUES (2862, 1, '2021-03-28 14:34:22', '127.0.0.1', '/api/menu/enabled/9', 'PUT', 'class com.zero.sys.controller.MenuController.enabled', '[9,false]', 13, 1, '启用或者禁用一个菜单', NULL, NULL, '2021-03-28 14:34:22', 1, '2021-03-28 14:34:22', 1, 0);
INSERT INTO `sys_log` VALUES (2863, 1, '2021-03-28 14:34:26', '127.0.0.1', '/api/menu/routes', 'GET', 'class com.zero.sys.controller.MenuController.routes', NULL, 17, 1, '[动态路由]获取所有启用的系统菜单', NULL, NULL, '2021-03-28 14:34:25', 1, '2021-03-28 14:34:25', 1, 0);
INSERT INTO `sys_log` VALUES (2864, 1, '2021-03-28 14:34:26', '127.0.0.1', '/api/menu/routes', 'GET', 'class com.zero.sys.controller.MenuController.routes', NULL, 12, 1, '[动态路由]获取所有启用的系统菜单', NULL, NULL, '2021-03-28 14:34:25', 1, '2021-03-28 14:34:25', 1, 0);
INSERT INTO `sys_log` VALUES (2865, 1, '2021-03-28 14:34:26', '127.0.0.1', '/api/menu/page/1', 'GET', 'class com.zero.sys.controller.MenuController.page', '[1,10,{\"id\":null,\"path\":null,\"name\":null,\"component\":null,\"metaTitle\":null,\"metaIcon\":null,\"redirect\":null,\"sort\":null,\"enabled\":null,\"parentId\":null,\"children\":null,\"roles\":null,\"queryRoleId\":null}]', 84, 1, '分页查询系统菜单表数据', NULL, NULL, '2021-03-28 14:34:26', 1, '2021-03-28 14:34:26', 1, 0);
INSERT INTO `sys_log` VALUES (2866, 1, '2021-03-28 14:34:44', '127.0.0.1', '/api/menu/page/1', 'GET', 'class com.zero.sys.controller.MenuController.page', '[1,10,{\"id\":null,\"path\":null,\"name\":null,\"component\":null,\"metaTitle\":null,\"metaIcon\":null,\"redirect\":null,\"sort\":null,\"enabled\":null,\"parentId\":null,\"children\":null,\"roles\":null,\"queryRoleId\":null}]', 69, 1, '分页查询系统菜单表数据', NULL, NULL, '2021-03-28 14:34:43', 1, '2021-03-28 14:34:43', 1, 0);
INSERT INTO `sys_log` VALUES (2867, 1, '2021-03-28 14:35:51', '127.0.0.1', '/api/menu/enabled/9', 'PUT', 'class com.zero.sys.controller.MenuController.enabled', '[9,true]', 9, 1, '启用或者禁用一个菜单', NULL, NULL, '2021-03-28 14:35:50', 1, '2021-03-28 14:35:50', 1, 0);
INSERT INTO `sys_log` VALUES (2868, 1, '2021-03-28 14:35:53', '127.0.0.1', '/api/menu/routes', 'GET', 'class com.zero.sys.controller.MenuController.routes', NULL, 18, 1, '[动态路由]获取所有启用的系统菜单', NULL, NULL, '2021-03-28 14:35:52', 1, '2021-03-28 14:35:52', 1, 0);
INSERT INTO `sys_log` VALUES (2869, 1, '2021-03-28 14:35:53', '127.0.0.1', '/api/menu/routes', 'GET', 'class com.zero.sys.controller.MenuController.routes', NULL, 18, 1, '[动态路由]获取所有启用的系统菜单', NULL, NULL, '2021-03-28 14:35:52', 1, '2021-03-28 14:35:52', 1, 0);
INSERT INTO `sys_log` VALUES (2870, 1, '2021-03-28 14:35:54', '127.0.0.1', '/api/menu/page/1', 'GET', 'class com.zero.sys.controller.MenuController.page', '[1,10,{\"id\":null,\"path\":null,\"name\":null,\"component\":null,\"metaTitle\":null,\"metaIcon\":null,\"redirect\":null,\"sort\":null,\"enabled\":null,\"parentId\":null,\"children\":null,\"roles\":null,\"queryRoleId\":null}]', 61, 1, '分页查询系统菜单表数据', NULL, NULL, '2021-03-28 14:35:53', 1, '2021-03-28 14:35:53', 1, 0);
INSERT INTO `sys_log` VALUES (2871, 1, '2021-03-28 14:36:28', '127.0.0.1', '/api/menu/enabled/11', 'PUT', 'class com.zero.sys.controller.MenuController.enabled', '[11,false]', 9, 1, '启用或者禁用一个菜单', NULL, NULL, '2021-03-28 14:36:27', 1, '2021-03-28 14:36:27', 1, 0);
INSERT INTO `sys_log` VALUES (2872, 1, '2021-03-28 14:36:29', '127.0.0.1', '/api/menu/routes', 'GET', 'class com.zero.sys.controller.MenuController.routes', NULL, 20, 1, '[动态路由]获取所有启用的系统菜单', NULL, NULL, '2021-03-28 14:36:29', 1, '2021-03-28 14:36:29', 1, 0);
INSERT INTO `sys_log` VALUES (2873, 1, '2021-03-28 14:36:29', '127.0.0.1', '/api/menu/routes', 'GET', 'class com.zero.sys.controller.MenuController.routes', NULL, 11, 1, '[动态路由]获取所有启用的系统菜单', NULL, NULL, '2021-03-28 14:36:29', 1, '2021-03-28 14:36:29', 1, 0);
INSERT INTO `sys_log` VALUES (2874, 1, '2021-03-28 14:36:30', '127.0.0.1', '/api/menu/page/1', 'GET', 'class com.zero.sys.controller.MenuController.page', '[1,10,{\"id\":null,\"path\":null,\"name\":null,\"component\":null,\"metaTitle\":null,\"metaIcon\":null,\"redirect\":null,\"sort\":null,\"enabled\":null,\"parentId\":null,\"children\":null,\"roles\":null,\"queryRoleId\":null}]', 71, 1, '分页查询系统菜单表数据', NULL, NULL, '2021-03-28 14:36:29', 1, '2021-03-28 14:36:29', 1, 0);
INSERT INTO `sys_log` VALUES (2875, 1, '2021-03-28 14:36:34', '127.0.0.1', '/api/menu/enabled/11', 'PUT', 'class com.zero.sys.controller.MenuController.enabled', '[11,true]', 7, 1, '启用或者禁用一个菜单', NULL, NULL, '2021-03-28 14:36:33', 1, '2021-03-28 14:36:33', 1, 0);
INSERT INTO `sys_log` VALUES (2876, 1, '2021-03-28 14:36:40', '127.0.0.1', '/api/menu/routes', 'GET', 'class com.zero.sys.controller.MenuController.routes', NULL, 17, 1, '[动态路由]获取所有启用的系统菜单', NULL, NULL, '2021-03-28 14:36:39', 1, '2021-03-28 14:36:39', 1, 0);
INSERT INTO `sys_log` VALUES (2877, 1, '2021-03-28 14:36:40', '127.0.0.1', '/api/menu/routes', 'GET', 'class com.zero.sys.controller.MenuController.routes', NULL, 17, 1, '[动态路由]获取所有启用的系统菜单', NULL, NULL, '2021-03-28 14:36:39', 1, '2021-03-28 14:36:39', 1, 0);
INSERT INTO `sys_log` VALUES (2878, 1, '2021-03-28 14:36:40', '127.0.0.1', '/api/menu/page/1', 'GET', 'class com.zero.sys.controller.MenuController.page', '[1,10,{\"id\":null,\"path\":null,\"name\":null,\"component\":null,\"metaTitle\":null,\"metaIcon\":null,\"redirect\":null,\"sort\":null,\"enabled\":null,\"parentId\":null,\"children\":null,\"roles\":null,\"queryRoleId\":null}]', 61, 1, '分页查询系统菜单表数据', NULL, NULL, '2021-03-28 14:36:40', 1, '2021-03-28 14:36:40', 1, 0);
INSERT INTO `sys_log` VALUES (2879, 1, '2021-03-28 14:37:25', '127.0.0.1', '/api/user/page/1', 'GET', 'class com.zero.auth.controller.UserController.page', '[1,10,{\"id\":null,\"username\":null,\"enabled\":null,\"locked\":null,\"accountExpire\":null,\"passwordExpire\":null,\"roles\":null,\"userInfo\":null,\"onlineLoginLogs\":null,\"queryRoleId\":null}]', 42, 1, '分页查询用户数据', NULL, NULL, '2021-03-28 14:37:25', 1, '2021-03-28 14:37:25', 1, 0);
INSERT INTO `sys_log` VALUES (2880, 1, '2021-03-28 14:38:04', '127.0.0.1', '/api/menu/routes', 'GET', 'class com.zero.sys.controller.MenuController.routes', NULL, 13, 1, '[动态路由]获取所有启用的系统菜单', NULL, NULL, '2021-03-28 14:38:03', 1, '2021-03-28 14:38:03', 1, 0);
INSERT INTO `sys_log` VALUES (2881, 1, '2021-03-28 14:38:04', '127.0.0.1', '/api/menu/routes', 'GET', 'class com.zero.sys.controller.MenuController.routes', NULL, 10, 1, '[动态路由]获取所有启用的系统菜单', NULL, NULL, '2021-03-28 14:38:03', 1, '2021-03-28 14:38:03', 1, 0);
INSERT INTO `sys_log` VALUES (2882, 1, '2021-03-28 14:38:05', '127.0.0.1', '/api/user/page/1', 'GET', 'class com.zero.auth.controller.UserController.page', '[1,10,{\"id\":null,\"username\":null,\"enabled\":null,\"locked\":null,\"accountExpire\":null,\"passwordExpire\":null,\"roles\":null,\"userInfo\":null,\"onlineLoginLogs\":null,\"queryRoleId\":null}]', 42, 1, '分页查询用户数据', NULL, NULL, '2021-03-28 14:38:04', 1, '2021-03-28 14:38:04', 1, 0);
INSERT INTO `sys_log` VALUES (2883, 1, '2021-03-28 14:50:49', '127.0.0.1', '/api/menu/page/1', 'GET', 'class com.zero.sys.controller.MenuController.page', '[1,10,{\"id\":null,\"path\":null,\"name\":null,\"component\":null,\"metaTitle\":null,\"metaIcon\":null,\"redirect\":null,\"sort\":null,\"hidden\":null,\"enabled\":null,\"parentId\":null,\"children\":null,\"roles\":null,\"queryRoleId\":null}]', 150, 1, '分页查询系统菜单表数据', NULL, NULL, '2021-03-28 14:50:49', 1, '2021-03-28 14:50:49', 1, 0);
INSERT INTO `sys_log` VALUES (2884, 1, '2021-03-28 15:04:43', '127.0.0.1', '/api/menu/routes', 'GET', 'class com.zero.sys.controller.MenuController.routes', NULL, 17, 1, '[动态路由]获取所有启用的系统菜单', NULL, NULL, '2021-03-28 15:04:43', 1, '2021-03-28 15:04:43', 1, 0);
INSERT INTO `sys_log` VALUES (2885, 1, '2021-03-28 15:04:43', '127.0.0.1', '/api/menu/routes', 'GET', 'class com.zero.sys.controller.MenuController.routes', NULL, 12, 1, '[动态路由]获取所有启用的系统菜单', NULL, NULL, '2021-03-28 15:04:43', 1, '2021-03-28 15:04:43', 1, 0);
INSERT INTO `sys_log` VALUES (2886, 1, '2021-03-28 15:04:44', '127.0.0.1', '/api/menu/page/1', 'GET', 'class com.zero.sys.controller.MenuController.page', '[1,10,{\"id\":null,\"path\":null,\"name\":null,\"component\":null,\"metaTitle\":null,\"metaIcon\":null,\"redirect\":null,\"sort\":null,\"hidden\":null,\"enabled\":null,\"parentId\":null,\"children\":null,\"roles\":null,\"queryRoleId\":null}]', 70, 1, '分页查询系统菜单表数据', NULL, NULL, '2021-03-28 15:04:43', 1, '2021-03-28 15:04:43', 1, 0);
INSERT INTO `sys_log` VALUES (2887, 1, '2021-03-28 15:06:32', '127.0.0.1', '/api/menu', 'PUT', 'class com.zero.sys.controller.MenuController.updateById', '[{\"id\":10,\"path\":\"code-generation\",\"name\":\"CodeGeneration\",\"component\":\"development/code-generation/index\",\"metaTitle\":\"代码生成\",\"metaIcon\":\"el-icon-refresh-right\",\"redirect\":null,\"sort\":1,\"hidden\":true,\"enabled\":true,\"parentId\":9,\"children\":null,\"roles\":[{\"id\":1,\"name\":\"root\",\"description\":\"root权限，系统的最高权限\"},{\"id\":3,\"name\":\"user\",\"description\":\"普通用户权限\"}],\"queryRoleId\":null}]', 14, 1, '[通用方法]更新一条对应实体类的数据库记录', NULL, NULL, '2021-03-28 15:06:32', 1, '2021-03-28 15:06:32', 1, 0);
INSERT INTO `sys_log` VALUES (2888, 1, '2021-03-28 15:06:32', '127.0.0.1', '/api/menu/page/1', 'GET', 'class com.zero.sys.controller.MenuController.page', '[1,10,{\"id\":null,\"path\":null,\"name\":null,\"component\":null,\"metaTitle\":null,\"metaIcon\":null,\"redirect\":null,\"sort\":null,\"hidden\":null,\"enabled\":null,\"parentId\":null,\"children\":null,\"roles\":null,\"queryRoleId\":null}]', 61, 1, '分页查询系统菜单表数据', NULL, NULL, '2021-03-28 15:06:32', 1, '2021-03-28 15:06:32', 1, 0);
INSERT INTO `sys_log` VALUES (2889, 1, '2021-03-28 15:06:37', '127.0.0.1', '/api/menu/routes', 'GET', 'class com.zero.sys.controller.MenuController.routes', NULL, 27, 1, '[动态路由]获取所有启用的系统菜单', NULL, NULL, '2021-03-28 15:06:37', 1, '2021-03-28 15:06:37', 1, 0);
INSERT INTO `sys_log` VALUES (2890, 1, '2021-03-28 15:06:37', '127.0.0.1', '/api/menu/routes', 'GET', 'class com.zero.sys.controller.MenuController.routes', NULL, 12, 1, '[动态路由]获取所有启用的系统菜单', NULL, NULL, '2021-03-28 15:06:37', 1, '2021-03-28 15:06:37', 1, 0);
INSERT INTO `sys_log` VALUES (2891, 1, '2021-03-28 15:06:38', '127.0.0.1', '/api/menu/page/1', 'GET', 'class com.zero.sys.controller.MenuController.page', '[1,10,{\"id\":null,\"path\":null,\"name\":null,\"component\":null,\"metaTitle\":null,\"metaIcon\":null,\"redirect\":null,\"sort\":null,\"hidden\":null,\"enabled\":null,\"parentId\":null,\"children\":null,\"roles\":null,\"queryRoleId\":null}]', 58, 1, '分页查询系统菜单表数据', NULL, NULL, '2021-03-28 15:06:37', 1, '2021-03-28 15:06:37', 1, 0);
INSERT INTO `sys_log` VALUES (2892, 1, '2021-03-28 15:06:45', '127.0.0.1', '/api/menu/page/1', 'GET', 'class com.zero.sys.controller.MenuController.page', '[1,10,{\"id\":null,\"path\":null,\"name\":null,\"component\":null,\"metaTitle\":null,\"metaIcon\":null,\"redirect\":null,\"sort\":null,\"hidden\":null,\"enabled\":null,\"parentId\":null,\"children\":null,\"roles\":null,\"queryRoleId\":null}]', 62, 1, '分页查询系统菜单表数据', NULL, NULL, '2021-03-28 15:06:45', 1, '2021-03-28 15:06:45', 1, 0);
INSERT INTO `sys_log` VALUES (2893, 1, '2021-03-28 15:07:07', '127.0.0.1', '/api/menu/page/1', 'GET', 'class com.zero.sys.controller.MenuController.page', '[1,10,{\"id\":null,\"path\":null,\"name\":null,\"component\":null,\"metaTitle\":null,\"metaIcon\":null,\"redirect\":null,\"sort\":null,\"hidden\":null,\"enabled\":null,\"parentId\":null,\"children\":null,\"roles\":null,\"queryRoleId\":null}]', 58, 1, '分页查询系统菜单表数据', NULL, NULL, '2021-03-28 15:07:06', 1, '2021-03-28 15:07:06', 1, 0);
INSERT INTO `sys_log` VALUES (2894, 1, '2021-03-28 15:07:17', '127.0.0.1', '/api/menu', 'PUT', 'class com.zero.sys.controller.MenuController.updateById', '[{\"id\":10,\"path\":\"code-generation\",\"name\":\"CodeGeneration\",\"component\":\"development/code-generation/index\",\"metaTitle\":\"代码生成\",\"metaIcon\":\"el-icon-refresh-right\",\"redirect\":null,\"sort\":1,\"hidden\":false,\"enabled\":true,\"parentId\":9,\"children\":null,\"roles\":[{\"id\":1,\"name\":\"root\",\"description\":\"root权限，系统的最高权限\"},{\"id\":3,\"name\":\"user\",\"description\":\"普通用户权限\"}],\"queryRoleId\":null}]', 5, 1, '[通用方法]更新一条对应实体类的数据库记录', NULL, NULL, '2021-03-28 15:07:16', 1, '2021-03-28 15:07:16', 1, 0);
INSERT INTO `sys_log` VALUES (2895, 1, '2021-03-28 15:07:17', '127.0.0.1', '/api/menu/page/1', 'GET', 'class com.zero.sys.controller.MenuController.page', '[1,10,{\"id\":null,\"path\":null,\"name\":null,\"component\":null,\"metaTitle\":null,\"metaIcon\":null,\"redirect\":null,\"sort\":null,\"hidden\":null,\"enabled\":null,\"parentId\":null,\"children\":null,\"roles\":null,\"queryRoleId\":null}]', 57, 1, '分页查询系统菜单表数据', NULL, NULL, '2021-03-28 15:07:17', 1, '2021-03-28 15:07:17', 1, 0);
INSERT INTO `sys_log` VALUES (2896, 1, '2021-03-28 15:07:23', '127.0.0.1', '/api/menu/routes', 'GET', 'class com.zero.sys.controller.MenuController.routes', NULL, 18, 1, '[动态路由]获取所有启用的系统菜单', NULL, NULL, '2021-03-28 15:07:23', 1, '2021-03-28 15:07:23', 1, 0);
INSERT INTO `sys_log` VALUES (2897, 1, '2021-03-28 15:07:23', '127.0.0.1', '/api/menu/routes', 'GET', 'class com.zero.sys.controller.MenuController.routes', NULL, 14, 1, '[动态路由]获取所有启用的系统菜单', NULL, NULL, '2021-03-28 15:07:23', 1, '2021-03-28 15:07:23', 1, 0);
INSERT INTO `sys_log` VALUES (2898, 1, '2021-03-28 15:07:24', '127.0.0.1', '/api/menu/page/1', 'GET', 'class com.zero.sys.controller.MenuController.page', '[1,10,{\"id\":null,\"path\":null,\"name\":null,\"component\":null,\"metaTitle\":null,\"metaIcon\":null,\"redirect\":null,\"sort\":null,\"hidden\":null,\"enabled\":null,\"parentId\":null,\"children\":null,\"roles\":null,\"queryRoleId\":null}]', 59, 1, '分页查询系统菜单表数据', NULL, NULL, '2021-03-28 15:07:23', 1, '2021-03-28 15:07:23', 1, 0);
INSERT INTO `sys_log` VALUES (2899, 1, '2021-03-28 15:07:36', '127.0.0.1', '/api/table/info/page/1', 'GET', 'class com.zero.code.generation.controller.TableInfoController.page', '[1,10,{\"id\":null,\"name\":null,\"comment\":null,\"entityName\":null,\"requestMapping\":null,\"basePackageName\":null,\"codeGenerationPath\":null,\"codeAuthor\":null,\"tableColumnList\":null}]', 13, 1, '分页查询系统数据库表信息数据', NULL, NULL, '2021-03-28 15:07:36', 1, '2021-03-28 15:07:36', 1, 0);
INSERT INTO `sys_log` VALUES (2900, 1, '2021-03-28 15:07:41', '127.0.0.1', '/api/menu/page/1', 'GET', 'class com.zero.sys.controller.MenuController.page', '[1,10,{\"id\":null,\"path\":null,\"name\":null,\"component\":null,\"metaTitle\":null,\"metaIcon\":null,\"redirect\":null,\"sort\":null,\"hidden\":null,\"enabled\":null,\"parentId\":null,\"children\":null,\"roles\":null,\"queryRoleId\":null}]', 59, 1, '分页查询系统菜单表数据', NULL, NULL, '2021-03-28 15:07:41', 1, '2021-03-28 15:07:41', 1, 0);
INSERT INTO `sys_log` VALUES (2901, 1, '2021-03-28 15:07:46', '127.0.0.1', '/api/menu', 'PUT', 'class com.zero.sys.controller.MenuController.updateById', '[{\"id\":10,\"path\":\"code-generation\",\"name\":\"CodeGeneration\",\"component\":\"development/code-generation/index\",\"metaTitle\":\"代码生成\",\"metaIcon\":\"el-icon-refresh-right\",\"redirect\":null,\"sort\":1,\"hidden\":true,\"enabled\":true,\"parentId\":9,\"children\":null,\"roles\":[{\"id\":1,\"name\":\"root\",\"description\":\"root权限，系统的最高权限\"},{\"id\":3,\"name\":\"user\",\"description\":\"普通用户权限\"}],\"queryRoleId\":null}]', 15, 1, '[通用方法]更新一条对应实体类的数据库记录', NULL, NULL, '2021-03-28 15:07:46', 1, '2021-03-28 15:07:46', 1, 0);
INSERT INTO `sys_log` VALUES (2902, 1, '2021-03-28 15:07:47', '127.0.0.1', '/api/menu/page/1', 'GET', 'class com.zero.sys.controller.MenuController.page', '[1,10,{\"id\":null,\"path\":null,\"name\":null,\"component\":null,\"metaTitle\":null,\"metaIcon\":null,\"redirect\":null,\"sort\":null,\"hidden\":null,\"enabled\":null,\"parentId\":null,\"children\":null,\"roles\":null,\"queryRoleId\":null}]', 54, 1, '分页查询系统菜单表数据', NULL, NULL, '2021-03-28 15:07:46', 1, '2021-03-28 15:07:46', 1, 0);
INSERT INTO `sys_log` VALUES (2903, 1, '2021-03-28 15:07:55', '127.0.0.1', '/api/table/info/page/1', 'GET', 'class com.zero.code.generation.controller.TableInfoController.page', '[1,10,{\"id\":null,\"name\":null,\"comment\":null,\"entityName\":null,\"requestMapping\":null,\"basePackageName\":null,\"codeGenerationPath\":null,\"codeAuthor\":null,\"tableColumnList\":null}]', 3, 1, '分页查询系统数据库表信息数据', NULL, NULL, '2021-03-28 15:07:54', 1, '2021-03-28 15:07:54', 1, 0);
INSERT INTO `sys_log` VALUES (2904, 1, '2021-03-28 15:08:00', '127.0.0.1', '/api/menu/page/1', 'GET', 'class com.zero.sys.controller.MenuController.page', '[1,10,{\"id\":null,\"path\":null,\"name\":null,\"component\":null,\"metaTitle\":null,\"metaIcon\":null,\"redirect\":null,\"sort\":null,\"hidden\":null,\"enabled\":null,\"parentId\":null,\"children\":null,\"roles\":null,\"queryRoleId\":null}]', 56, 1, '分页查询系统菜单表数据', NULL, NULL, '2021-03-28 15:08:00', 1, '2021-03-28 15:08:00', 1, 0);
INSERT INTO `sys_log` VALUES (2905, 1, '2021-03-28 15:08:04', '127.0.0.1', '/api/menu/enabled/10', 'PUT', 'class com.zero.sys.controller.MenuController.enabled', '[10,false]', 6, 1, '启用或者禁用一个菜单', NULL, NULL, '2021-03-28 15:08:04', 1, '2021-03-28 15:08:04', 1, 0);
INSERT INTO `sys_log` VALUES (2906, 1, '2021-03-28 15:08:11', '127.0.0.1', '/api/table/info/page/1', 'GET', 'class com.zero.code.generation.controller.TableInfoController.page', '[1,10,{\"id\":null,\"name\":null,\"comment\":null,\"entityName\":null,\"requestMapping\":null,\"basePackageName\":null,\"codeGenerationPath\":null,\"codeAuthor\":null,\"tableColumnList\":null}]', 4, 1, '分页查询系统数据库表信息数据', NULL, NULL, '2021-03-28 15:08:11', 1, '2021-03-28 15:08:11', 1, 0);
INSERT INTO `sys_log` VALUES (2907, 1, '2021-03-28 15:08:13', '127.0.0.1', '/api/menu/routes', 'GET', 'class com.zero.sys.controller.MenuController.routes', NULL, 18, 1, '[动态路由]获取所有启用的系统菜单', NULL, NULL, '2021-03-28 15:08:13', 1, '2021-03-28 15:08:13', 1, 0);
INSERT INTO `sys_log` VALUES (2908, 1, '2021-03-28 15:08:13', '127.0.0.1', '/api/menu/routes', 'GET', 'class com.zero.sys.controller.MenuController.routes', NULL, 10, 1, '[动态路由]获取所有启用的系统菜单', NULL, NULL, '2021-03-28 15:08:13', 1, '2021-03-28 15:08:13', 1, 0);
INSERT INTO `sys_log` VALUES (2909, 1, '2021-03-28 15:08:24', '127.0.0.1', '/api/menu/routes', 'GET', 'class com.zero.sys.controller.MenuController.routes', NULL, 17, 1, '[动态路由]获取所有启用的系统菜单', NULL, NULL, '2021-03-28 15:08:24', 1, '2021-03-28 15:08:24', 1, 0);
INSERT INTO `sys_log` VALUES (2910, 1, '2021-03-28 15:08:24', '127.0.0.1', '/api/menu/routes', 'GET', 'class com.zero.sys.controller.MenuController.routes', NULL, 9, 1, '[动态路由]获取所有启用的系统菜单', NULL, NULL, '2021-03-28 15:08:24', 1, '2021-03-28 15:08:24', 1, 0);
INSERT INTO `sys_log` VALUES (2911, 1, '2021-03-28 15:09:27', '127.0.0.1', '/api/menu/routes', 'GET', 'class com.zero.sys.controller.MenuController.routes', NULL, 16, 1, '[动态路由]获取所有启用的系统菜单', NULL, NULL, '2021-03-28 15:09:27', 1, '2021-03-28 15:09:27', 1, 0);
INSERT INTO `sys_log` VALUES (2912, 1, '2021-03-28 15:09:52', '127.0.0.1', '/api/menu/routes', 'GET', 'class com.zero.sys.controller.MenuController.routes', NULL, 8, 1, '[动态路由]获取所有启用的系统菜单', NULL, NULL, '2021-03-28 15:09:52', 1, '2021-03-28 15:09:52', 1, 0);
INSERT INTO `sys_log` VALUES (2913, 1, '2021-03-28 15:09:58', '127.0.0.1', '/api/menu/page/1', 'GET', 'class com.zero.sys.controller.MenuController.page', '[1,10,{\"id\":null,\"path\":null,\"name\":null,\"component\":null,\"metaTitle\":null,\"metaIcon\":null,\"redirect\":null,\"sort\":null,\"hidden\":null,\"enabled\":null,\"parentId\":null,\"children\":null,\"roles\":null,\"queryRoleId\":null}]', 63, 1, '分页查询系统菜单表数据', NULL, NULL, '2021-03-28 15:09:57', 1, '2021-03-28 15:09:57', 1, 0);
INSERT INTO `sys_log` VALUES (2914, 1, '2021-03-28 15:10:10', '127.0.0.1', '/api/menu/page/1', 'GET', 'class com.zero.sys.controller.MenuController.page', '[1,10,{\"id\":null,\"path\":null,\"name\":null,\"component\":null,\"metaTitle\":null,\"metaIcon\":null,\"redirect\":null,\"sort\":null,\"hidden\":null,\"enabled\":null,\"parentId\":null,\"children\":null,\"roles\":null,\"queryRoleId\":null}]', 54, 1, '分页查询系统菜单表数据', NULL, NULL, '2021-03-28 15:10:10', 1, '2021-03-28 15:10:10', 1, 0);
INSERT INTO `sys_log` VALUES (2915, 1, '2021-03-28 15:10:13', '127.0.0.1', '/api/menu/enabled/10', 'PUT', 'class com.zero.sys.controller.MenuController.enabled', '[10,true]', 5, 1, '启用或者禁用一个菜单', NULL, NULL, '2021-03-28 15:10:13', 1, '2021-03-28 15:10:13', 1, 0);
INSERT INTO `sys_log` VALUES (2916, 1, '2021-03-28 15:10:15', '127.0.0.1', '/api/menu/routes', 'GET', 'class com.zero.sys.controller.MenuController.routes', NULL, 12, 1, '[动态路由]获取所有启用的系统菜单', NULL, NULL, '2021-03-28 15:10:15', 1, '2021-03-28 15:10:15', 1, 0);
INSERT INTO `sys_log` VALUES (2917, 1, '2021-03-28 15:10:15', '127.0.0.1', '/api/menu/routes', 'GET', 'class com.zero.sys.controller.MenuController.routes', NULL, 11, 1, '[动态路由]获取所有启用的系统菜单', NULL, NULL, '2021-03-28 15:10:15', 1, '2021-03-28 15:10:15', 1, 0);
INSERT INTO `sys_log` VALUES (2918, 1, '2021-03-28 15:10:16', '127.0.0.1', '/api/menu/page/1', 'GET', 'class com.zero.sys.controller.MenuController.page', '[1,10,{\"id\":null,\"path\":null,\"name\":null,\"component\":null,\"metaTitle\":null,\"metaIcon\":null,\"redirect\":null,\"sort\":null,\"hidden\":null,\"enabled\":null,\"parentId\":null,\"children\":null,\"roles\":null,\"queryRoleId\":null}]', 42, 1, '分页查询系统菜单表数据', NULL, NULL, '2021-03-28 15:10:15', 1, '2021-03-28 15:10:15', 1, 0);
INSERT INTO `sys_log` VALUES (2919, 1, '2021-03-28 15:10:23', '127.0.0.1', '/api/menu/page/1', 'GET', 'class com.zero.sys.controller.MenuController.page', '[1,10,{\"id\":null,\"path\":null,\"name\":null,\"component\":null,\"metaTitle\":null,\"metaIcon\":null,\"redirect\":null,\"sort\":null,\"hidden\":null,\"enabled\":null,\"parentId\":null,\"children\":null,\"roles\":null,\"queryRoleId\":null}]', 70, 1, '分页查询系统菜单表数据', NULL, NULL, '2021-03-28 15:10:22', 1, '2021-03-28 15:10:22', 1, 0);
INSERT INTO `sys_log` VALUES (2920, 1, '2021-03-28 15:11:05', '127.0.0.1', '/api/table/info/page/1', 'GET', 'class com.zero.code.generation.controller.TableInfoController.page', '[1,10,{\"id\":null,\"name\":null,\"comment\":null,\"entityName\":null,\"requestMapping\":null,\"basePackageName\":null,\"codeGenerationPath\":null,\"codeAuthor\":null,\"tableColumnList\":null}]', 3, 1, '分页查询系统数据库表信息数据', NULL, NULL, '2021-03-28 15:11:05', 1, '2021-03-28 15:11:05', 1, 0);
INSERT INTO `sys_log` VALUES (2921, 1, '2021-03-28 15:11:09', '127.0.0.1', '/api/menu/page/1', 'GET', 'class com.zero.sys.controller.MenuController.page', '[1,10,{\"id\":null,\"path\":null,\"name\":null,\"component\":null,\"metaTitle\":null,\"metaIcon\":null,\"redirect\":null,\"sort\":null,\"hidden\":null,\"enabled\":null,\"parentId\":null,\"children\":null,\"roles\":null,\"queryRoleId\":null}]', 37, 1, '分页查询系统菜单表数据', NULL, NULL, '2021-03-28 15:11:08', 1, '2021-03-28 15:11:08', 1, 0);
INSERT INTO `sys_log` VALUES (2922, 1, '2021-03-28 15:11:26', '127.0.0.1', '/api/menu/enabled/10', 'PUT', 'class com.zero.sys.controller.MenuController.enabled', '[10,false]', 5, 1, '启用或者禁用一个菜单', NULL, NULL, '2021-03-28 15:11:26', 1, '2021-03-28 15:11:26', 1, 0);
INSERT INTO `sys_log` VALUES (2923, 1, '2021-03-28 15:11:28', '127.0.0.1', '/api/menu/routes', 'GET', 'class com.zero.sys.controller.MenuController.routes', NULL, 15, 1, '[动态路由]获取所有启用的系统菜单', NULL, NULL, '2021-03-28 15:11:27', 1, '2021-03-28 15:11:27', 1, 0);
INSERT INTO `sys_log` VALUES (2924, 1, '2021-03-28 15:11:28', '127.0.0.1', '/api/menu/routes', 'GET', 'class com.zero.sys.controller.MenuController.routes', NULL, 12, 1, '[动态路由]获取所有启用的系统菜单', NULL, NULL, '2021-03-28 15:11:27', 1, '2021-03-28 15:11:27', 1, 0);
INSERT INTO `sys_log` VALUES (2925, 1, '2021-03-28 15:11:29', '127.0.0.1', '/api/menu/page/1', 'GET', 'class com.zero.sys.controller.MenuController.page', '[1,10,{\"id\":null,\"path\":null,\"name\":null,\"component\":null,\"metaTitle\":null,\"metaIcon\":null,\"redirect\":null,\"sort\":null,\"hidden\":null,\"enabled\":null,\"parentId\":null,\"children\":null,\"roles\":null,\"queryRoleId\":null}]', 48, 1, '分页查询系统菜单表数据', NULL, NULL, '2021-03-28 15:11:28', 1, '2021-03-28 15:11:28', 1, 0);
INSERT INTO `sys_log` VALUES (2926, 1, '2021-03-28 15:11:37', '127.0.0.1', '/api/menu/page/1', 'GET', 'class com.zero.sys.controller.MenuController.page', '[1,10,{\"id\":null,\"path\":null,\"name\":null,\"component\":null,\"metaTitle\":null,\"metaIcon\":null,\"redirect\":null,\"sort\":null,\"hidden\":null,\"enabled\":null,\"parentId\":null,\"children\":null,\"roles\":null,\"queryRoleId\":null}]', 49, 1, '分页查询系统菜单表数据', NULL, NULL, '2021-03-28 15:11:36', 1, '2021-03-28 15:11:36', 1, 0);
INSERT INTO `sys_log` VALUES (2927, 1, '2021-03-28 15:11:40', '127.0.0.1', '/api/menu/enabled/10', 'PUT', 'class com.zero.sys.controller.MenuController.enabled', '[10,true]', 4, 1, '启用或者禁用一个菜单', NULL, NULL, '2021-03-28 15:11:39', 1, '2021-03-28 15:11:39', 1, 0);
INSERT INTO `sys_log` VALUES (2928, 1, '2021-03-28 15:11:41', '127.0.0.1', '/api/menu/routes', 'GET', 'class com.zero.sys.controller.MenuController.routes', NULL, 15, 1, '[动态路由]获取所有启用的系统菜单', NULL, NULL, '2021-03-28 15:11:40', 1, '2021-03-28 15:11:40', 1, 0);
INSERT INTO `sys_log` VALUES (2929, 1, '2021-03-28 15:11:41', '127.0.0.1', '/api/menu/routes', 'GET', 'class com.zero.sys.controller.MenuController.routes', NULL, 8, 1, '[动态路由]获取所有启用的系统菜单', NULL, NULL, '2021-03-28 15:11:40', 1, '2021-03-28 15:11:40', 1, 0);
INSERT INTO `sys_log` VALUES (2930, 1, '2021-03-28 15:11:41', '127.0.0.1', '/api/menu/page/1', 'GET', 'class com.zero.sys.controller.MenuController.page', '[1,10,{\"id\":null,\"path\":null,\"name\":null,\"component\":null,\"metaTitle\":null,\"metaIcon\":null,\"redirect\":null,\"sort\":null,\"hidden\":null,\"enabled\":null,\"parentId\":null,\"children\":null,\"roles\":null,\"queryRoleId\":null}]', 42, 1, '分页查询系统菜单表数据', NULL, NULL, '2021-03-28 15:11:41', 1, '2021-03-28 15:11:41', 1, 0);
INSERT INTO `sys_log` VALUES (2931, 1, '2021-03-28 15:11:46', '127.0.0.1', '/api/menu/page/1', 'GET', 'class com.zero.sys.controller.MenuController.page', '[1,10,{\"id\":null,\"path\":null,\"name\":null,\"component\":null,\"metaTitle\":null,\"metaIcon\":null,\"redirect\":null,\"sort\":null,\"hidden\":null,\"enabled\":null,\"parentId\":null,\"children\":null,\"roles\":null,\"queryRoleId\":null}]', 65, 1, '分页查询系统菜单表数据', NULL, NULL, '2021-03-28 15:11:45', 1, '2021-03-28 15:11:45', 1, 0);
INSERT INTO `sys_log` VALUES (2932, 1, '2021-03-28 15:11:50', '127.0.0.1', '/api/table/info/page/1', 'GET', 'class com.zero.code.generation.controller.TableInfoController.page', '[1,10,{\"id\":null,\"name\":null,\"comment\":null,\"entityName\":null,\"requestMapping\":null,\"basePackageName\":null,\"codeGenerationPath\":null,\"codeAuthor\":null,\"tableColumnList\":null}]', 4, 1, '分页查询系统数据库表信息数据', NULL, NULL, '2021-03-28 15:11:50', 1, '2021-03-28 15:11:50', 1, 0);
INSERT INTO `sys_log` VALUES (2933, 1, '2021-03-28 15:11:56', '127.0.0.1', '/api/menu/page/1', 'GET', 'class com.zero.sys.controller.MenuController.page', '[1,10,{\"id\":null,\"path\":null,\"name\":null,\"component\":null,\"metaTitle\":null,\"metaIcon\":null,\"redirect\":null,\"sort\":null,\"hidden\":null,\"enabled\":null,\"parentId\":null,\"children\":null,\"roles\":null,\"queryRoleId\":null}]', 61, 1, '分页查询系统菜单表数据', NULL, NULL, '2021-03-28 15:11:56', 1, '2021-03-28 15:11:56', 1, 0);
INSERT INTO `sys_log` VALUES (2934, 1, '2021-03-28 15:12:33', '127.0.0.1', '/api/menu/routes', 'GET', 'class com.zero.sys.controller.MenuController.routes', NULL, 17, 1, '[动态路由]获取所有启用的系统菜单', NULL, NULL, '2021-03-28 15:12:33', 1, '2021-03-28 15:12:33', 1, 0);
INSERT INTO `sys_log` VALUES (2935, 1, '2021-03-28 15:12:34', '127.0.0.1', '/api/menu/routes', 'GET', 'class com.zero.sys.controller.MenuController.routes', NULL, 9, 1, '[动态路由]获取所有启用的系统菜单', NULL, NULL, '2021-03-28 15:12:33', 1, '2021-03-28 15:12:33', 1, 0);
INSERT INTO `sys_log` VALUES (2936, 1, '2021-03-28 15:12:34', '127.0.0.1', '/api/menu/page/1', 'GET', 'class com.zero.sys.controller.MenuController.page', '[1,10,{\"id\":null,\"path\":null,\"name\":null,\"component\":null,\"metaTitle\":null,\"metaIcon\":null,\"redirect\":null,\"sort\":null,\"hidden\":null,\"enabled\":null,\"parentId\":null,\"children\":null,\"roles\":null,\"queryRoleId\":null}]', 46, 1, '分页查询系统菜单表数据', NULL, NULL, '2021-03-28 15:12:34', 1, '2021-03-28 15:12:34', 1, 0);
INSERT INTO `sys_log` VALUES (2937, 1, '2021-03-28 15:15:18', '127.0.0.1', '/api/menu/page/1', 'GET', 'class com.zero.sys.controller.MenuController.page', '[1,10,{\"id\":null,\"path\":null,\"name\":null,\"component\":null,\"metaTitle\":null,\"metaIcon\":null,\"redirect\":null,\"sort\":null,\"hidden\":null,\"enabled\":null,\"parentId\":null,\"children\":null,\"roles\":null,\"queryRoleId\":null}]', 48, 1, '分页查询系统菜单表数据', NULL, NULL, '2021-03-28 15:15:18', 1, '2021-03-28 15:15:18', 1, 0);
INSERT INTO `sys_log` VALUES (2938, 1, '2021-03-28 15:15:55', '127.0.0.1', '/api/menu/page/1', 'GET', 'class com.zero.sys.controller.MenuController.page', '[1,10,{\"id\":null,\"path\":null,\"name\":null,\"component\":null,\"metaTitle\":null,\"metaIcon\":null,\"redirect\":null,\"sort\":null,\"hidden\":null,\"enabled\":null,\"parentId\":null,\"children\":null,\"roles\":null,\"queryRoleId\":null}]', 59, 1, '分页查询系统菜单表数据', NULL, NULL, '2021-03-28 15:15:55', 1, '2021-03-28 15:15:55', 1, 0);
INSERT INTO `sys_log` VALUES (2939, 1, '2021-03-28 15:16:16', '127.0.0.1', '/api/menu', 'PUT', 'class com.zero.sys.controller.MenuController.updateById', '[{\"id\":10,\"path\":\"code-generation\",\"name\":\"CodeGeneration\",\"component\":\"development/code-generation/index\",\"metaTitle\":\"代码生成\",\"metaIcon\":\"el-icon-refresh-right\",\"redirect\":null,\"sort\":1,\"hidden\":false,\"enabled\":true,\"parentId\":9,\"children\":null,\"roles\":[{\"id\":1,\"name\":\"root\",\"description\":\"root权限，系统的最高权限\"},{\"id\":3,\"name\":\"user\",\"description\":\"普通用户权限\"}],\"queryRoleId\":null}]', 5, 1, '[通用方法]更新一条对应实体类的数据库记录', NULL, NULL, '2021-03-28 15:16:16', 1, '2021-03-28 15:16:16', 1, 0);
INSERT INTO `sys_log` VALUES (2940, 1, '2021-03-28 15:16:16', '127.0.0.1', '/api/menu/page/1', 'GET', 'class com.zero.sys.controller.MenuController.page', '[1,10,{\"id\":null,\"path\":null,\"name\":null,\"component\":null,\"metaTitle\":null,\"metaIcon\":null,\"redirect\":null,\"sort\":null,\"hidden\":null,\"enabled\":null,\"parentId\":null,\"children\":null,\"roles\":null,\"queryRoleId\":null}]', 48, 1, '分页查询系统菜单表数据', NULL, NULL, '2021-03-28 15:16:16', 1, '2021-03-28 15:16:16', 1, 0);
INSERT INTO `sys_log` VALUES (2941, 1, '2021-03-28 15:16:25', '127.0.0.1', '/api/menu/routes', 'GET', 'class com.zero.sys.controller.MenuController.routes', NULL, 22, 1, '[动态路由]获取所有启用的系统菜单', NULL, NULL, '2021-03-28 15:16:25', 1, '2021-03-28 15:16:25', 1, 0);
INSERT INTO `sys_log` VALUES (2942, 1, '2021-03-28 15:16:25', '127.0.0.1', '/api/menu/routes', 'GET', 'class com.zero.sys.controller.MenuController.routes', NULL, 10, 1, '[动态路由]获取所有启用的系统菜单', NULL, NULL, '2021-03-28 15:16:25', 1, '2021-03-28 15:16:25', 1, 0);
INSERT INTO `sys_log` VALUES (2943, 1, '2021-03-28 15:16:26', '127.0.0.1', '/api/menu/page/1', 'GET', 'class com.zero.sys.controller.MenuController.page', '[1,10,{\"id\":null,\"path\":null,\"name\":null,\"component\":null,\"metaTitle\":null,\"metaIcon\":null,\"redirect\":null,\"sort\":null,\"hidden\":null,\"enabled\":null,\"parentId\":null,\"children\":null,\"roles\":null,\"queryRoleId\":null}]', 39, 1, '分页查询系统菜单表数据', NULL, NULL, '2021-03-28 15:16:25', 1, '2021-03-28 15:16:25', 1, 0);
INSERT INTO `sys_log` VALUES (2944, 1, '2021-03-28 15:18:38', '127.0.0.1', '/api/table/info/page/1', 'GET', 'class com.zero.code.generation.controller.TableInfoController.page', '[1,10,{\"id\":null,\"name\":null,\"comment\":null,\"entityName\":null,\"requestMapping\":null,\"basePackageName\":null,\"codeGenerationPath\":null,\"codeAuthor\":null,\"tableColumnList\":null}]', 5, 1, '分页查询系统数据库表信息数据', NULL, NULL, '2021-03-28 15:18:38', 1, '2021-03-28 15:18:38', 1, 0);
INSERT INTO `sys_log` VALUES (2945, 1, '2021-03-28 15:18:41', '127.0.0.1', '/api/table/info/not/list', 'GET', 'class com.zero.code.generation.controller.TableInfoController.getNotAddList', NULL, 3, 1, '获取还没有插入数据库中的数据库表信息', NULL, NULL, '2021-03-28 15:18:40', 1, '2021-03-28 15:18:40', 1, 0);
INSERT INTO `sys_log` VALUES (2946, 1, '2021-03-28 15:19:35', '127.0.0.1', '/api/table/info', 'POST', 'class com.zero.code.generation.controller.TableInfoController.save', '[{\"id\":9,\"name\":\"auth_login_log\",\"comment\":\"系统账号登录日志表\",\"entityName\":\"LoginLog\",\"requestMapping\":\"login/log\",\"basePackageName\":\"com.auth\",\"codeGenerationPath\":\"G:\\\\\",\"codeAuthor\":\"herenpeng\",\"tableColumnList\":null}]', 84, 1, '[通用方法]插入一条对应实体类的数据库记录', NULL, NULL, '2021-03-28 15:19:35', 1, '2021-03-28 15:19:35', 1, 0);
INSERT INTO `sys_log` VALUES (2947, 1, '2021-03-28 15:19:35', '127.0.0.1', '/api/table/info/page/1', 'GET', 'class com.zero.code.generation.controller.TableInfoController.page', '[1,10,{\"id\":null,\"name\":null,\"comment\":null,\"entityName\":null,\"requestMapping\":null,\"basePackageName\":null,\"codeGenerationPath\":null,\"codeAuthor\":null,\"tableColumnList\":null}]', 5, 1, '分页查询系统数据库表信息数据', NULL, NULL, '2021-03-28 15:19:35', 1, '2021-03-28 15:19:35', 1, 0);
INSERT INTO `sys_log` VALUES (2948, 1, '2021-03-28 15:21:41', '127.0.0.1', '/api/table/info/not/list', 'GET', 'class com.zero.code.generation.controller.TableInfoController.getNotAddList', NULL, 3, 1, '获取还没有插入数据库中的数据库表信息', NULL, NULL, '2021-03-28 15:21:40', 1, '2021-03-28 15:21:40', 1, 0);
INSERT INTO `sys_log` VALUES (2949, 1, '2021-03-28 15:21:44', '127.0.0.1', '/api/table/info/not/list', 'GET', 'class com.zero.code.generation.controller.TableInfoController.getNotAddList', NULL, 3, 1, '获取还没有插入数据库中的数据库表信息', NULL, NULL, '2021-03-28 15:21:44', 1, '2021-03-28 15:21:44', 1, 0);
INSERT INTO `sys_log` VALUES (2950, 1, '2021-03-28 15:34:43', '127.0.0.1', '/api/table/info/page/1', 'GET', 'class com.zero.code.generation.controller.TableInfoController.page', '[1,10,{\"id\":null,\"name\":null,\"comment\":null,\"entityName\":null,\"requestMapping\":null,\"basePackageName\":null,\"codeGenerationPath\":null,\"codeAuthor\":null,\"tableColumnList\":null}]', 6, 1, '分页查询系统数据库表信息数据', NULL, NULL, '2021-03-28 15:34:42', 1, '2021-03-28 15:34:42', 1, 0);
INSERT INTO `sys_log` VALUES (2951, 1, '2021-03-28 15:34:46', '127.0.0.1', '/api/table/info/page/1', 'GET', 'class com.zero.code.generation.controller.TableInfoController.page', '[1,10,{\"id\":null,\"name\":null,\"comment\":null,\"entityName\":null,\"requestMapping\":null,\"basePackageName\":null,\"codeGenerationPath\":null,\"codeAuthor\":null,\"tableColumnList\":null}]', 5, 1, '分页查询系统数据库表信息数据', NULL, NULL, '2021-03-28 15:34:45', 1, '2021-03-28 15:34:45', 1, 0);
INSERT INTO `sys_log` VALUES (2952, 1, '2021-03-28 15:35:54', '127.0.0.1', '/api/table/info/not/list', 'GET', 'class com.zero.code.generation.controller.TableInfoController.getNotAddList', NULL, 3, 1, '获取还没有插入数据库中的数据库表信息', NULL, NULL, '2021-03-28 15:35:54', 1, '2021-03-28 15:35:54', 1, 0);
INSERT INTO `sys_log` VALUES (2953, 1, '2021-03-28 15:36:11', '127.0.0.1', '/api/table/info', 'POST', 'class com.zero.code.generation.controller.TableInfoController.save', '[{\"id\":10,\"name\":\"auth_resources_role\",\"comment\":\"资源角色关系表\",\"entityName\":\"ResourcesRole\",\"requestMapping\":\"resources/role\",\"basePackageName\":\"G:\\\\\",\"codeGenerationPath\":\"com.auth\",\"codeAuthor\":\"herenpeng\",\"tableColumnList\":null}]', 38, 1, '[通用方法]插入一条对应实体类的数据库记录', NULL, NULL, '2021-03-28 15:36:10', 1, '2021-03-28 15:36:10', 1, 0);
INSERT INTO `sys_log` VALUES (2954, 1, '2021-03-28 15:36:11', '127.0.0.1', '/api/table/info/page/1', 'GET', 'class com.zero.code.generation.controller.TableInfoController.page', '[1,10,{\"id\":null,\"name\":null,\"comment\":null,\"entityName\":null,\"requestMapping\":null,\"basePackageName\":null,\"codeGenerationPath\":null,\"codeAuthor\":null,\"tableColumnList\":null}]', 6, 1, '分页查询系统数据库表信息数据', NULL, NULL, '2021-03-28 15:36:10', 1, '2021-03-28 15:36:10', 1, 0);
INSERT INTO `sys_log` VALUES (2955, 1, '2021-03-28 15:36:42', '127.0.0.1', '/api/table/info', 'PUT', 'class com.zero.code.generation.controller.TableInfoController.updateById', '[{\"id\":10,\"name\":\"auth_resources_role\",\"comment\":\"资源角色关系表\",\"entityName\":\"ResourcesRole\",\"requestMapping\":\"resources/role\",\"basePackageName\":\"com.auth\",\"codeGenerationPath\":\"G:\\\\\",\"codeAuthor\":\"herenpeng\",\"tableColumnList\":null}]', 11, 1, '[通用方法]更新一条对应实体类的数据库记录', NULL, NULL, '2021-03-28 15:36:41', 1, '2021-03-28 15:36:41', 1, 0);
INSERT INTO `sys_log` VALUES (2956, 1, '2021-03-28 15:36:42', '127.0.0.1', '/api/table/info/page/1', 'GET', 'class com.zero.code.generation.controller.TableInfoController.page', '[1,10,{\"id\":null,\"name\":null,\"comment\":null,\"entityName\":null,\"requestMapping\":null,\"basePackageName\":null,\"codeGenerationPath\":null,\"codeAuthor\":null,\"tableColumnList\":null}]', 7, 1, '分页查询系统数据库表信息数据', NULL, NULL, '2021-03-28 15:36:42', 1, '2021-03-28 15:36:42', 1, 0);
INSERT INTO `sys_log` VALUES (2957, 1, '2021-03-28 15:37:31', '127.0.0.1', '/api/menu/page/1', 'GET', 'class com.zero.sys.controller.MenuController.page', '[1,10,{\"id\":null,\"path\":null,\"name\":null,\"component\":null,\"metaTitle\":null,\"metaIcon\":null,\"redirect\":null,\"sort\":null,\"hidden\":null,\"enabled\":null,\"parentId\":null,\"children\":null,\"roles\":null,\"queryRoleId\":null}]', 43, 1, '分页查询系统菜单表数据', NULL, NULL, '2021-03-28 15:37:30', 1, '2021-03-28 15:37:30', 1, 0);
INSERT INTO `sys_log` VALUES (2958, 1, '2021-03-28 15:38:40', '127.0.0.1', '/api/menu', 'POST', 'class com.zero.sys.controller.MenuController.save', '[{\"id\":null,\"path\":\"code-setting\",\"name\":\"CodeSetting\",\"component\":\"Layout\",\"metaTitle\":\"代码设置\",\"metaIcon\":\"el-icon-c-scale-to-original\",\"redirect\":\"development/code-setting/index\",\"sort\":2,\"hidden\":null,\"enabled\":true,\"parentId\":0,\"children\":null,\"roles\":null,\"queryRoleId\":null}]', 110, 0, '[通用方法]插入一条对应实体类的数据库记录', 'org.springframework.dao.DataIntegrityViolationException', '\r\n### Error updating database.  Cause: java.sql.SQLException: Field \'hidden\' doesn\'t have a default value\r\n### The error may exist in com/zero/sys/mapper/MenuMapper.java (best guess)\r\n### The error may involve com.zero.sys.mapper.MenuMapper.insert-Inline\r\n### The error occurred while setting parameters\r\n### SQL: INSERT INTO sys_menu  ( path, name, component, meta_title, meta_icon, redirect, sort,  enabled, parent_id,  create_user_id,  update_user_id )  VALUES  ( ?, ?, ?, ?, ?, ?, ?,  ?, ?,  ?,  ? )\r\n### Cause: java.sql.SQLException: Field \'hidden\' doesn\'t have a default value\n; Field \'hidden\' doesn\'t have a default value; nested exception is java.sql.SQLException: Field \'hidden\' doesn\'t have a default value', '2021-03-28 15:38:39', 1, '2021-03-28 15:38:39', 1, 0);
INSERT INTO `sys_log` VALUES (2959, 1, '2021-03-28 15:39:19', '127.0.0.1', '/api/menu/routes', 'GET', 'class com.zero.sys.controller.MenuController.routes', NULL, 12, 1, '[动态路由]获取所有启用的系统菜单', NULL, NULL, '2021-03-28 15:39:18', 1, '2021-03-28 15:39:18', 1, 0);
INSERT INTO `sys_log` VALUES (2960, 1, '2021-03-28 15:39:19', '127.0.0.1', '/api/menu/routes', 'GET', 'class com.zero.sys.controller.MenuController.routes', NULL, 12, 1, '[动态路由]获取所有启用的系统菜单', NULL, NULL, '2021-03-28 15:39:18', 1, '2021-03-28 15:39:18', 1, 0);
INSERT INTO `sys_log` VALUES (2961, 1, '2021-03-28 15:39:19', '127.0.0.1', '/api/resources/page/1', 'GET', 'class com.zero.auth.controller.ResourcesController.page', '[1,10,{\"id\":null,\"uri\":null,\"regex\":null,\"description\":null,\"methodType\":null,\"roles\":null,\"queryRoleId\":null}]', 49, 1, '分页查询系统资源数据', NULL, NULL, '2021-03-28 15:39:19', 1, '2021-03-28 15:39:19', 1, 0);
INSERT INTO `sys_log` VALUES (2962, 1, '2021-03-28 15:39:23', '127.0.0.1', '/api/menu/page/1', 'GET', 'class com.zero.sys.controller.MenuController.page', '[1,10,{\"id\":null,\"path\":null,\"name\":null,\"component\":null,\"metaTitle\":null,\"metaIcon\":null,\"redirect\":null,\"sort\":null,\"hidden\":null,\"enabled\":null,\"parentId\":null,\"children\":null,\"roles\":null,\"queryRoleId\":null}]', 52, 1, '分页查询系统菜单表数据', NULL, NULL, '2021-03-28 15:39:22', 1, '2021-03-28 15:39:22', 1, 0);
INSERT INTO `sys_log` VALUES (2963, 1, '2021-03-28 15:40:24', '127.0.0.1', '/api/menu', 'POST', 'class com.zero.sys.controller.MenuController.save', '[{\"id\":26,\"path\":\"code-setting\",\"name\":\"CodeSetting\",\"component\":\"development/code-setting/index\",\"metaTitle\":\"代码设置\",\"metaIcon\":\"el-icon-tickets\",\"redirect\":null,\"sort\":2,\"hidden\":true,\"enabled\":true,\"parentId\":9,\"children\":null,\"roles\":null,\"queryRoleId\":null}]', 5, 1, '[通用方法]插入一条对应实体类的数据库记录', NULL, NULL, '2021-03-28 15:40:24', 1, '2021-03-28 15:40:24', 1, 0);
INSERT INTO `sys_log` VALUES (2964, 1, '2021-03-28 15:40:24', '127.0.0.1', '/api/menu/page/1', 'GET', 'class com.zero.sys.controller.MenuController.page', '[1,10,{\"id\":null,\"path\":null,\"name\":null,\"component\":null,\"metaTitle\":null,\"metaIcon\":null,\"redirect\":null,\"sort\":null,\"hidden\":null,\"enabled\":null,\"parentId\":null,\"children\":null,\"roles\":null,\"queryRoleId\":null}]', 44, 1, '分页查询系统菜单表数据', NULL, NULL, '2021-03-28 15:40:24', 1, '2021-03-28 15:40:24', 1, 0);
INSERT INTO `sys_log` VALUES (2965, 1, '2021-03-28 15:40:49', '127.0.0.1', '/api/menu/routes', 'GET', 'class com.zero.sys.controller.MenuController.routes', NULL, 15, 1, '[动态路由]获取所有启用的系统菜单', NULL, NULL, '2021-03-28 15:40:49', 1, '2021-03-28 15:40:49', 1, 0);
INSERT INTO `sys_log` VALUES (2966, 1, '2021-03-28 15:40:49', '127.0.0.1', '/api/menu/routes', 'GET', 'class com.zero.sys.controller.MenuController.routes', NULL, 7, 1, '[动态路由]获取所有启用的系统菜单', NULL, NULL, '2021-03-28 15:40:49', 1, '2021-03-28 15:40:49', 1, 0);
INSERT INTO `sys_log` VALUES (2967, 1, '2021-03-28 15:40:50', '127.0.0.1', '/api/menu/page/1', 'GET', 'class com.zero.sys.controller.MenuController.page', '[1,10,{\"id\":null,\"path\":null,\"name\":null,\"component\":null,\"metaTitle\":null,\"metaIcon\":null,\"redirect\":null,\"sort\":null,\"hidden\":null,\"enabled\":null,\"parentId\":null,\"children\":null,\"roles\":null,\"queryRoleId\":null}]', 51, 1, '分页查询系统菜单表数据', NULL, NULL, '2021-03-28 15:40:49', 1, '2021-03-28 15:40:49', 1, 0);
INSERT INTO `sys_log` VALUES (2968, 1, '2021-03-28 15:41:00', '127.0.0.1', '/api/menu/role/26', 'GET', 'class com.zero.sys.controller.MenuController.getMenuNotRoleList', '[26]', 4, 1, '获取该菜单未拥有的角色', NULL, NULL, '2021-03-28 15:40:59', 1, '2021-03-28 15:40:59', 1, 0);
INSERT INTO `sys_log` VALUES (2969, 1, '2021-03-28 15:41:00', '127.0.0.1', '/api/menu/role/26', 'POST', 'class com.zero.sys.controller.MenuController.addUserRole', '[26,1]', 7, 1, '添加菜单角色', NULL, NULL, '2021-03-28 15:41:00', 1, '2021-03-28 15:41:00', 1, 0);
INSERT INTO `sys_log` VALUES (2970, 1, '2021-03-28 15:41:00', '127.0.0.1', '/api/menu/page/1', 'GET', 'class com.zero.sys.controller.MenuController.page', '[1,10,{\"id\":null,\"path\":null,\"name\":null,\"component\":null,\"metaTitle\":null,\"metaIcon\":null,\"redirect\":null,\"sort\":null,\"hidden\":null,\"enabled\":null,\"parentId\":null,\"children\":null,\"roles\":null,\"queryRoleId\":null}]', 61, 1, '分页查询系统菜单表数据', NULL, NULL, '2021-03-28 15:41:00', 1, '2021-03-28 15:41:00', 1, 0);
INSERT INTO `sys_log` VALUES (2971, 1, '2021-03-28 15:41:01', '127.0.0.1', '/api/menu/role/26', 'GET', 'class com.zero.sys.controller.MenuController.getMenuNotRoleList', '[26]', 2, 1, '获取该菜单未拥有的角色', NULL, NULL, '2021-03-28 15:41:01', 1, '2021-03-28 15:41:01', 1, 0);
INSERT INTO `sys_log` VALUES (2972, 1, '2021-03-28 15:41:02', '127.0.0.1', '/api/menu/role/26', 'POST', 'class com.zero.sys.controller.MenuController.addUserRole', '[26,3]', 6, 1, '添加菜单角色', NULL, NULL, '2021-03-28 15:41:02', 1, '2021-03-28 15:41:02', 1, 0);
INSERT INTO `sys_log` VALUES (2973, 1, '2021-03-28 15:41:02', '127.0.0.1', '/api/menu/page/1', 'GET', 'class com.zero.sys.controller.MenuController.page', '[1,10,{\"id\":null,\"path\":null,\"name\":null,\"component\":null,\"metaTitle\":null,\"metaIcon\":null,\"redirect\":null,\"sort\":null,\"hidden\":null,\"enabled\":null,\"parentId\":null,\"children\":null,\"roles\":null,\"queryRoleId\":null}]', 38, 1, '分页查询系统菜单表数据', NULL, NULL, '2021-03-28 15:41:02', 1, '2021-03-28 15:41:02', 1, 0);
INSERT INTO `sys_log` VALUES (2974, 1, '2021-03-28 15:53:24', '127.0.0.1', '/api/menu/routes', 'GET', 'class com.zero.sys.controller.MenuController.routes', NULL, 15, 1, '[动态路由]获取所有启用的系统菜单', NULL, NULL, '2021-03-28 15:53:23', 1, '2021-03-28 15:53:23', 1, 0);
INSERT INTO `sys_log` VALUES (2975, 1, '2021-03-28 15:53:24', '127.0.0.1', '/api/menu/routes', 'GET', 'class com.zero.sys.controller.MenuController.routes', NULL, 9, 1, '[动态路由]获取所有启用的系统菜单', NULL, NULL, '2021-03-28 15:53:23', 1, '2021-03-28 15:53:23', 1, 0);
INSERT INTO `sys_log` VALUES (2976, 1, '2021-03-28 15:53:25', '127.0.0.1', '/api/menu/page/1', 'GET', 'class com.zero.sys.controller.MenuController.page', '[1,10,{\"id\":null,\"path\":null,\"name\":null,\"component\":null,\"metaTitle\":null,\"metaIcon\":null,\"redirect\":null,\"sort\":null,\"hidden\":null,\"enabled\":null,\"parentId\":null,\"children\":null,\"roles\":null,\"queryRoleId\":null}]', 45, 1, '分页查询系统菜单表数据', NULL, NULL, '2021-03-28 15:53:24', 1, '2021-03-28 15:53:24', 1, 0);
INSERT INTO `sys_log` VALUES (2977, 1, '2021-03-28 16:21:42', '127.0.0.1', '/api/menu/page/1', 'GET', 'class com.zero.sys.controller.MenuController.page', '[1,10,{\"id\":null,\"path\":null,\"name\":null,\"component\":null,\"metaTitle\":null,\"metaIcon\":null,\"redirect\":null,\"sort\":null,\"hidden\":null,\"enabled\":null,\"parentId\":null,\"children\":null,\"roles\":null,\"queryRoleId\":null}]', 58, 1, '分页查询系统菜单表数据', NULL, NULL, '2021-03-28 16:21:42', 1, '2021-03-28 16:21:42', 1, 0);
INSERT INTO `sys_log` VALUES (2978, 1, '2021-03-28 16:26:10', '127.0.0.1', '/api/menu/page/1', 'GET', 'class com.zero.sys.controller.MenuController.page', '[1,10,{\"id\":null,\"path\":null,\"name\":null,\"component\":null,\"metaTitle\":null,\"metaIcon\":null,\"redirect\":null,\"sort\":null,\"hidden\":null,\"enabled\":null,\"parentId\":null,\"children\":null,\"roles\":null,\"queryRoleId\":null}]', 66, 1, '分页查询系统菜单表数据', NULL, NULL, '2021-03-28 16:26:10', 1, '2021-03-28 16:26:10', 1, 0);
INSERT INTO `sys_log` VALUES (2979, 1, '2021-03-28 16:26:40', '127.0.0.1', '/api/menu/routes', 'GET', 'class com.zero.sys.controller.MenuController.routes', NULL, 14, 1, '[动态路由]获取所有启用的系统菜单', NULL, NULL, '2021-03-28 16:26:40', 1, '2021-03-28 16:26:40', 1, 0);
INSERT INTO `sys_log` VALUES (2980, 1, '2021-03-28 16:26:40', '127.0.0.1', '/api/menu/routes', 'GET', 'class com.zero.sys.controller.MenuController.routes', NULL, 17, 1, '[动态路由]获取所有启用的系统菜单', NULL, NULL, '2021-03-28 16:26:40', 1, '2021-03-28 16:26:40', 1, 0);
INSERT INTO `sys_log` VALUES (2981, 1, '2021-03-28 16:26:42', '127.0.0.1', '/api/menu/page/1', 'GET', 'class com.zero.sys.controller.MenuController.page', '[1,10,{\"id\":null,\"path\":null,\"name\":null,\"component\":null,\"metaTitle\":null,\"metaIcon\":null,\"redirect\":null,\"sort\":null,\"hidden\":null,\"enabled\":null,\"parentId\":null,\"children\":null,\"roles\":null,\"queryRoleId\":null}]', 51, 1, '分页查询系统菜单表数据', NULL, NULL, '2021-03-28 16:26:41', 1, '2021-03-28 16:26:41', 1, 0);
INSERT INTO `sys_log` VALUES (2982, 1, '2021-03-28 16:27:15', '127.0.0.1', '/api/table/info/page/1', 'GET', 'class com.zero.code.generation.controller.TableInfoController.page', '[1,10,{\"id\":null,\"name\":null,\"comment\":null,\"entityName\":null,\"requestMapping\":null,\"basePackageName\":null,\"codeGenerationPath\":null,\"codeAuthor\":null,\"tableColumnList\":null}]', 6, 1, '分页查询系统数据库表信息数据', NULL, NULL, '2021-03-28 16:27:15', 1, '2021-03-28 16:27:15', 1, 0);
INSERT INTO `sys_log` VALUES (2983, 1, '2021-03-28 16:29:20', '127.0.0.1', '/api/table/info/page/1', 'GET', 'class com.zero.code.generation.controller.TableInfoController.page', '[1,10,{\"id\":null,\"name\":null,\"comment\":null,\"entityName\":null,\"requestMapping\":null,\"basePackageName\":null,\"codeGenerationPath\":null,\"codeAuthor\":null,\"tableColumnList\":null}]', 5, 1, '分页查询系统数据库表信息数据', NULL, NULL, '2021-03-28 16:29:19', 1, '2021-03-28 16:29:19', 1, 0);
INSERT INTO `sys_log` VALUES (2984, 1, '2021-03-28 16:30:49', '127.0.0.1', '/api/table/info/page/1', 'GET', 'class com.zero.code.generation.controller.TableInfoController.page', '[1,10,{\"id\":null,\"name\":null,\"comment\":null,\"entityName\":null,\"requestMapping\":null,\"basePackageName\":null,\"codeGenerationPath\":null,\"codeAuthor\":null,\"tableColumnList\":null}]', 9, 1, '分页查询系统数据库表信息数据', NULL, NULL, '2021-03-28 16:30:48', 1, '2021-03-28 16:30:48', 1, 0);
INSERT INTO `sys_log` VALUES (2985, 1, '2021-03-28 16:31:21', '127.0.0.1', '/api/menu/routes', 'GET', 'class com.zero.sys.controller.MenuController.routes', NULL, 11, 1, '[动态路由]获取所有启用的系统菜单', NULL, NULL, '2021-03-28 16:31:21', 1, '2021-03-28 16:31:21', 1, 0);
INSERT INTO `sys_log` VALUES (2986, 1, '2021-03-28 16:31:22', '127.0.0.1', '/api/menu/routes', 'GET', 'class com.zero.sys.controller.MenuController.routes', NULL, 17, 1, '[动态路由]获取所有启用的系统菜单', NULL, NULL, '2021-03-28 16:31:21', 1, '2021-03-28 16:31:21', 1, 0);
INSERT INTO `sys_log` VALUES (2987, 1, '2021-03-28 16:31:22', '127.0.0.1', '/api/table/info/page/1', 'GET', 'class com.zero.code.generation.controller.TableInfoController.page', '[1,10,{\"id\":null,\"name\":null,\"comment\":null,\"entityName\":null,\"requestMapping\":null,\"basePackageName\":null,\"codeGenerationPath\":null,\"codeAuthor\":null,\"tableColumnList\":null}]', 4, 1, '分页查询系统数据库表信息数据', NULL, NULL, '2021-03-28 16:31:22', 1, '2021-03-28 16:31:22', 1, 0);
INSERT INTO `sys_log` VALUES (2988, 1, '2021-03-28 16:31:28', '127.0.0.1', '/api/table/info/page/1', 'GET', 'class com.zero.code.generation.controller.TableInfoController.page', '[1,10,{\"id\":null,\"name\":null,\"comment\":null,\"entityName\":null,\"requestMapping\":null,\"basePackageName\":null,\"codeGenerationPath\":null,\"codeAuthor\":null,\"tableColumnList\":null}]', 7, 1, '分页查询系统数据库表信息数据', NULL, NULL, '2021-03-28 16:31:28', 1, '2021-03-28 16:31:28', 1, 0);
INSERT INTO `sys_log` VALUES (2989, 1, '2021-03-28 16:32:07', '127.0.0.1', '/api/menu/routes', 'GET', 'class com.zero.sys.controller.MenuController.routes', NULL, 13, 1, '[动态路由]获取所有启用的系统菜单', NULL, NULL, '2021-03-28 16:32:06', 1, '2021-03-28 16:32:06', 1, 0);
INSERT INTO `sys_log` VALUES (2990, 1, '2021-03-28 16:32:07', '127.0.0.1', '/api/menu/routes', 'GET', 'class com.zero.sys.controller.MenuController.routes', NULL, 16, 1, '[动态路由]获取所有启用的系统菜单', NULL, NULL, '2021-03-28 16:32:06', 1, '2021-03-28 16:32:06', 1, 0);
INSERT INTO `sys_log` VALUES (2991, 1, '2021-03-28 16:32:08', '127.0.0.1', '/api/table/info/page/1', 'GET', 'class com.zero.code.generation.controller.TableInfoController.page', '[1,10,{\"id\":null,\"name\":null,\"comment\":null,\"entityName\":null,\"requestMapping\":null,\"basePackageName\":null,\"codeGenerationPath\":null,\"codeAuthor\":null,\"tableColumnList\":null}]', 5, 1, '分页查询系统数据库表信息数据', NULL, NULL, '2021-03-28 16:32:07', 1, '2021-03-28 16:32:07', 1, 0);
INSERT INTO `sys_log` VALUES (2992, 1, '2021-03-28 16:32:26', '127.0.0.1', '/api/menu/routes', 'GET', 'class com.zero.sys.controller.MenuController.routes', NULL, 14, 1, '[动态路由]获取所有启用的系统菜单', NULL, NULL, '2021-03-28 16:32:25', 1, '2021-03-28 16:32:25', 1, 0);
INSERT INTO `sys_log` VALUES (2993, 1, '2021-03-28 16:32:26', '127.0.0.1', '/api/menu/routes', 'GET', 'class com.zero.sys.controller.MenuController.routes', NULL, 13, 1, '[动态路由]获取所有启用的系统菜单', NULL, NULL, '2021-03-28 16:32:25', 1, '2021-03-28 16:32:25', 1, 0);
INSERT INTO `sys_log` VALUES (2994, 1, '2021-03-28 16:32:27', '127.0.0.1', '/api/table/info/page/1', 'GET', 'class com.zero.code.generation.controller.TableInfoController.page', '[1,10,{\"id\":null,\"name\":null,\"comment\":null,\"entityName\":null,\"requestMapping\":null,\"basePackageName\":null,\"codeGenerationPath\":null,\"codeAuthor\":null,\"tableColumnList\":null}]', 7, 1, '分页查询系统数据库表信息数据', NULL, NULL, '2021-03-28 16:32:27', 1, '2021-03-28 16:32:27', 1, 0);
INSERT INTO `sys_log` VALUES (2995, 1, '2021-03-28 16:32:52', '127.0.0.1', '/api/table/info/page/1', 'GET', 'class com.zero.code.generation.controller.TableInfoController.page', '[1,10,{\"id\":null,\"name\":null,\"comment\":null,\"entityName\":null,\"requestMapping\":null,\"basePackageName\":null,\"codeGenerationPath\":null,\"codeAuthor\":null,\"tableColumnList\":null}]', 8, 1, '分页查询系统数据库表信息数据', NULL, NULL, '2021-03-28 16:32:51', 1, '2021-03-28 16:32:51', 1, 0);
INSERT INTO `sys_log` VALUES (2996, 1, '2021-03-28 16:33:15', '127.0.0.1', '/api/table/info/page/1', 'GET', 'class com.zero.code.generation.controller.TableInfoController.page', '[1,10,{\"id\":null,\"name\":null,\"comment\":null,\"entityName\":null,\"requestMapping\":null,\"basePackageName\":null,\"codeGenerationPath\":null,\"codeAuthor\":null,\"tableColumnList\":null}]', 6, 1, '分页查询系统数据库表信息数据', NULL, NULL, '2021-03-28 16:33:14', 1, '2021-03-28 16:33:14', 1, 0);
INSERT INTO `sys_log` VALUES (2997, 1, '2021-03-28 16:33:52', '127.0.0.1', '/api/table/info/page/1', 'GET', 'class com.zero.code.generation.controller.TableInfoController.page', '[1,10,{\"id\":null,\"name\":null,\"comment\":null,\"entityName\":null,\"requestMapping\":null,\"basePackageName\":null,\"codeGenerationPath\":null,\"codeAuthor\":null,\"tableColumnList\":null}]', 8, 1, '分页查询系统数据库表信息数据', NULL, NULL, '2021-03-28 16:33:52', 1, '2021-03-28 16:33:52', 1, 0);
INSERT INTO `sys_log` VALUES (2998, 1, '2021-03-28 16:34:05', '127.0.0.1', '/api/menu/routes', 'GET', 'class com.zero.sys.controller.MenuController.routes', NULL, 11, 1, '[动态路由]获取所有启用的系统菜单', NULL, NULL, '2021-03-28 16:34:04', 1, '2021-03-28 16:34:04', 1, 0);
INSERT INTO `sys_log` VALUES (2999, 1, '2021-03-28 16:34:05', '127.0.0.1', '/api/menu/routes', 'GET', 'class com.zero.sys.controller.MenuController.routes', NULL, 15, 1, '[动态路由]获取所有启用的系统菜单', NULL, NULL, '2021-03-28 16:34:04', 1, '2021-03-28 16:34:04', 1, 0);
INSERT INTO `sys_log` VALUES (3000, 1, '2021-03-28 16:34:06', '127.0.0.1', '/api/table/info/page/1', 'GET', 'class com.zero.code.generation.controller.TableInfoController.page', '[1,10,{\"id\":null,\"name\":null,\"comment\":null,\"entityName\":null,\"requestMapping\":null,\"basePackageName\":null,\"codeGenerationPath\":null,\"codeAuthor\":null,\"tableColumnList\":null}]', 6, 1, '分页查询系统数据库表信息数据', NULL, NULL, '2021-03-28 16:34:05', 1, '2021-03-28 16:34:05', 1, 0);
INSERT INTO `sys_log` VALUES (3001, 1, '2021-03-28 16:34:16', '127.0.0.1', '/api/menu/routes', 'GET', 'class com.zero.sys.controller.MenuController.routes', NULL, 13, 1, '[动态路由]获取所有启用的系统菜单', NULL, NULL, '2021-03-28 16:34:15', 1, '2021-03-28 16:34:15', 1, 0);
INSERT INTO `sys_log` VALUES (3002, 1, '2021-03-28 16:34:16', '127.0.0.1', '/api/menu/routes', 'GET', 'class com.zero.sys.controller.MenuController.routes', NULL, 16, 1, '[动态路由]获取所有启用的系统菜单', NULL, NULL, '2021-03-28 16:34:15', 1, '2021-03-28 16:34:15', 1, 0);
INSERT INTO `sys_log` VALUES (3003, 1, '2021-03-28 16:34:17', '127.0.0.1', '/api/table/info/page/1', 'GET', 'class com.zero.code.generation.controller.TableInfoController.page', '[1,10,{\"id\":null,\"name\":null,\"comment\":null,\"entityName\":null,\"requestMapping\":null,\"basePackageName\":null,\"codeGenerationPath\":null,\"codeAuthor\":null,\"tableColumnList\":null}]', 6, 1, '分页查询系统数据库表信息数据', NULL, NULL, '2021-03-28 16:34:16', 1, '2021-03-28 16:34:16', 1, 0);
INSERT INTO `sys_log` VALUES (3004, 1, '2021-03-28 16:44:41', '127.0.0.1', '/api/menu/routes', 'GET', 'class com.zero.sys.controller.MenuController.routes', NULL, 10, 1, '[动态路由]获取所有启用的系统菜单', NULL, NULL, '2021-03-28 16:44:41', 1, '2021-03-28 16:44:41', 1, 0);
INSERT INTO `sys_log` VALUES (3005, 1, '2021-03-28 16:44:41', '127.0.0.1', '/api/menu/routes', 'GET', 'class com.zero.sys.controller.MenuController.routes', NULL, 12, 1, '[动态路由]获取所有启用的系统菜单', NULL, NULL, '2021-03-28 16:44:41', 1, '2021-03-28 16:44:41', 1, 0);
INSERT INTO `sys_log` VALUES (3006, 1, '2021-03-28 16:44:42', '127.0.0.1', '/api/table/info/page/1', 'GET', 'class com.zero.code.generation.controller.TableInfoController.page', '[1,10,{\"id\":null,\"name\":null,\"comment\":null,\"entityName\":null,\"requestMapping\":null,\"basePackageName\":null,\"codeGenerationPath\":null,\"codeAuthor\":null,\"tableColumnList\":null}]', 7, 1, '分页查询系统数据库表信息数据', NULL, NULL, '2021-03-28 16:44:42', 1, '2021-03-28 16:44:42', 1, 0);
INSERT INTO `sys_log` VALUES (3007, 1, '2021-03-28 16:44:46', '127.0.0.1', '/api/table/info/page/1', 'GET', 'class com.zero.code.generation.controller.TableInfoController.page', '[1,10,{\"id\":null,\"name\":null,\"comment\":null,\"entityName\":null,\"requestMapping\":null,\"basePackageName\":null,\"codeGenerationPath\":null,\"codeAuthor\":null,\"tableColumnList\":null}]', 7, 1, '分页查询系统数据库表信息数据', NULL, NULL, '2021-03-28 16:44:46', 1, '2021-03-28 16:44:46', 1, 0);
INSERT INTO `sys_log` VALUES (3008, 1, '2021-03-28 16:44:49', '127.0.0.1', '/api/table/info/page/1', 'GET', 'class com.zero.code.generation.controller.TableInfoController.page', '[1,10,{\"id\":null,\"name\":null,\"comment\":null,\"entityName\":null,\"requestMapping\":null,\"basePackageName\":null,\"codeGenerationPath\":null,\"codeAuthor\":null,\"tableColumnList\":null}]', 6, 1, '分页查询系统数据库表信息数据', NULL, NULL, '2021-03-28 16:44:49', 1, '2021-03-28 16:44:49', 1, 0);
INSERT INTO `sys_log` VALUES (3009, 1, '2021-03-28 16:46:31', '127.0.0.1', '/api/table/info/page/1', 'GET', 'class com.zero.code.generation.controller.TableInfoController.page', '[1,10,{\"id\":null,\"name\":null,\"comment\":null,\"entityName\":null,\"requestMapping\":null,\"basePackageName\":null,\"codeGenerationPath\":null,\"codeAuthor\":null,\"tableColumnList\":null}]', 7, 1, '分页查询系统数据库表信息数据', NULL, NULL, '2021-03-28 16:46:30', 1, '2021-03-28 16:46:30', 1, 0);
INSERT INTO `sys_log` VALUES (3010, 1, '2021-03-28 16:46:32', '127.0.0.1', '/api/menu/routes', 'GET', 'class com.zero.sys.controller.MenuController.routes', NULL, 13, 1, '[动态路由]获取所有启用的系统菜单', NULL, NULL, '2021-03-28 16:46:32', 1, '2021-03-28 16:46:32', 1, 0);
INSERT INTO `sys_log` VALUES (3011, 1, '2021-03-28 16:46:33', '127.0.0.1', '/api/menu/routes', 'GET', 'class com.zero.sys.controller.MenuController.routes', NULL, 15, 1, '[动态路由]获取所有启用的系统菜单', NULL, NULL, '2021-03-28 16:46:32', 1, '2021-03-28 16:46:32', 1, 0);
INSERT INTO `sys_log` VALUES (3012, 1, '2021-03-28 16:46:33', '127.0.0.1', '/api/table/info/page/1', 'GET', 'class com.zero.code.generation.controller.TableInfoController.page', '[1,10,{\"id\":null,\"name\":null,\"comment\":null,\"entityName\":null,\"requestMapping\":null,\"basePackageName\":null,\"codeGenerationPath\":null,\"codeAuthor\":null,\"tableColumnList\":null}]', 5, 1, '分页查询系统数据库表信息数据', NULL, NULL, '2021-03-28 16:46:33', 1, '2021-03-28 16:46:33', 1, 0);
INSERT INTO `sys_log` VALUES (3013, 1, '2021-03-28 16:48:06', '127.0.0.1', '/api/menu/routes', 'GET', 'class com.zero.sys.controller.MenuController.routes', NULL, 15, 1, '[动态路由]获取所有启用的系统菜单', NULL, NULL, '2021-03-28 16:48:05', 1, '2021-03-28 16:48:05', 1, 0);
INSERT INTO `sys_log` VALUES (3014, 1, '2021-03-28 16:48:06', '127.0.0.1', '/api/menu/routes', 'GET', 'class com.zero.sys.controller.MenuController.routes', NULL, 14, 1, '[动态路由]获取所有启用的系统菜单', NULL, NULL, '2021-03-28 16:48:05', 1, '2021-03-28 16:48:05', 1, 0);
INSERT INTO `sys_log` VALUES (3015, 1, '2021-03-28 16:48:55', '127.0.0.1', '/api/table/info/page/1', 'GET', 'class com.zero.code.generation.controller.TableInfoController.page', '[1,10,{\"id\":null,\"name\":null,\"comment\":null,\"entityName\":null,\"requestMapping\":null,\"basePackageName\":null,\"codeGenerationPath\":null,\"codeAuthor\":null,\"tableColumnList\":null}]', 8, 1, '分页查询系统数据库表信息数据', NULL, NULL, '2021-03-28 16:48:54', 1, '2021-03-28 16:48:54', 1, 0);
INSERT INTO `sys_log` VALUES (3016, 1, '2021-03-28 16:49:01', '127.0.0.1', '/api/menu/routes', 'GET', 'class com.zero.sys.controller.MenuController.routes', NULL, 11, 1, '[动态路由]获取所有启用的系统菜单', NULL, NULL, '2021-03-28 16:49:00', 1, '2021-03-28 16:49:00', 1, 0);
INSERT INTO `sys_log` VALUES (3017, 1, '2021-03-28 16:49:01', '127.0.0.1', '/api/menu/routes', 'GET', 'class com.zero.sys.controller.MenuController.routes', NULL, 16, 1, '[动态路由]获取所有启用的系统菜单', NULL, NULL, '2021-03-28 16:49:00', 1, '2021-03-28 16:49:00', 1, 0);
INSERT INTO `sys_log` VALUES (3018, 1, '2021-03-28 16:49:08', '127.0.0.1', '/api/table/info/page/1', 'GET', 'class com.zero.code.generation.controller.TableInfoController.page', '[1,10,{\"id\":null,\"name\":null,\"comment\":null,\"entityName\":null,\"requestMapping\":null,\"basePackageName\":null,\"codeGenerationPath\":null,\"codeAuthor\":null,\"tableColumnList\":null}]', 5, 1, '分页查询系统数据库表信息数据', NULL, NULL, '2021-03-28 16:49:08', 1, '2021-03-28 16:49:08', 1, 0);
INSERT INTO `sys_log` VALUES (3019, 1, '2021-03-28 16:49:30', '127.0.0.1', '/api/table/info/page/1', 'GET', 'class com.zero.code.generation.controller.TableInfoController.page', '[1,10,{\"id\":null,\"name\":null,\"comment\":null,\"entityName\":null,\"requestMapping\":null,\"basePackageName\":null,\"codeGenerationPath\":null,\"codeAuthor\":null,\"tableColumnList\":null}]', 8, 1, '分页查询系统数据库表信息数据', NULL, NULL, '2021-03-28 16:49:30', 1, '2021-03-28 16:49:30', 1, 0);
INSERT INTO `sys_log` VALUES (3020, 1, '2021-03-28 17:42:59', '127.0.0.1', '/api/menu/routes', 'GET', 'class com.zero.sys.controller.MenuController.routes', NULL, 15, 1, '[动态路由]获取所有启用的系统菜单', NULL, NULL, '2021-03-28 17:42:59', 1, '2021-03-28 17:42:59', 1, 0);
INSERT INTO `sys_log` VALUES (3021, 1, '2021-03-28 17:42:59', '127.0.0.1', '/api/menu/routes', 'GET', 'class com.zero.sys.controller.MenuController.routes', NULL, 7, 1, '[动态路由]获取所有启用的系统菜单', NULL, NULL, '2021-03-28 17:42:59', 1, '2021-03-28 17:42:59', 1, 0);
INSERT INTO `sys_log` VALUES (3022, 1, '2021-03-28 17:45:08', '127.0.0.1', '/api/menu/routes', 'GET', 'class com.zero.sys.controller.MenuController.routes', NULL, 12, 1, '[动态路由]获取所有启用的系统菜单', NULL, NULL, '2021-03-28 17:45:07', 1, '2021-03-28 17:45:07', 1, 0);
INSERT INTO `sys_log` VALUES (3023, 1, '2021-03-28 17:45:08', '127.0.0.1', '/api/menu/routes', 'GET', 'class com.zero.sys.controller.MenuController.routes', NULL, 12, 1, '[动态路由]获取所有启用的系统菜单', NULL, NULL, '2021-03-28 17:45:07', 1, '2021-03-28 17:45:07', 1, 0);
INSERT INTO `sys_log` VALUES (3024, 1, '2021-03-28 17:45:09', '127.0.0.1', '/api/resources/page/1', 'GET', 'class com.zero.auth.controller.ResourcesController.page', '[1,10,{\"id\":null,\"uri\":null,\"regex\":null,\"description\":null,\"methodType\":null,\"roles\":null,\"queryRoleId\":null}]', 22, 1, '分页查询系统资源数据', NULL, NULL, '2021-03-28 17:45:08', 1, '2021-03-28 17:45:08', 1, 0);
INSERT INTO `sys_log` VALUES (3025, 1, '2021-03-28 17:45:16', '127.0.0.1', '/api/resources/page/1', 'GET', 'class com.zero.auth.controller.ResourcesController.page', '[1,10,{\"id\":null,\"uri\":\"table/info\",\"regex\":null,\"description\":null,\"methodType\":null,\"roles\":null,\"queryRoleId\":null}]', 19, 1, '分页查询系统资源数据', NULL, NULL, '2021-03-28 17:45:15', 1, '2021-03-28 17:45:15', 1, 0);
INSERT INTO `sys_log` VALUES (3026, 1, '2021-03-28 17:45:27', '127.0.0.1', '/api/table/info/page/1', 'GET', 'class com.zero.code.generation.controller.TableInfoController.page', '[1,10,{\"id\":null,\"name\":null,\"comment\":null,\"entityName\":null,\"requestMapping\":null,\"basePackageName\":null,\"codeGenerationPath\":null,\"codeAuthor\":null,\"tableColumnList\":null}]', 5, 1, '分页查询系统数据库表信息数据', NULL, NULL, '2021-03-28 17:45:27', 1, '2021-03-28 17:45:27', 1, 0);
INSERT INTO `sys_log` VALUES (3027, 1, '2021-03-28 17:45:30', '127.0.0.1', '/api/table/info/9', 'GET', 'class com.zero.code.generation.controller.TableInfoController.get', '[9]', 2, 1, '[通用方法]通过主键获取一条对应实体类的数据库记录', NULL, NULL, '2021-03-28 17:45:30', 1, '2021-03-28 17:45:30', 1, 0);
INSERT INTO `sys_log` VALUES (3028, 1, '2021-03-28 17:46:42', '127.0.0.1', '/api/table/info/9', 'GET', 'class com.zero.code.generation.controller.TableInfoController.get', '[9]', 3, 1, '[通用方法]通过主键获取一条对应实体类的数据库记录', NULL, NULL, '2021-03-28 17:46:42', 1, '2021-03-28 17:46:42', 1, 0);
INSERT INTO `sys_log` VALUES (3029, 1, '2021-03-28 17:47:48', '127.0.0.1', '/api/table/info/9', 'GET', 'class com.zero.code.generation.controller.TableInfoController.get', '[9]', 2, 1, '[通用方法]通过主键获取一条对应实体类的数据库记录', NULL, NULL, '2021-03-28 17:47:47', 1, '2021-03-28 17:47:47', 1, 0);
INSERT INTO `sys_log` VALUES (3030, 1, '2021-03-28 17:49:47', '127.0.0.1', '/api/table/info/9', 'GET', 'class com.zero.code.generation.controller.TableInfoController.get', '[9]', 3, 1, '[通用方法]通过主键获取一条对应实体类的数据库记录', NULL, NULL, '2021-03-28 17:49:46', 1, '2021-03-28 17:49:46', 1, 0);
INSERT INTO `sys_log` VALUES (3031, 1, '2021-03-28 17:50:00', '127.0.0.1', '/api/table/info/9', 'GET', 'class com.zero.code.generation.controller.TableInfoController.get', '[9]', 2, 1, '[通用方法]通过主键获取一条对应实体类的数据库记录', NULL, NULL, '2021-03-28 17:50:00', 1, '2021-03-28 17:50:00', 1, 0);
INSERT INTO `sys_log` VALUES (3032, 1, '2021-03-28 17:51:21', '127.0.0.1', '/api/table/info/page/1', 'GET', 'class com.zero.code.generation.controller.TableInfoController.page', '[1,10,{\"id\":null,\"name\":null,\"comment\":null,\"entityName\":null,\"requestMapping\":null,\"basePackageName\":null,\"codeGenerationPath\":null,\"codeAuthor\":null,\"tableColumnList\":null}]', 6, 1, '分页查询系统数据库表信息数据', NULL, NULL, '2021-03-28 17:51:20', 1, '2021-03-28 17:51:20', 1, 0);
INSERT INTO `sys_log` VALUES (3033, 1, '2021-03-28 17:51:25', '127.0.0.1', '/api/table/info/9', 'GET', 'class com.zero.code.generation.controller.TableInfoController.get', '[9]', 1, 1, '[通用方法]通过主键获取一条对应实体类的数据库记录', NULL, NULL, '2021-03-28 17:51:24', 1, '2021-03-28 17:51:24', 1, 0);
INSERT INTO `sys_log` VALUES (3034, 1, '2021-03-28 17:51:32', '127.0.0.1', '/api/user/page/1', 'GET', 'class com.zero.auth.controller.UserController.page', '[1,10,{\"id\":null,\"username\":null,\"enabled\":null,\"locked\":null,\"accountExpire\":null,\"passwordExpire\":null,\"roles\":null,\"userInfo\":null,\"onlineLoginLogs\":null,\"queryRoleId\":null}]', 43, 1, '分页查询用户数据', NULL, NULL, '2021-03-28 17:51:31', 1, '2021-03-28 17:51:31', 1, 0);
INSERT INTO `sys_log` VALUES (3035, 1, '2021-03-28 17:51:36', '127.0.0.1', '/api/table/info/page/1', 'GET', 'class com.zero.code.generation.controller.TableInfoController.page', '[1,10,{\"id\":null,\"name\":null,\"comment\":null,\"entityName\":null,\"requestMapping\":null,\"basePackageName\":null,\"codeGenerationPath\":null,\"codeAuthor\":null,\"tableColumnList\":null}]', 7, 1, '分页查询系统数据库表信息数据', NULL, NULL, '2021-03-28 17:51:35', 1, '2021-03-28 17:51:35', 1, 0);
INSERT INTO `sys_log` VALUES (3036, 1, '2021-03-28 17:51:38', '127.0.0.1', '/api/table/info/9', 'GET', 'class com.zero.code.generation.controller.TableInfoController.get', '[9]', 2, 1, '[通用方法]通过主键获取一条对应实体类的数据库记录', NULL, NULL, '2021-03-28 17:51:37', 1, '2021-03-28 17:51:37', 1, 0);
INSERT INTO `sys_log` VALUES (3037, 1, '2021-03-28 17:52:16', '127.0.0.1', '/api/menu/routes', 'GET', 'class com.zero.sys.controller.MenuController.routes', NULL, 15, 1, '[动态路由]获取所有启用的系统菜单', NULL, NULL, '2021-03-28 17:52:16', 1, '2021-03-28 17:52:16', 1, 0);
INSERT INTO `sys_log` VALUES (3038, 1, '2021-03-28 17:52:16', '127.0.0.1', '/api/menu/routes', 'GET', 'class com.zero.sys.controller.MenuController.routes', NULL, 11, 1, '[动态路由]获取所有启用的系统菜单', NULL, NULL, '2021-03-28 17:52:16', 1, '2021-03-28 17:52:16', 1, 0);
INSERT INTO `sys_log` VALUES (3039, 1, '2021-03-28 17:52:35', '127.0.0.1', '/api/table/info/page/1', 'GET', 'class com.zero.code.generation.controller.TableInfoController.page', '[1,10,{\"id\":null,\"name\":null,\"comment\":null,\"entityName\":null,\"requestMapping\":null,\"basePackageName\":null,\"codeGenerationPath\":null,\"codeAuthor\":null,\"tableColumnList\":null}]', 5, 1, '分页查询系统数据库表信息数据', NULL, NULL, '2021-03-28 17:52:35', 1, '2021-03-28 17:52:35', 1, 0);
INSERT INTO `sys_log` VALUES (3040, 1, '2021-03-28 17:52:36', '127.0.0.1', '/api/table/info/9', 'GET', 'class com.zero.code.generation.controller.TableInfoController.get', '[9]', 2, 1, '[通用方法]通过主键获取一条对应实体类的数据库记录', NULL, NULL, '2021-03-28 17:52:36', 1, '2021-03-28 17:52:36', 1, 0);
INSERT INTO `sys_log` VALUES (3041, 1, '2021-03-28 17:54:55', '127.0.0.1', '/api/menu/routes', 'GET', 'class com.zero.sys.controller.MenuController.routes', NULL, 14, 1, '[动态路由]获取所有启用的系统菜单', NULL, NULL, '2021-03-28 17:54:55', 1, '2021-03-28 17:54:55', 1, 0);
INSERT INTO `sys_log` VALUES (3042, 1, '2021-03-28 17:54:55', '127.0.0.1', '/api/menu/routes', 'GET', 'class com.zero.sys.controller.MenuController.routes', NULL, 13, 1, '[动态路由]获取所有启用的系统菜单', NULL, NULL, '2021-03-28 17:54:55', 1, '2021-03-28 17:54:55', 1, 0);
INSERT INTO `sys_log` VALUES (3043, 1, '2021-03-28 17:59:57', '127.0.0.1', '/api/menu/routes', 'GET', 'class com.zero.sys.controller.MenuController.routes', NULL, 13, 1, '[动态路由]获取所有启用的系统菜单', NULL, NULL, '2021-03-28 17:59:56', 1, '2021-03-28 17:59:56', 1, 0);
INSERT INTO `sys_log` VALUES (3044, 1, '2021-03-28 17:59:57', '127.0.0.1', '/api/menu/routes', 'GET', 'class com.zero.sys.controller.MenuController.routes', NULL, 9, 1, '[动态路由]获取所有启用的系统菜单', NULL, NULL, '2021-03-28 17:59:56', 1, '2021-03-28 17:59:56', 1, 0);
INSERT INTO `sys_log` VALUES (3045, 1, '2021-03-28 18:00:19', '127.0.0.1', '/api/menu/routes', 'GET', 'class com.zero.sys.controller.MenuController.routes', NULL, 12, 1, '[动态路由]获取所有启用的系统菜单', NULL, NULL, '2021-03-28 18:00:19', 1, '2021-03-28 18:00:19', 1, 0);
INSERT INTO `sys_log` VALUES (3046, 1, '2021-03-28 18:00:19', '127.0.0.1', '/api/menu/routes', 'GET', 'class com.zero.sys.controller.MenuController.routes', NULL, 6, 1, '[动态路由]获取所有启用的系统菜单', NULL, NULL, '2021-03-28 18:00:19', 1, '2021-03-28 18:00:19', 1, 0);
INSERT INTO `sys_log` VALUES (3047, 1, '2021-03-28 18:00:32', '127.0.0.1', '/api/menu/routes', 'GET', 'class com.zero.sys.controller.MenuController.routes', NULL, 11, 1, '[动态路由]获取所有启用的系统菜单', NULL, NULL, '2021-03-28 18:00:31', 1, '2021-03-28 18:00:31', 1, 0);
INSERT INTO `sys_log` VALUES (3048, 1, '2021-03-28 18:00:32', '127.0.0.1', '/api/menu/routes', 'GET', 'class com.zero.sys.controller.MenuController.routes', NULL, 13, 1, '[动态路由]获取所有启用的系统菜单', NULL, NULL, '2021-03-28 18:00:31', 1, '2021-03-28 18:00:31', 1, 0);
INSERT INTO `sys_log` VALUES (3049, 1, '2021-03-28 18:02:52', '127.0.0.1', '/api/table/info/page/1', 'GET', 'class com.zero.code.generation.controller.TableInfoController.page', '[1,10,{\"id\":null,\"name\":null,\"comment\":null,\"entityName\":null,\"requestMapping\":null,\"basePackageName\":null,\"codeGenerationPath\":null,\"codeAuthor\":null,\"tableColumnList\":null}]', 6, 1, '分页查询系统数据库表信息数据', NULL, NULL, '2021-03-28 18:02:52', 1, '2021-03-28 18:02:52', 1, 0);
INSERT INTO `sys_log` VALUES (3050, 1, '2021-03-28 18:02:54', '127.0.0.1', '/api/table/info/10', 'GET', 'class com.zero.code.generation.controller.TableInfoController.get', '[10]', 2, 1, '[通用方法]通过主键获取一条对应实体类的数据库记录', NULL, NULL, '2021-03-28 18:02:53', 1, '2021-03-28 18:02:53', 1, 0);
INSERT INTO `sys_log` VALUES (3051, 1, '2021-03-28 18:03:57', '127.0.0.1', '/api/table/info/10', 'GET', 'class com.zero.code.generation.controller.TableInfoController.get', '[10]', 2, 1, '[通用方法]通过主键获取一条对应实体类的数据库记录', NULL, NULL, '2021-03-28 18:03:56', 1, '2021-03-28 18:03:56', 1, 0);
INSERT INTO `sys_log` VALUES (3052, 1, '2021-03-28 18:04:29', '127.0.0.1', '/api/table/info/10', 'GET', 'class com.zero.code.generation.controller.TableInfoController.get', '[10]', 1, 1, '[通用方法]通过主键获取一条对应实体类的数据库记录', NULL, NULL, '2021-03-28 18:04:28', 1, '2021-03-28 18:04:28', 1, 0);
INSERT INTO `sys_log` VALUES (3053, 1, '2021-03-28 18:05:09', '127.0.0.1', '/api/table/info/10', 'GET', 'class com.zero.code.generation.controller.TableInfoController.get', '[10]', 1, 1, '[通用方法]通过主键获取一条对应实体类的数据库记录', NULL, NULL, '2021-03-28 18:05:09', 1, '2021-03-28 18:05:09', 1, 0);
INSERT INTO `sys_log` VALUES (3054, 1, '2021-03-28 18:06:16', '127.0.0.1', '/api/menu/routes', 'GET', 'class com.zero.sys.controller.MenuController.routes', NULL, 11, 1, '[动态路由]获取所有启用的系统菜单', NULL, NULL, '2021-03-28 18:06:15', 1, '2021-03-28 18:06:15', 1, 0);
INSERT INTO `sys_log` VALUES (3055, 1, '2021-03-28 18:06:16', '127.0.0.1', '/api/menu/routes', 'GET', 'class com.zero.sys.controller.MenuController.routes', NULL, 14, 1, '[动态路由]获取所有启用的系统菜单', NULL, NULL, '2021-03-28 18:06:15', 1, '2021-03-28 18:06:15', 1, 0);
INSERT INTO `sys_log` VALUES (3056, 1, '2021-03-28 18:06:33', '127.0.0.1', '/api/table/info/page/1', 'GET', 'class com.zero.code.generation.controller.TableInfoController.page', '[1,10,{\"id\":null,\"name\":null,\"comment\":null,\"entityName\":null,\"requestMapping\":null,\"basePackageName\":null,\"codeGenerationPath\":null,\"codeAuthor\":null,\"tableColumnList\":null}]', 6, 1, '分页查询系统数据库表信息数据', NULL, NULL, '2021-03-28 18:06:33', 1, '2021-03-28 18:06:33', 1, 0);
INSERT INTO `sys_log` VALUES (3057, 1, '2021-03-28 18:06:35', '127.0.0.1', '/api/table/info/9', 'GET', 'class com.zero.code.generation.controller.TableInfoController.get', '[9]', 1, 1, '[通用方法]通过主键获取一条对应实体类的数据库记录', NULL, NULL, '2021-03-28 18:06:35', 1, '2021-03-28 18:06:35', 1, 0);
INSERT INTO `sys_log` VALUES (3058, 1, '2021-03-28 18:07:05', '127.0.0.1', '/api/table/info/page/1', 'GET', 'class com.zero.code.generation.controller.TableInfoController.page', '[1,10,{\"id\":null,\"name\":null,\"comment\":null,\"entityName\":null,\"requestMapping\":null,\"basePackageName\":null,\"codeGenerationPath\":null,\"codeAuthor\":null,\"tableColumnList\":null}]', 8, 1, '分页查询系统数据库表信息数据', NULL, NULL, '2021-03-28 18:07:04', 1, '2021-03-28 18:07:04', 1, 0);
INSERT INTO `sys_log` VALUES (3059, 1, '2021-03-28 18:07:06', '127.0.0.1', '/api/table/info/9', 'GET', 'class com.zero.code.generation.controller.TableInfoController.get', '[9]', 1, 1, '[通用方法]通过主键获取一条对应实体类的数据库记录', NULL, NULL, '2021-03-28 18:07:06', 1, '2021-03-28 18:07:06', 1, 0);
INSERT INTO `sys_log` VALUES (3060, 1, '2021-03-28 18:08:46', '127.0.0.1', '/api/table/info/9', 'GET', 'class com.zero.code.generation.controller.TableInfoController.get', '[9]', 2, 1, '[通用方法]通过主键获取一条对应实体类的数据库记录', NULL, NULL, '2021-03-28 18:08:45', 1, '2021-03-28 18:08:45', 1, 0);
INSERT INTO `sys_log` VALUES (3061, 1, '2021-03-28 18:10:26', '127.0.0.1', '/api/table/info/page/1', 'GET', 'class com.zero.code.generation.controller.TableInfoController.page', '[1,10,{\"id\":null,\"name\":null,\"comment\":null,\"entityName\":null,\"requestMapping\":null,\"basePackageName\":null,\"codeGenerationPath\":null,\"codeAuthor\":null,\"tableColumnList\":null}]', 9, 1, '分页查询系统数据库表信息数据', NULL, NULL, '2021-03-28 18:10:25', 1, '2021-03-28 18:10:25', 1, 0);
INSERT INTO `sys_log` VALUES (3062, 1, '2021-03-28 18:10:29', '127.0.0.1', '/api/table/info/not/list', 'GET', 'class com.zero.code.generation.controller.TableInfoController.getNotAddList', NULL, 5, 1, '获取还没有插入数据库中的数据库表信息', NULL, NULL, '2021-03-28 18:10:28', 1, '2021-03-28 18:10:28', 1, 0);
INSERT INTO `sys_log` VALUES (3063, 1, '2021-03-28 18:10:58', '127.0.0.1', '/api/table/info', 'POST', 'class com.zero.code.generation.controller.TableInfoController.save', '[{\"id\":11,\"name\":\"dev_table_column\",\"comment\":\"系统数据库表字段信息表\",\"entityName\":\"TableColumn\",\"requestMapping\":\"table/column\",\"basePackageName\":\"com.zero.code.generation\",\"codeGenerationPath\":\"G:\\\\\",\"codeAuthor\":\"herenpeng\",\"tableColumnList\":null}]', 33, 1, '[通用方法]插入一条对应实体类的数据库记录', NULL, NULL, '2021-03-28 18:10:57', 1, '2021-03-28 18:10:57', 1, 0);
INSERT INTO `sys_log` VALUES (3064, 1, '2021-03-28 18:10:58', '127.0.0.1', '/api/table/info/page/1', 'GET', 'class com.zero.code.generation.controller.TableInfoController.page', '[1,10,{\"id\":null,\"name\":null,\"comment\":null,\"entityName\":null,\"requestMapping\":null,\"basePackageName\":null,\"codeGenerationPath\":null,\"codeAuthor\":null,\"tableColumnList\":null}]', 4, 1, '分页查询系统数据库表信息数据', NULL, NULL, '2021-03-28 18:10:57', 1, '2021-03-28 18:10:57', 1, 0);
INSERT INTO `sys_log` VALUES (3065, 1, '2021-03-28 18:11:01', '127.0.0.1', '/api/table/info/code/generation/11', 'POST', 'class com.zero.code.generation.controller.TableInfoController.codeGeneration', '[11]', 1689, 1, '生成代码', NULL, NULL, '2021-03-28 18:11:02', 1, '2021-03-28 18:11:02', 1, 0);
INSERT INTO `sys_log` VALUES (3066, 1, '2021-03-28 18:29:10', '127.0.0.1', '/api/user/page/1', 'GET', 'class com.zero.auth.controller.UserController.page', '[1,10,{\"id\":null,\"username\":null,\"enabled\":null,\"locked\":null,\"accountExpire\":null,\"passwordExpire\":null,\"roles\":null,\"userInfo\":null,\"onlineLoginLogs\":null,\"queryRoleId\":null}]', 167, 1, '分页查询用户数据', NULL, NULL, '2021-03-28 18:29:10', 1, '2021-03-28 18:29:10', 1, 0);
INSERT INTO `sys_log` VALUES (3067, 1, '2021-03-28 18:31:32', '127.0.0.1', '/api/table/info/page/1', 'GET', 'class com.zero.code.generation.controller.TableInfoController.page', '[1,10,{\"id\":null,\"name\":null,\"comment\":null,\"entityName\":null,\"requestMapping\":null,\"basePackageName\":null,\"codeGenerationPath\":null,\"codeAuthor\":null,\"tableColumnList\":null}]', 18, 1, '分页查询系统数据库表信息数据', NULL, NULL, '2021-03-28 18:31:32', 1, '2021-03-28 18:31:32', 1, 0);
INSERT INTO `sys_log` VALUES (3068, 1, '2021-03-28 18:31:34', '127.0.0.1', '/api/table/info/9', 'GET', 'class com.zero.code.generation.controller.TableInfoController.get', '[9]', 4, 1, '[通用方法]通过主键获取一条对应实体类的数据库记录', NULL, NULL, '2021-03-28 18:31:34', 1, '2021-03-28 18:31:34', 1, 0);
INSERT INTO `sys_log` VALUES (3069, 1, '2021-03-28 18:31:47', '127.0.0.1', '/api/menu/routes', 'GET', 'class com.zero.sys.controller.MenuController.routes', NULL, 42, 1, '[动态路由]获取所有启用的系统菜单', NULL, NULL, '2021-03-28 18:31:46', 1, '2021-03-28 18:31:46', 1, 0);
INSERT INTO `sys_log` VALUES (3070, 1, '2021-03-28 18:31:47', '127.0.0.1', '/api/menu/routes', 'GET', 'class com.zero.sys.controller.MenuController.routes', NULL, 19, 1, '[动态路由]获取所有启用的系统菜单', NULL, NULL, '2021-03-28 18:31:46', 1, '2021-03-28 18:31:46', 1, 0);
INSERT INTO `sys_log` VALUES (3071, 1, '2021-03-28 18:31:53', '127.0.0.1', '/api/table/info/page/1', 'GET', 'class com.zero.code.generation.controller.TableInfoController.page', '[1,10,{\"id\":null,\"name\":null,\"comment\":null,\"entityName\":null,\"requestMapping\":null,\"basePackageName\":null,\"codeGenerationPath\":null,\"codeAuthor\":null,\"tableColumnList\":null}]', 8, 1, '分页查询系统数据库表信息数据', NULL, NULL, '2021-03-28 18:31:52', 1, '2021-03-28 18:31:52', 1, 0);
INSERT INTO `sys_log` VALUES (3072, 1, '2021-03-28 18:31:55', '127.0.0.1', '/api/table/info/9', 'GET', 'class com.zero.code.generation.controller.TableInfoController.get', '[9]', 2, 1, '[通用方法]通过主键获取一条对应实体类的数据库记录', NULL, NULL, '2021-03-28 18:31:54', 1, '2021-03-28 18:31:54', 1, 0);
INSERT INTO `sys_log` VALUES (3073, 1, '2021-03-28 18:32:15', '127.0.0.1', '/api/table/info/9', 'GET', 'class com.zero.code.generation.controller.TableInfoController.get', '[9]', 2, 1, '[通用方法]通过主键获取一条对应实体类的数据库记录', NULL, NULL, '2021-03-28 18:32:14', 1, '2021-03-28 18:32:14', 1, 0);
INSERT INTO `sys_log` VALUES (3074, 1, '2021-03-28 18:32:17', '127.0.0.1', '/api/table/column/table/info/9', 'GET', 'class com.zero.code.generation.controller.TableColumnController.getByTableInfoId', '[9]', 20, 1, '通过tableInfoId获取所有的字段信息', NULL, NULL, '2021-03-28 18:32:16', 1, '2021-03-28 18:32:16', 1, 0);
INSERT INTO `sys_log` VALUES (3075, 1, '2021-03-28 18:32:52', '127.0.0.1', '/api/table/column/table/info/9', 'GET', 'class com.zero.code.generation.controller.TableColumnController.getByTableInfoId', '[9]', 3, 1, '通过tableInfoId获取所有的字段信息', NULL, NULL, '2021-03-28 18:32:52', 1, '2021-03-28 18:32:52', 1, 0);
INSERT INTO `sys_log` VALUES (3076, 1, '2021-03-28 18:43:06', '127.0.0.1', '/api/menu/routes', 'GET', 'class com.zero.sys.controller.MenuController.routes', NULL, 17, 1, '[动态路由]获取所有启用的系统菜单', NULL, NULL, '2021-03-28 18:43:05', 1, '2021-03-28 18:43:05', 1, 0);
INSERT INTO `sys_log` VALUES (3077, 1, '2021-03-28 18:43:06', '127.0.0.1', '/api/menu/routes', 'GET', 'class com.zero.sys.controller.MenuController.routes', NULL, 16, 1, '[动态路由]获取所有启用的系统菜单', NULL, NULL, '2021-03-28 18:43:05', 1, '2021-03-28 18:43:05', 1, 0);
INSERT INTO `sys_log` VALUES (3078, 1, '2021-03-28 19:16:59', '127.0.0.1', '/api/menu/routes', 'GET', 'class com.zero.sys.controller.MenuController.routes', NULL, 13, 1, '[动态路由]获取所有启用的系统菜单', NULL, NULL, '2021-03-28 19:16:59', 1, '2021-03-28 19:16:59', 1, 0);
INSERT INTO `sys_log` VALUES (3079, 1, '2021-03-28 19:16:59', '127.0.0.1', '/api/menu/routes', 'GET', 'class com.zero.sys.controller.MenuController.routes', NULL, 12, 1, '[动态路由]获取所有启用的系统菜单', NULL, NULL, '2021-03-28 19:16:59', 1, '2021-03-28 19:16:59', 1, 0);
INSERT INTO `sys_log` VALUES (3080, 1, '2021-03-28 19:17:05', '127.0.0.1', '/api/table/info/page/1', 'GET', 'class com.zero.code.generation.controller.TableInfoController.page', '[1,10,{\"id\":null,\"name\":null,\"comment\":null,\"entityName\":null,\"requestMapping\":null,\"basePackageName\":null,\"codeGenerationPath\":null,\"codeAuthor\":null,\"tableColumnList\":null}]', 6, 1, '分页查询系统数据库表信息数据', NULL, NULL, '2021-03-28 19:17:04', 1, '2021-03-28 19:17:04', 1, 0);
INSERT INTO `sys_log` VALUES (3081, 1, '2021-03-28 19:17:07', '127.0.0.1', '/api/table/info/9', 'GET', 'class com.zero.code.generation.controller.TableInfoController.get', '[9]', 7, 1, '[通用方法]通过主键获取一条对应实体类的数据库记录', NULL, NULL, '2021-03-28 19:17:06', 1, '2021-03-28 19:17:06', 1, 0);
INSERT INTO `sys_log` VALUES (3082, 1, '2021-03-28 19:18:14', '127.0.0.1', '/api/menu/routes', 'GET', 'class com.zero.sys.controller.MenuController.routes', NULL, 14, 1, '[动态路由]获取所有启用的系统菜单', NULL, NULL, '2021-03-28 19:18:13', 1, '2021-03-28 19:18:13', 1, 0);
INSERT INTO `sys_log` VALUES (3083, 1, '2021-03-28 19:18:14', '127.0.0.1', '/api/menu/routes', 'GET', 'class com.zero.sys.controller.MenuController.routes', NULL, 19, 1, '[动态路由]获取所有启用的系统菜单', NULL, NULL, '2021-03-28 19:18:13', 1, '2021-03-28 19:18:13', 1, 0);
INSERT INTO `sys_log` VALUES (3084, 1, '2021-03-28 19:18:15', '127.0.0.1', '/api/table/info/page/1', 'GET', 'class com.zero.code.generation.controller.TableInfoController.page', '[1,10,{\"id\":null,\"name\":null,\"comment\":null,\"entityName\":null,\"requestMapping\":null,\"basePackageName\":null,\"codeGenerationPath\":null,\"codeAuthor\":null,\"tableColumnList\":null}]', 10, 1, '分页查询系统数据库表信息数据', NULL, NULL, '2021-03-28 19:18:14', 1, '2021-03-28 19:18:14', 1, 0);
INSERT INTO `sys_log` VALUES (3085, 1, '2021-03-28 19:18:17', '127.0.0.1', '/api/table/info/9', 'GET', 'class com.zero.code.generation.controller.TableInfoController.get', '[9]', 2, 1, '[通用方法]通过主键获取一条对应实体类的数据库记录', NULL, NULL, '2021-03-28 19:18:17', 1, '2021-03-28 19:18:17', 1, 0);
INSERT INTO `sys_log` VALUES (3086, 1, '2021-03-28 19:18:19', '127.0.0.1', '/api/table/column/page/1', 'GET', 'class com.zero.code.generation.controller.TableColumnController.page', '[1,10,{\"id\":null,\"name\":null,\"javaName\":null,\"comment\":null,\"databaseType\":null,\"jdbcType\":null,\"javaType\":null,\"sort\":null,\"tableInfoId\":9}]', 15, 1, '分页查询系统数据库表字段信息表数据', NULL, NULL, '2021-03-28 19:18:19', 1, '2021-03-28 19:18:19', 1, 0);
INSERT INTO `sys_log` VALUES (3087, 1, '2021-03-28 19:19:32', '127.0.0.1', '/api/menu/routes', 'GET', 'class com.zero.sys.controller.MenuController.routes', NULL, 17, 1, '[动态路由]获取所有启用的系统菜单', NULL, NULL, '2021-03-28 19:19:32', 1, '2021-03-28 19:19:32', 1, 0);
INSERT INTO `sys_log` VALUES (3088, 1, '2021-03-28 19:19:32', '127.0.0.1', '/api/menu/routes', 'GET', 'class com.zero.sys.controller.MenuController.routes', NULL, 17, 1, '[动态路由]获取所有启用的系统菜单', NULL, NULL, '2021-03-28 19:19:32', 1, '2021-03-28 19:19:32', 1, 0);
INSERT INTO `sys_log` VALUES (3089, 1, '2021-03-28 19:19:33', '127.0.0.1', '/api/table/info/page/1', 'GET', 'class com.zero.code.generation.controller.TableInfoController.page', '[1,10,{\"id\":null,\"name\":null,\"comment\":null,\"entityName\":null,\"requestMapping\":null,\"basePackageName\":null,\"codeGenerationPath\":null,\"codeAuthor\":null,\"tableColumnList\":null}]', 18, 1, '分页查询系统数据库表信息数据', NULL, NULL, '2021-03-28 19:19:33', 1, '2021-03-28 19:19:33', 1, 0);
INSERT INTO `sys_log` VALUES (3090, 1, '2021-03-28 19:19:37', '127.0.0.1', '/api/table/info/9', 'GET', 'class com.zero.code.generation.controller.TableInfoController.get', '[9]', 2, 1, '[通用方法]通过主键获取一条对应实体类的数据库记录', NULL, NULL, '2021-03-28 19:19:36', 1, '2021-03-28 19:19:36', 1, 0);
INSERT INTO `sys_log` VALUES (3091, 1, '2021-03-28 19:20:15', '127.0.0.1', '/api/menu/routes', 'GET', 'class com.zero.sys.controller.MenuController.routes', NULL, 12, 1, '[动态路由]获取所有启用的系统菜单', NULL, NULL, '2021-03-28 19:20:15', 1, '2021-03-28 19:20:15', 1, 0);
INSERT INTO `sys_log` VALUES (3092, 1, '2021-03-28 19:20:15', '127.0.0.1', '/api/menu/routes', 'GET', 'class com.zero.sys.controller.MenuController.routes', NULL, 18, 1, '[动态路由]获取所有启用的系统菜单', NULL, NULL, '2021-03-28 19:20:15', 1, '2021-03-28 19:20:15', 1, 0);
INSERT INTO `sys_log` VALUES (3093, 1, '2021-03-28 19:20:18', '127.0.0.1', '/api/table/info/page/1', 'GET', 'class com.zero.code.generation.controller.TableInfoController.page', '[1,10,{\"id\":null,\"name\":null,\"comment\":null,\"entityName\":null,\"requestMapping\":null,\"basePackageName\":null,\"codeGenerationPath\":null,\"codeAuthor\":null,\"tableColumnList\":null}]', 8, 1, '分页查询系统数据库表信息数据', NULL, NULL, '2021-03-28 19:20:17', 1, '2021-03-28 19:20:17', 1, 0);
INSERT INTO `sys_log` VALUES (3094, 1, '2021-03-28 19:20:20', '127.0.0.1', '/api/table/info/9', 'GET', 'class com.zero.code.generation.controller.TableInfoController.get', '[9]', 2, 1, '[通用方法]通过主键获取一条对应实体类的数据库记录', NULL, NULL, '2021-03-28 19:20:19', 1, '2021-03-28 19:20:19', 1, 0);
INSERT INTO `sys_log` VALUES (3095, 1, '2021-03-28 19:20:56', '127.0.0.1', '/api/menu/routes', 'GET', 'class com.zero.sys.controller.MenuController.routes', NULL, 17, 1, '[动态路由]获取所有启用的系统菜单', NULL, NULL, '2021-03-28 19:20:56', 1, '2021-03-28 19:20:56', 1, 0);
INSERT INTO `sys_log` VALUES (3096, 1, '2021-03-28 19:20:56', '127.0.0.1', '/api/menu/routes', 'GET', 'class com.zero.sys.controller.MenuController.routes', NULL, 18, 1, '[动态路由]获取所有启用的系统菜单', NULL, NULL, '2021-03-28 19:20:56', 1, '2021-03-28 19:20:56', 1, 0);
INSERT INTO `sys_log` VALUES (3097, 1, '2021-03-28 19:20:59', '127.0.0.1', '/api/table/info/page/1', 'GET', 'class com.zero.code.generation.controller.TableInfoController.page', '[1,10,{\"id\":null,\"name\":null,\"comment\":null,\"entityName\":null,\"requestMapping\":null,\"basePackageName\":null,\"codeGenerationPath\":null,\"codeAuthor\":null,\"tableColumnList\":null}]', 7, 1, '分页查询系统数据库表信息数据', NULL, NULL, '2021-03-28 19:20:59', 1, '2021-03-28 19:20:59', 1, 0);
INSERT INTO `sys_log` VALUES (3098, 1, '2021-03-28 19:21:01', '127.0.0.1', '/api/table/info/9', 'GET', 'class com.zero.code.generation.controller.TableInfoController.get', '[9]', 2, 1, '[通用方法]通过主键获取一条对应实体类的数据库记录', NULL, NULL, '2021-03-28 19:21:01', 1, '2021-03-28 19:21:01', 1, 0);
INSERT INTO `sys_log` VALUES (3099, 1, '2021-03-28 19:22:44', '127.0.0.1', '/api/menu/routes', 'GET', 'class com.zero.sys.controller.MenuController.routes', NULL, 15, 1, '[动态路由]获取所有启用的系统菜单', NULL, NULL, '2021-03-28 19:22:43', 1, '2021-03-28 19:22:43', 1, 0);
INSERT INTO `sys_log` VALUES (3100, 1, '2021-03-28 19:22:44', '127.0.0.1', '/api/menu/routes', 'GET', 'class com.zero.sys.controller.MenuController.routes', NULL, 15, 1, '[动态路由]获取所有启用的系统菜单', NULL, NULL, '2021-03-28 19:22:44', 1, '2021-03-28 19:22:44', 1, 0);
INSERT INTO `sys_log` VALUES (3101, 1, '2021-03-28 19:23:33', '127.0.0.1', '/api/menu/routes', 'GET', 'class com.zero.sys.controller.MenuController.routes', NULL, 13, 1, '[动态路由]获取所有启用的系统菜单', NULL, NULL, '2021-03-28 19:23:33', 1, '2021-03-28 19:23:33', 1, 0);
INSERT INTO `sys_log` VALUES (3102, 1, '2021-03-28 19:23:33', '127.0.0.1', '/api/menu/routes', 'GET', 'class com.zero.sys.controller.MenuController.routes', NULL, 15, 1, '[动态路由]获取所有启用的系统菜单', NULL, NULL, '2021-03-28 19:23:33', 1, '2021-03-28 19:23:33', 1, 0);
INSERT INTO `sys_log` VALUES (3103, 1, '2021-03-28 19:24:26', '127.0.0.1', '/api/table/info/page/1', 'GET', 'class com.zero.code.generation.controller.TableInfoController.page', '[1,10,{\"id\":null,\"name\":null,\"comment\":null,\"entityName\":null,\"requestMapping\":null,\"basePackageName\":null,\"codeGenerationPath\":null,\"codeAuthor\":null,\"tableColumnList\":null}]', 9, 1, '分页查询系统数据库表信息数据', NULL, NULL, '2021-03-28 19:24:25', 1, '2021-03-28 19:24:25', 1, 0);
INSERT INTO `sys_log` VALUES (3104, 1, '2021-03-28 19:24:28', '127.0.0.1', '/api/table/info/9', 'GET', 'class com.zero.code.generation.controller.TableInfoController.get', '[9]', 3, 1, '[通用方法]通过主键获取一条对应实体类的数据库记录', NULL, NULL, '2021-03-28 19:24:28', 1, '2021-03-28 19:24:28', 1, 0);
INSERT INTO `sys_log` VALUES (3105, 1, '2021-03-28 19:24:30', '127.0.0.1', '/api/table/column/page/1', 'GET', 'class com.zero.code.generation.controller.TableColumnController.page', '[1,10,{\"id\":null,\"name\":null,\"javaName\":null,\"comment\":null,\"databaseType\":null,\"jdbcType\":null,\"javaType\":null,\"sort\":null,\"tableInfoId\":9}]', 9, 1, '分页查询系统数据库表字段信息表数据', NULL, NULL, '2021-03-28 19:24:29', 1, '2021-03-28 19:24:29', 1, 0);
INSERT INTO `sys_log` VALUES (3106, 1, '2021-03-28 19:26:22', '127.0.0.1', '/api/table/info/9', 'GET', 'class com.zero.code.generation.controller.TableInfoController.get', '[9]', 2, 1, '[通用方法]通过主键获取一条对应实体类的数据库记录', NULL, NULL, '2021-03-28 19:26:21', 1, '2021-03-28 19:26:21', 1, 0);
INSERT INTO `sys_log` VALUES (3107, 1, '2021-03-28 19:26:23', '127.0.0.1', '/api/table/info/9', 'GET', 'class com.zero.code.generation.controller.TableInfoController.get', '[9]', 2, 1, '[通用方法]通过主键获取一条对应实体类的数据库记录', NULL, NULL, '2021-03-28 19:26:23', 1, '2021-03-28 19:26:23', 1, 0);
INSERT INTO `sys_log` VALUES (3108, 1, '2021-03-28 19:26:24', '127.0.0.1', '/api/table/column/page/1', 'GET', 'class com.zero.code.generation.controller.TableColumnController.page', '[1,10,{\"id\":null,\"name\":null,\"javaName\":null,\"comment\":null,\"databaseType\":null,\"jdbcType\":null,\"javaType\":null,\"sort\":null,\"tableInfoId\":9}]', 6, 1, '分页查询系统数据库表字段信息表数据', NULL, NULL, '2021-03-28 19:26:24', 1, '2021-03-28 19:26:24', 1, 0);
INSERT INTO `sys_log` VALUES (3109, 1, '2021-03-28 19:26:27', '127.0.0.1', '/api/table/column/page/2', 'GET', 'class com.zero.code.generation.controller.TableColumnController.page', '[2,10,{\"id\":null,\"name\":null,\"javaName\":null,\"comment\":null,\"databaseType\":null,\"jdbcType\":null,\"javaType\":null,\"sort\":null,\"tableInfoId\":9}]', 7, 1, '分页查询系统数据库表字段信息表数据', NULL, NULL, '2021-03-28 19:26:27', 1, '2021-03-28 19:26:27', 1, 0);
INSERT INTO `sys_log` VALUES (3110, 1, '2021-03-28 19:26:33', '127.0.0.1', '/api/table/column/page/1', 'GET', 'class com.zero.code.generation.controller.TableColumnController.page', '[1,10,{\"id\":null,\"name\":null,\"javaName\":null,\"comment\":null,\"databaseType\":null,\"jdbcType\":null,\"javaType\":null,\"sort\":null,\"tableInfoId\":9}]', 9, 1, '分页查询系统数据库表字段信息表数据', NULL, NULL, '2021-03-28 19:26:33', 1, '2021-03-28 19:26:33', 1, 0);
INSERT INTO `sys_log` VALUES (3111, 1, '2021-03-28 19:45:02', '127.0.0.1', '/api/menu/routes', 'GET', 'class com.zero.sys.controller.MenuController.routes', NULL, 21, 1, '[动态路由]获取所有启用的系统菜单', NULL, NULL, '2021-03-28 19:45:01', 1, '2021-03-28 19:45:01', 1, 0);
INSERT INTO `sys_log` VALUES (3112, 1, '2021-03-28 19:45:03', '127.0.0.1', '/api/menu/routes', 'GET', 'class com.zero.sys.controller.MenuController.routes', NULL, 13, 1, '[动态路由]获取所有启用的系统菜单', NULL, NULL, '2021-03-28 19:45:02', 1, '2021-03-28 19:45:02', 1, 0);
INSERT INTO `sys_log` VALUES (3113, 1, '2021-03-28 19:45:51', '127.0.0.1', '/api/menu/routes', 'GET', 'class com.zero.sys.controller.MenuController.routes', NULL, 15, 1, '[动态路由]获取所有启用的系统菜单', NULL, NULL, '2021-03-28 19:45:50', 1, '2021-03-28 19:45:50', 1, 0);
INSERT INTO `sys_log` VALUES (3114, 1, '2021-03-28 19:45:51', '127.0.0.1', '/api/menu/routes', 'GET', 'class com.zero.sys.controller.MenuController.routes', NULL, 12, 1, '[动态路由]获取所有启用的系统菜单', NULL, NULL, '2021-03-28 19:45:50', 1, '2021-03-28 19:45:50', 1, 0);
INSERT INTO `sys_log` VALUES (3115, 1, '2021-03-28 19:46:12', '127.0.0.1', '/api/menu/routes', 'GET', 'class com.zero.sys.controller.MenuController.routes', NULL, 16, 1, '[动态路由]获取所有启用的系统菜单', NULL, NULL, '2021-03-28 19:46:11', 1, '2021-03-28 19:46:11', 1, 0);
INSERT INTO `sys_log` VALUES (3116, 1, '2021-03-28 19:46:12', '127.0.0.1', '/api/menu/routes', 'GET', 'class com.zero.sys.controller.MenuController.routes', NULL, 9, 1, '[动态路由]获取所有启用的系统菜单', NULL, NULL, '2021-03-28 19:46:11', 1, '2021-03-28 19:46:11', 1, 0);
INSERT INTO `sys_log` VALUES (3117, 1, '2021-03-28 19:46:22', '127.0.0.1', '/api/menu/routes', 'GET', 'class com.zero.sys.controller.MenuController.routes', NULL, 14, 1, '[动态路由]获取所有启用的系统菜单', NULL, NULL, '2021-03-28 19:46:22', 1, '2021-03-28 19:46:22', 1, 0);
INSERT INTO `sys_log` VALUES (3118, 1, '2021-03-28 19:46:22', '127.0.0.1', '/api/menu/routes', 'GET', 'class com.zero.sys.controller.MenuController.routes', NULL, 7, 1, '[动态路由]获取所有启用的系统菜单', NULL, NULL, '2021-03-28 19:46:22', 1, '2021-03-28 19:46:22', 1, 0);
INSERT INTO `sys_log` VALUES (3119, 1, '2021-03-28 19:49:40', '127.0.0.1', '/api/menu/routes', 'GET', 'class com.zero.sys.controller.MenuController.routes', NULL, 13, 1, '[动态路由]获取所有启用的系统菜单', NULL, NULL, '2021-03-28 19:49:40', 1, '2021-03-28 19:49:40', 1, 0);
INSERT INTO `sys_log` VALUES (3120, 1, '2021-03-28 19:49:40', '127.0.0.1', '/api/menu/routes', 'GET', 'class com.zero.sys.controller.MenuController.routes', NULL, 12, 1, '[动态路由]获取所有启用的系统菜单', NULL, NULL, '2021-03-28 19:49:40', 1, '2021-03-28 19:49:40', 1, 0);
INSERT INTO `sys_log` VALUES (3121, 1, '2021-03-28 19:50:20', '127.0.0.1', '/api/menu/routes', 'GET', 'class com.zero.sys.controller.MenuController.routes', NULL, 13, 1, '[动态路由]获取所有启用的系统菜单', NULL, NULL, '2021-03-28 19:50:19', 1, '2021-03-28 19:50:19', 1, 0);
INSERT INTO `sys_log` VALUES (3122, 1, '2021-03-28 19:50:20', '127.0.0.1', '/api/menu/routes', 'GET', 'class com.zero.sys.controller.MenuController.routes', NULL, 9, 1, '[动态路由]获取所有启用的系统菜单', NULL, NULL, '2021-03-28 19:50:19', 1, '2021-03-28 19:50:19', 1, 0);
INSERT INTO `sys_log` VALUES (3123, 1, '2021-03-28 20:06:20', '127.0.0.1', '/api/table/info/page/1', 'GET', 'class com.zero.code.generation.controller.TableInfoController.page', '[1,10,{\"id\":null,\"name\":null,\"comment\":null,\"entityName\":null,\"requestMapping\":null,\"basePackageName\":null,\"codeGenerationPath\":null,\"codeAuthor\":null,\"tableColumnList\":null}]', 6, 1, '分页查询系统数据库表信息数据', NULL, NULL, '2021-03-28 20:06:19', 1, '2021-03-28 20:06:19', 1, 0);
INSERT INTO `sys_log` VALUES (3124, 1, '2021-03-28 20:06:21', '127.0.0.1', '/api/table/info/9', 'GET', 'class com.zero.code.generation.controller.TableInfoController.get', '[9]', 2, 1, '[通用方法]通过主键获取一条对应实体类的数据库记录', NULL, NULL, '2021-03-28 20:06:21', 1, '2021-03-28 20:06:21', 1, 0);
INSERT INTO `sys_log` VALUES (3125, 1, '2021-03-28 20:06:23', '127.0.0.1', '/api/table/column/page/1', 'GET', 'class com.zero.code.generation.controller.TableColumnController.page', '[1,10,{\"id\":null,\"name\":null,\"javaName\":null,\"comment\":null,\"databaseType\":null,\"jdbcType\":null,\"javaType\":null,\"sort\":null,\"tableInfoId\":9}]', 6, 1, '分页查询系统数据库表字段信息表数据', NULL, NULL, '2021-03-28 20:06:23', 1, '2021-03-28 20:06:23', 1, 0);
INSERT INTO `sys_log` VALUES (3126, 1, '2021-03-28 20:07:01', '127.0.0.1', '/api/table/info/page/1', 'GET', 'class com.zero.code.generation.controller.TableInfoController.page', '[1,10,{\"id\":null,\"name\":null,\"comment\":null,\"entityName\":null,\"requestMapping\":null,\"basePackageName\":null,\"codeGenerationPath\":null,\"codeAuthor\":null,\"tableColumnList\":null}]', 6, 1, '分页查询系统数据库表信息数据', NULL, NULL, '2021-03-28 20:07:01', 1, '2021-03-28 20:07:01', 1, 0);
INSERT INTO `sys_log` VALUES (3127, 1, '2021-03-28 20:07:04', '127.0.0.1', '/api/table/info/9', 'GET', 'class com.zero.code.generation.controller.TableInfoController.get', '[9]', 2, 1, '[通用方法]通过主键获取一条对应实体类的数据库记录', NULL, NULL, '2021-03-28 20:07:03', 1, '2021-03-28 20:07:03', 1, 0);
INSERT INTO `sys_log` VALUES (3128, 1, '2021-03-28 20:07:35', '127.0.0.1', '/api/table/info/9', 'GET', 'class com.zero.code.generation.controller.TableInfoController.get', '[9]', 1, 1, '[通用方法]通过主键获取一条对应实体类的数据库记录', NULL, NULL, '2021-03-28 20:07:34', 1, '2021-03-28 20:07:34', 1, 0);
INSERT INTO `sys_log` VALUES (3129, 1, '2021-03-28 20:07:35', '127.0.0.1', '/api/table/column/page/1', 'GET', 'class com.zero.code.generation.controller.TableColumnController.page', '[1,10,{\"id\":null,\"name\":null,\"javaName\":null,\"comment\":null,\"databaseType\":null,\"jdbcType\":null,\"javaType\":null,\"sort\":null,\"tableInfoId\":null}]', 8, 1, '分页查询系统数据库表字段信息表数据', NULL, NULL, '2021-03-28 20:07:34', 1, '2021-03-28 20:07:34', 1, 0);
INSERT INTO `sys_log` VALUES (3130, 1, '2021-03-28 20:07:38', '127.0.0.1', '/api/table/info/page/1', 'GET', 'class com.zero.code.generation.controller.TableInfoController.page', '[1,10,{\"id\":null,\"name\":null,\"comment\":null,\"entityName\":null,\"requestMapping\":null,\"basePackageName\":null,\"codeGenerationPath\":null,\"codeAuthor\":null,\"tableColumnList\":null}]', 7, 1, '分页查询系统数据库表信息数据', NULL, NULL, '2021-03-28 20:07:37', 1, '2021-03-28 20:07:37', 1, 0);
INSERT INTO `sys_log` VALUES (3131, 1, '2021-03-28 20:07:39', '127.0.0.1', '/api/table/info/9', 'GET', 'class com.zero.code.generation.controller.TableInfoController.get', '[9]', 2, 1, '[通用方法]通过主键获取一条对应实体类的数据库记录', NULL, NULL, '2021-03-28 20:07:39', 1, '2021-03-28 20:07:39', 1, 0);
INSERT INTO `sys_log` VALUES (3132, 1, '2021-03-28 20:07:39', '127.0.0.1', '/api/table/column/page/1', 'GET', 'class com.zero.code.generation.controller.TableColumnController.page', '[1,10,{\"id\":null,\"name\":null,\"javaName\":null,\"comment\":null,\"databaseType\":null,\"jdbcType\":null,\"javaType\":null,\"sort\":null,\"tableInfoId\":null}]', 8, 1, '分页查询系统数据库表字段信息表数据', NULL, NULL, '2021-03-28 20:07:39', 1, '2021-03-28 20:07:39', 1, 0);
INSERT INTO `sys_log` VALUES (3133, 1, '2021-03-28 20:08:33', '127.0.0.1', '/api/table/info/9', 'GET', 'class com.zero.code.generation.controller.TableInfoController.get', '[9]', 4, 1, '[通用方法]通过主键获取一条对应实体类的数据库记录', NULL, NULL, '2021-03-28 20:08:32', 1, '2021-03-28 20:08:32', 1, 0);
INSERT INTO `sys_log` VALUES (3134, 1, '2021-03-28 20:08:33', '127.0.0.1', '/api/table/column/page/1', 'GET', 'class com.zero.code.generation.controller.TableColumnController.page', '[1,10,{\"id\":null,\"name\":null,\"javaName\":null,\"comment\":null,\"databaseType\":null,\"jdbcType\":null,\"javaType\":null,\"sort\":null,\"tableInfoId\":null}]', 9, 1, '分页查询系统数据库表字段信息表数据', NULL, NULL, '2021-03-28 20:08:32', 1, '2021-03-28 20:08:32', 1, 0);
INSERT INTO `sys_log` VALUES (3135, 1, '2021-03-28 20:08:36', '127.0.0.1', '/api/table/info/page/1', 'GET', 'class com.zero.code.generation.controller.TableInfoController.page', '[1,10,{\"id\":null,\"name\":null,\"comment\":null,\"entityName\":null,\"requestMapping\":null,\"basePackageName\":null,\"codeGenerationPath\":null,\"codeAuthor\":null,\"tableColumnList\":null}]', 6, 1, '分页查询系统数据库表信息数据', NULL, NULL, '2021-03-28 20:08:35', 1, '2021-03-28 20:08:35', 1, 0);
INSERT INTO `sys_log` VALUES (3136, 1, '2021-03-28 20:08:37', '127.0.0.1', '/api/table/info/9', 'GET', 'class com.zero.code.generation.controller.TableInfoController.get', '[9]', 1, 1, '[通用方法]通过主键获取一条对应实体类的数据库记录', NULL, NULL, '2021-03-28 20:08:37', 1, '2021-03-28 20:08:37', 1, 0);
INSERT INTO `sys_log` VALUES (3137, 1, '2021-03-28 20:08:37', '127.0.0.1', '/api/table/column/page/1', 'GET', 'class com.zero.code.generation.controller.TableColumnController.page', '[1,10,{\"id\":null,\"name\":null,\"javaName\":null,\"comment\":null,\"databaseType\":null,\"jdbcType\":null,\"javaType\":null,\"sort\":null,\"tableInfoId\":null}]', 6, 1, '分页查询系统数据库表字段信息表数据', NULL, NULL, '2021-03-28 20:08:37', 1, '2021-03-28 20:08:37', 1, 0);
INSERT INTO `sys_log` VALUES (3138, 1, '2021-03-28 20:09:27', '127.0.0.1', '/api/table/info/page/1', 'GET', 'class com.zero.code.generation.controller.TableInfoController.page', '[1,10,{\"id\":null,\"name\":null,\"comment\":null,\"entityName\":null,\"requestMapping\":null,\"basePackageName\":null,\"codeGenerationPath\":null,\"codeAuthor\":null,\"tableColumnList\":null}]', 8, 1, '分页查询系统数据库表信息数据', NULL, NULL, '2021-03-28 20:09:27', 1, '2021-03-28 20:09:27', 1, 0);
INSERT INTO `sys_log` VALUES (3139, 1, '2021-03-28 20:09:30', '127.0.0.1', '/api/table/info/9', 'GET', 'class com.zero.code.generation.controller.TableInfoController.get', '[9]', 2, 1, '[通用方法]通过主键获取一条对应实体类的数据库记录', NULL, NULL, '2021-03-28 20:09:29', 1, '2021-03-28 20:09:29', 1, 0);
INSERT INTO `sys_log` VALUES (3140, 1, '2021-03-28 20:09:30', '127.0.0.1', '/api/table/column/page/1', 'GET', 'class com.zero.code.generation.controller.TableColumnController.page', '[1,10,{\"id\":null,\"name\":null,\"javaName\":null,\"comment\":null,\"databaseType\":null,\"jdbcType\":null,\"javaType\":null,\"sort\":null,\"tableInfoId\":null}]', 9, 1, '分页查询系统数据库表字段信息表数据', NULL, NULL, '2021-03-28 20:09:29', 1, '2021-03-28 20:09:29', 1, 0);
INSERT INTO `sys_log` VALUES (3141, 1, '2021-03-28 20:09:41', '127.0.0.1', '/api/menu/routes', 'GET', 'class com.zero.sys.controller.MenuController.routes', NULL, 16, 1, '[动态路由]获取所有启用的系统菜单', NULL, NULL, '2021-03-28 20:09:41', 1, '2021-03-28 20:09:41', 1, 0);
INSERT INTO `sys_log` VALUES (3142, 1, '2021-03-28 20:09:41', '127.0.0.1', '/api/menu/routes', 'GET', 'class com.zero.sys.controller.MenuController.routes', NULL, 12, 1, '[动态路由]获取所有启用的系统菜单', NULL, NULL, '2021-03-28 20:09:41', 1, '2021-03-28 20:09:41', 1, 0);
INSERT INTO `sys_log` VALUES (3143, 1, '2021-03-28 20:09:42', '127.0.0.1', '/api/table/column/page/1', 'GET', 'class com.zero.code.generation.controller.TableColumnController.page', '[1,10,{\"id\":null,\"name\":null,\"javaName\":null,\"comment\":null,\"databaseType\":null,\"jdbcType\":null,\"javaType\":null,\"sort\":null,\"tableInfoId\":null}]', 8, 1, '分页查询系统数据库表字段信息表数据', NULL, NULL, '2021-03-28 20:09:42', 1, '2021-03-28 20:09:42', 1, 0);
INSERT INTO `sys_log` VALUES (3144, 1, '2021-03-28 20:09:47', '127.0.0.1', '/api/table/info/page/1', 'GET', 'class com.zero.code.generation.controller.TableInfoController.page', '[1,10,{\"id\":null,\"name\":null,\"comment\":null,\"entityName\":null,\"requestMapping\":null,\"basePackageName\":null,\"codeGenerationPath\":null,\"codeAuthor\":null,\"tableColumnList\":null}]', 7, 1, '分页查询系统数据库表信息数据', NULL, NULL, '2021-03-28 20:09:46', 1, '2021-03-28 20:09:46', 1, 0);
INSERT INTO `sys_log` VALUES (3145, 1, '2021-03-28 20:09:48', '127.0.0.1', '/api/table/column/page/1', 'GET', 'class com.zero.code.generation.controller.TableColumnController.page', '[1,10,{\"id\":null,\"name\":null,\"javaName\":null,\"comment\":null,\"databaseType\":null,\"jdbcType\":null,\"javaType\":null,\"sort\":null,\"tableInfoId\":null}]', 6, 1, '分页查询系统数据库表字段信息表数据', NULL, NULL, '2021-03-28 20:09:48', 1, '2021-03-28 20:09:48', 1, 0);
INSERT INTO `sys_log` VALUES (3146, 1, '2021-03-28 20:11:00', '127.0.0.1', '/api/table/info/9', 'GET', 'class com.zero.code.generation.controller.TableInfoController.get', '[9]', 2, 1, '[通用方法]通过主键获取一条对应实体类的数据库记录', NULL, NULL, '2021-03-28 20:10:59', 1, '2021-03-28 20:10:59', 1, 0);
INSERT INTO `sys_log` VALUES (3147, 1, '2021-03-28 20:11:00', '127.0.0.1', '/api/table/column/page/1', 'GET', 'class com.zero.code.generation.controller.TableColumnController.page', '[1,10,{\"id\":null,\"name\":null,\"javaName\":null,\"comment\":null,\"databaseType\":null,\"jdbcType\":null,\"javaType\":null,\"sort\":null,\"tableInfoId\":null}]', 9, 1, '分页查询系统数据库表字段信息表数据', NULL, NULL, '2021-03-28 20:10:59', 1, '2021-03-28 20:10:59', 1, 0);
INSERT INTO `sys_log` VALUES (3148, 1, '2021-03-28 20:11:22', '127.0.0.1', '/api/table/info/9', 'GET', 'class com.zero.code.generation.controller.TableInfoController.get', '[9]', 1, 1, '[通用方法]通过主键获取一条对应实体类的数据库记录', NULL, NULL, '2021-03-28 20:11:22', 1, '2021-03-28 20:11:22', 1, 0);
INSERT INTO `sys_log` VALUES (3149, 1, '2021-03-28 20:11:22', '127.0.0.1', '/api/table/column/page/1', 'GET', 'class com.zero.code.generation.controller.TableColumnController.page', '[1,10,{\"id\":null,\"name\":null,\"javaName\":null,\"comment\":null,\"databaseType\":null,\"jdbcType\":null,\"javaType\":null,\"sort\":null,\"tableInfoId\":null}]', 7, 1, '分页查询系统数据库表字段信息表数据', NULL, NULL, '2021-03-28 20:11:22', 1, '2021-03-28 20:11:22', 1, 0);
INSERT INTO `sys_log` VALUES (3150, 1, '2021-03-28 20:11:25', '127.0.0.1', '/api/table/info/page/1', 'GET', 'class com.zero.code.generation.controller.TableInfoController.page', '[1,10,{\"id\":null,\"name\":null,\"comment\":null,\"entityName\":null,\"requestMapping\":null,\"basePackageName\":null,\"codeGenerationPath\":null,\"codeAuthor\":null,\"tableColumnList\":null}]', 7, 1, '分页查询系统数据库表信息数据', NULL, NULL, '2021-03-28 20:11:24', 1, '2021-03-28 20:11:24', 1, 0);
INSERT INTO `sys_log` VALUES (3151, 1, '2021-03-28 20:11:26', '127.0.0.1', '/api/table/info/9', 'GET', 'class com.zero.code.generation.controller.TableInfoController.get', '[9]', 3, 1, '[通用方法]通过主键获取一条对应实体类的数据库记录', NULL, NULL, '2021-03-28 20:11:26', 1, '2021-03-28 20:11:26', 1, 0);
INSERT INTO `sys_log` VALUES (3152, 1, '2021-03-28 20:11:26', '127.0.0.1', '/api/table/column/page/1', 'GET', 'class com.zero.code.generation.controller.TableColumnController.page', '[1,10,{\"id\":null,\"name\":null,\"javaName\":null,\"comment\":null,\"databaseType\":null,\"jdbcType\":null,\"javaType\":null,\"sort\":null,\"tableInfoId\":null}]', 8, 1, '分页查询系统数据库表字段信息表数据', NULL, NULL, '2021-03-28 20:11:26', 1, '2021-03-28 20:11:26', 1, 0);
INSERT INTO `sys_log` VALUES (3153, 1, '2021-03-28 20:11:47', '127.0.0.1', '/api/table/info/page/1', 'GET', 'class com.zero.code.generation.controller.TableInfoController.page', '[1,10,{\"id\":null,\"name\":null,\"comment\":null,\"entityName\":null,\"requestMapping\":null,\"basePackageName\":null,\"codeGenerationPath\":null,\"codeAuthor\":null,\"tableColumnList\":null}]', 7, 1, '分页查询系统数据库表信息数据', NULL, NULL, '2021-03-28 20:11:46', 1, '2021-03-28 20:11:46', 1, 0);
INSERT INTO `sys_log` VALUES (3154, 1, '2021-03-28 20:11:48', '127.0.0.1', '/api/table/info/9', 'GET', 'class com.zero.code.generation.controller.TableInfoController.get', '[9]', 2, 1, '[通用方法]通过主键获取一条对应实体类的数据库记录', NULL, NULL, '2021-03-28 20:11:47', 1, '2021-03-28 20:11:47', 1, 0);
INSERT INTO `sys_log` VALUES (3155, 1, '2021-03-28 20:11:48', '127.0.0.1', '/api/table/column/page/1', 'GET', 'class com.zero.code.generation.controller.TableColumnController.page', '[1,10,{\"id\":null,\"name\":null,\"javaName\":null,\"comment\":null,\"databaseType\":null,\"jdbcType\":null,\"javaType\":null,\"sort\":null,\"tableInfoId\":null}]', 7, 1, '分页查询系统数据库表字段信息表数据', NULL, NULL, '2021-03-28 20:11:47', 1, '2021-03-28 20:11:47', 1, 0);
INSERT INTO `sys_log` VALUES (3156, 1, '2021-03-28 20:11:58', '127.0.0.1', '/api/table/column/page/2', 'GET', 'class com.zero.code.generation.controller.TableColumnController.page', '[2,10,{\"id\":null,\"name\":null,\"javaName\":null,\"comment\":null,\"databaseType\":null,\"jdbcType\":null,\"javaType\":null,\"sort\":null,\"tableInfoId\":9}]', 7, 1, '分页查询系统数据库表字段信息表数据', NULL, NULL, '2021-03-28 20:11:57', 1, '2021-03-28 20:11:57', 1, 0);
INSERT INTO `sys_log` VALUES (3157, 1, '2021-03-28 20:11:59', '127.0.0.1', '/api/table/column/page/1', 'GET', 'class com.zero.code.generation.controller.TableColumnController.page', '[1,10,{\"id\":null,\"name\":null,\"javaName\":null,\"comment\":null,\"databaseType\":null,\"jdbcType\":null,\"javaType\":null,\"sort\":null,\"tableInfoId\":9}]', 6, 1, '分页查询系统数据库表字段信息表数据', NULL, NULL, '2021-03-28 20:11:59', 1, '2021-03-28 20:11:59', 1, 0);
INSERT INTO `sys_log` VALUES (3158, 1, '2021-03-28 20:12:01', '127.0.0.1', '/api/table/column/page/2', 'GET', 'class com.zero.code.generation.controller.TableColumnController.page', '[2,10,{\"id\":null,\"name\":null,\"javaName\":null,\"comment\":null,\"databaseType\":null,\"jdbcType\":null,\"javaType\":null,\"sort\":null,\"tableInfoId\":9}]', 6, 1, '分页查询系统数据库表字段信息表数据', NULL, NULL, '2021-03-28 20:12:01', 1, '2021-03-28 20:12:01', 1, 0);
INSERT INTO `sys_log` VALUES (3159, 1, '2021-03-28 20:12:04', '127.0.0.1', '/api/table/column/page/1', 'GET', 'class com.zero.code.generation.controller.TableColumnController.page', '[1,10,{\"id\":null,\"name\":null,\"javaName\":null,\"comment\":null,\"databaseType\":null,\"jdbcType\":null,\"javaType\":null,\"sort\":null,\"tableInfoId\":9}]', 7, 1, '分页查询系统数据库表字段信息表数据', NULL, NULL, '2021-03-28 20:12:03', 1, '2021-03-28 20:12:03', 1, 0);
INSERT INTO `sys_log` VALUES (3160, 1, '2021-03-28 20:12:07', '127.0.0.1', '/api/table/info/page/1', 'GET', 'class com.zero.code.generation.controller.TableInfoController.page', '[1,10,{\"id\":null,\"name\":null,\"comment\":null,\"entityName\":null,\"requestMapping\":null,\"basePackageName\":null,\"codeGenerationPath\":null,\"codeAuthor\":null,\"tableColumnList\":null}]', 8, 1, '分页查询系统数据库表信息数据', NULL, NULL, '2021-03-28 20:12:07', 1, '2021-03-28 20:12:07', 1, 0);
INSERT INTO `sys_log` VALUES (3161, 1, '2021-03-28 20:12:09', '127.0.0.1', '/api/table/column/page/1', 'GET', 'class com.zero.code.generation.controller.TableColumnController.page', '[1,10,{\"id\":null,\"name\":null,\"javaName\":null,\"comment\":null,\"databaseType\":null,\"jdbcType\":null,\"javaType\":null,\"sort\":null,\"tableInfoId\":null}]', 6, 1, '分页查询系统数据库表字段信息表数据', NULL, NULL, '2021-03-28 20:12:08', 1, '2021-03-28 20:12:08', 1, 0);
INSERT INTO `sys_log` VALUES (3162, 1, '2021-03-28 20:13:34', '127.0.0.1', '/api/menu/routes', 'GET', 'class com.zero.sys.controller.MenuController.routes', NULL, 14, 1, '[动态路由]获取所有启用的系统菜单', NULL, NULL, '2021-03-28 20:13:33', 1, '2021-03-28 20:13:33', 1, 0);
INSERT INTO `sys_log` VALUES (3163, 1, '2021-03-28 20:13:34', '127.0.0.1', '/api/menu/routes', 'GET', 'class com.zero.sys.controller.MenuController.routes', NULL, 9, 1, '[动态路由]获取所有启用的系统菜单', NULL, NULL, '2021-03-28 20:13:33', 1, '2021-03-28 20:13:33', 1, 0);
INSERT INTO `sys_log` VALUES (3164, 1, '2021-03-28 20:13:34', '127.0.0.1', '/api/table/column/page/1', 'GET', 'class com.zero.code.generation.controller.TableColumnController.page', '[1,10,{\"id\":null,\"name\":null,\"javaName\":null,\"comment\":null,\"databaseType\":null,\"jdbcType\":null,\"javaType\":null,\"sort\":null,\"tableInfoId\":null}]', 7, 1, '分页查询系统数据库表字段信息表数据', NULL, NULL, '2021-03-28 20:13:34', 1, '2021-03-28 20:13:34', 1, 0);
INSERT INTO `sys_log` VALUES (3165, 1, '2021-03-28 20:15:52', '127.0.0.1', '/api/table/column/page/1', 'GET', 'class com.zero.code.generation.controller.TableColumnController.page', '[1,10,{\"id\":null,\"name\":null,\"javaName\":null,\"comment\":null,\"databaseType\":null,\"jdbcType\":null,\"javaType\":null,\"sort\":null,\"tableInfoId\":null}]', 8, 1, '分页查询系统数据库表字段信息表数据', NULL, NULL, '2021-03-28 20:15:51', 1, '2021-03-28 20:15:51', 1, 0);
INSERT INTO `sys_log` VALUES (3166, 1, '2021-03-28 20:15:53', '127.0.0.1', '/api/table/column/page/1', 'GET', 'class com.zero.code.generation.controller.TableColumnController.page', '[1,10,{\"id\":null,\"name\":null,\"javaName\":null,\"comment\":null,\"databaseType\":null,\"jdbcType\":null,\"javaType\":null,\"sort\":null,\"tableInfoId\":null}]', 5, 1, '分页查询系统数据库表字段信息表数据', NULL, NULL, '2021-03-28 20:15:52', 1, '2021-03-28 20:15:52', 1, 0);
INSERT INTO `sys_log` VALUES (3167, 1, '2021-03-28 20:15:55', '127.0.0.1', '/api/table/info/page/1', 'GET', 'class com.zero.code.generation.controller.TableInfoController.page', '[1,10,{\"id\":null,\"name\":null,\"comment\":null,\"entityName\":null,\"requestMapping\":null,\"basePackageName\":null,\"codeGenerationPath\":null,\"codeAuthor\":null,\"tableColumnList\":null}]', 6, 1, '分页查询系统数据库表信息数据', NULL, NULL, '2021-03-28 20:15:55', 1, '2021-03-28 20:15:55', 1, 0);
INSERT INTO `sys_log` VALUES (3168, 1, '2021-03-28 20:15:59', '127.0.0.1', '/api/table/info/9', 'GET', 'class com.zero.code.generation.controller.TableInfoController.get', '[9]', 1, 1, '[通用方法]通过主键获取一条对应实体类的数据库记录', NULL, NULL, '2021-03-28 20:15:59', 1, '2021-03-28 20:15:59', 1, 0);
INSERT INTO `sys_log` VALUES (3169, 1, '2021-03-28 20:15:59', '127.0.0.1', '/api/table/column/page/1', 'GET', 'class com.zero.code.generation.controller.TableColumnController.page', '[1,10,{\"id\":null,\"name\":null,\"javaName\":null,\"comment\":null,\"databaseType\":null,\"jdbcType\":null,\"javaType\":null,\"sort\":null,\"tableInfoId\":null}]', 10, 1, '分页查询系统数据库表字段信息表数据', NULL, NULL, '2021-03-28 20:15:59', 1, '2021-03-28 20:15:59', 1, 0);
INSERT INTO `sys_log` VALUES (3170, 1, '2021-03-28 20:16:15', '127.0.0.1', '/api/table/column/page/1', 'GET', 'class com.zero.code.generation.controller.TableColumnController.page', '[1,10,{\"id\":null,\"name\":null,\"javaName\":null,\"comment\":null,\"databaseType\":null,\"jdbcType\":null,\"javaType\":null,\"sort\":null,\"tableInfoId\":9}]', 6, 1, '分页查询系统数据库表字段信息表数据', NULL, NULL, '2021-03-28 20:16:14', 1, '2021-03-28 20:16:14', 1, 0);
INSERT INTO `sys_log` VALUES (3171, 1, '2021-03-28 20:17:45', '127.0.0.1', '/api/menu/routes', 'GET', 'class com.zero.sys.controller.MenuController.routes', NULL, 10, 1, '[动态路由]获取所有启用的系统菜单', NULL, NULL, '2021-03-28 20:17:44', 1, '2021-03-28 20:17:44', 1, 0);
INSERT INTO `sys_log` VALUES (3172, 1, '2021-03-28 20:17:45', '127.0.0.1', '/api/menu/routes', 'GET', 'class com.zero.sys.controller.MenuController.routes', NULL, 10, 1, '[动态路由]获取所有启用的系统菜单', NULL, NULL, '2021-03-28 20:17:44', 1, '2021-03-28 20:17:44', 1, 0);
INSERT INTO `sys_log` VALUES (3173, 1, '2021-03-28 20:17:46', '127.0.0.1', '/api/table/column/page/1', 'GET', 'class com.zero.code.generation.controller.TableColumnController.page', '[1,10,{\"id\":null,\"name\":null,\"javaName\":null,\"comment\":null,\"databaseType\":null,\"jdbcType\":null,\"javaType\":null,\"sort\":null,\"tableInfoId\":null}]', 8, 1, '分页查询系统数据库表字段信息表数据', NULL, NULL, '2021-03-28 20:17:45', 1, '2021-03-28 20:17:45', 1, 0);
INSERT INTO `sys_log` VALUES (3174, 1, '2021-03-28 20:17:49', '127.0.0.1', '/api/table/info/page/1', 'GET', 'class com.zero.code.generation.controller.TableInfoController.page', '[1,10,{\"id\":null,\"name\":null,\"comment\":null,\"entityName\":null,\"requestMapping\":null,\"basePackageName\":null,\"codeGenerationPath\":null,\"codeAuthor\":null,\"tableColumnList\":null}]', 6, 1, '分页查询系统数据库表信息数据', NULL, NULL, '2021-03-28 20:17:48', 1, '2021-03-28 20:17:48', 1, 0);
INSERT INTO `sys_log` VALUES (3175, 1, '2021-03-28 20:17:51', '127.0.0.1', '/api/table/info/9', 'GET', 'class com.zero.code.generation.controller.TableInfoController.get', '[9]', 2, 1, '[通用方法]通过主键获取一条对应实体类的数据库记录', NULL, NULL, '2021-03-28 20:17:50', 1, '2021-03-28 20:17:50', 1, 0);
INSERT INTO `sys_log` VALUES (3176, 1, '2021-03-28 20:17:51', '127.0.0.1', '/api/table/column/page/1', 'GET', 'class com.zero.code.generation.controller.TableColumnController.page', '[1,10,{\"id\":null,\"name\":null,\"javaName\":null,\"comment\":null,\"databaseType\":null,\"jdbcType\":null,\"javaType\":null,\"sort\":null,\"tableInfoId\":null}]', 6, 1, '分页查询系统数据库表字段信息表数据', NULL, NULL, '2021-03-28 20:17:50', 1, '2021-03-28 20:17:50', 1, 0);
INSERT INTO `sys_log` VALUES (3177, 1, '2021-03-28 20:20:30', '127.0.0.1', '/api/table/info/page/1', 'GET', 'class com.zero.code.generation.controller.TableInfoController.page', '[1,10,{\"id\":null,\"name\":null,\"comment\":null,\"entityName\":null,\"requestMapping\":null,\"basePackageName\":null,\"codeGenerationPath\":null,\"codeAuthor\":null,\"tableColumnList\":null}]', 8, 1, '分页查询系统数据库表信息数据', NULL, NULL, '2021-03-28 20:20:29', 1, '2021-03-28 20:20:29', 1, 0);
INSERT INTO `sys_log` VALUES (3178, 1, '2021-03-28 20:20:32', '127.0.0.1', '/api/table/info/9', 'GET', 'class com.zero.code.generation.controller.TableInfoController.get', '[9]', 2, 1, '[通用方法]通过主键获取一条对应实体类的数据库记录', NULL, NULL, '2021-03-28 20:20:31', 1, '2021-03-28 20:20:31', 1, 0);
INSERT INTO `sys_log` VALUES (3179, 1, '2021-03-28 20:20:32', '127.0.0.1', '/api/table/column/page/1', 'GET', 'class com.zero.code.generation.controller.TableColumnController.page', '[1,10,{\"id\":null,\"name\":null,\"javaName\":null,\"comment\":null,\"databaseType\":null,\"jdbcType\":null,\"javaType\":null,\"sort\":null,\"tableInfoId\":null}]', 13986, 1, '分页查询系统数据库表字段信息表数据', NULL, NULL, '2021-03-28 20:20:45', 1, '2021-03-28 20:20:45', 1, 0);
INSERT INTO `sys_log` VALUES (3180, 1, '2021-03-28 20:20:54', '127.0.0.1', '/api/menu/routes', 'GET', 'class com.zero.sys.controller.MenuController.routes', NULL, 15, 1, '[动态路由]获取所有启用的系统菜单', NULL, NULL, '2021-03-28 20:20:53', 1, '2021-03-28 20:20:53', 1, 0);
INSERT INTO `sys_log` VALUES (3181, 1, '2021-03-28 20:20:54', '127.0.0.1', '/api/menu/routes', 'GET', 'class com.zero.sys.controller.MenuController.routes', NULL, 15, 1, '[动态路由]获取所有启用的系统菜单', NULL, NULL, '2021-03-28 20:20:53', 1, '2021-03-28 20:20:53', 1, 0);
INSERT INTO `sys_log` VALUES (3182, 1, '2021-03-28 20:20:55', '127.0.0.1', '/api/table/column/page/1', 'GET', 'class com.zero.code.generation.controller.TableColumnController.page', '[1,10,{\"id\":null,\"name\":null,\"javaName\":null,\"comment\":null,\"databaseType\":null,\"jdbcType\":null,\"javaType\":null,\"sort\":null,\"tableInfoId\":null}]', 4014, 1, '分页查询系统数据库表字段信息表数据', NULL, NULL, '2021-03-28 20:20:59', 1, '2021-03-28 20:20:59', 1, 0);
INSERT INTO `sys_log` VALUES (3183, 1, '2021-03-28 20:20:59', '127.0.0.1', '/api/table/info/page/1', 'GET', 'class com.zero.code.generation.controller.TableInfoController.page', '[1,10,{\"id\":null,\"name\":null,\"comment\":null,\"entityName\":null,\"requestMapping\":null,\"basePackageName\":null,\"codeGenerationPath\":null,\"codeAuthor\":null,\"tableColumnList\":null}]', 8, 1, '分页查询系统数据库表信息数据', NULL, NULL, '2021-03-28 20:20:59', 1, '2021-03-28 20:20:59', 1, 0);
INSERT INTO `sys_log` VALUES (3184, 1, '2021-03-28 20:21:04', '127.0.0.1', '/api/table/info/9', 'GET', 'class com.zero.code.generation.controller.TableInfoController.get', '[9]', 2, 1, '[通用方法]通过主键获取一条对应实体类的数据库记录', NULL, NULL, '2021-03-28 20:21:04', 1, '2021-03-28 20:21:04', 1, 0);
INSERT INTO `sys_log` VALUES (3185, 1, '2021-03-28 20:21:04', '127.0.0.1', '/api/table/column/page/1', 'GET', 'class com.zero.code.generation.controller.TableColumnController.page', '[1,10,{\"id\":null,\"name\":null,\"javaName\":null,\"comment\":null,\"databaseType\":null,\"jdbcType\":null,\"javaType\":null,\"sort\":null,\"tableInfoId\":null}]', 7, 1, '分页查询系统数据库表字段信息表数据', NULL, NULL, '2021-03-28 20:21:04', 1, '2021-03-28 20:21:04', 1, 0);
INSERT INTO `sys_log` VALUES (3186, 1, '2021-03-28 20:22:10', '127.0.0.1', '/api/table/column/page/2', 'GET', 'class com.zero.code.generation.controller.TableColumnController.page', '[2,10,{\"id\":null,\"name\":null,\"javaName\":null,\"comment\":null,\"databaseType\":null,\"jdbcType\":null,\"javaType\":null,\"sort\":null,\"tableInfoId\":9}]', 6, 1, '分页查询系统数据库表字段信息表数据', NULL, NULL, '2021-03-28 20:22:10', 1, '2021-03-28 20:22:10', 1, 0);
INSERT INTO `sys_log` VALUES (3187, 1, '2021-03-28 20:22:30', '127.0.0.1', '/api/table/column/page/1', 'GET', 'class com.zero.code.generation.controller.TableColumnController.page', '[1,10,{\"id\":null,\"name\":null,\"javaName\":null,\"comment\":null,\"databaseType\":null,\"jdbcType\":null,\"javaType\":null,\"sort\":null,\"tableInfoId\":9}]', 8, 1, '分页查询系统数据库表字段信息表数据', NULL, NULL, '2021-03-28 20:22:30', 1, '2021-03-28 20:22:30', 1, 0);
INSERT INTO `sys_log` VALUES (3188, 1, '2021-03-28 20:24:10', '127.0.0.1', '/api/table/info/page/1', 'GET', 'class com.zero.code.generation.controller.TableInfoController.page', '[1,10,{\"id\":null,\"name\":null,\"comment\":null,\"entityName\":null,\"requestMapping\":null,\"basePackageName\":null,\"codeGenerationPath\":null,\"codeAuthor\":null,\"tableColumnList\":null}]', 5, 1, '分页查询系统数据库表信息数据', NULL, NULL, '2021-03-28 20:24:09', 1, '2021-03-28 20:24:09', 1, 0);
INSERT INTO `sys_log` VALUES (3189, 1, '2021-03-28 20:24:11', '127.0.0.1', '/api/table/info/9', 'GET', 'class com.zero.code.generation.controller.TableInfoController.get', '[9]', 1, 1, '[通用方法]通过主键获取一条对应实体类的数据库记录', NULL, NULL, '2021-03-28 20:24:11', 1, '2021-03-28 20:24:11', 1, 0);
INSERT INTO `sys_log` VALUES (3190, 1, '2021-03-28 20:24:11', '127.0.0.1', '/api/table/column/page/1', 'GET', 'class com.zero.code.generation.controller.TableColumnController.page', '[1,10,{\"id\":null,\"name\":null,\"javaName\":null,\"comment\":null,\"databaseType\":null,\"jdbcType\":null,\"javaType\":null,\"sort\":null,\"tableInfoId\":null}]', 9, 1, '分页查询系统数据库表字段信息表数据', NULL, NULL, '2021-03-28 20:24:11', 1, '2021-03-28 20:24:11', 1, 0);
INSERT INTO `sys_log` VALUES (3191, 1, '2021-03-28 20:31:37', '127.0.0.1', '/api/menu/routes', 'GET', 'class com.zero.sys.controller.MenuController.routes', NULL, 10, 1, '[动态路由]获取所有启用的系统菜单', NULL, NULL, '2021-03-28 20:31:36', 1, '2021-03-28 20:31:36', 1, 0);
INSERT INTO `sys_log` VALUES (3192, 1, '2021-03-28 20:34:17', '127.0.0.1', '/api/table/info/page/1', 'GET', 'class com.zero.code.generation.controller.TableInfoController.page', '[1,10,{\"id\":null,\"name\":null,\"comment\":null,\"entityName\":null,\"requestMapping\":null,\"basePackageName\":null,\"codeGenerationPath\":null,\"codeAuthor\":null,\"tableColumnList\":null}]', 7, 1, '分页查询系统数据库表信息数据', NULL, NULL, '2021-03-28 20:34:17', 1, '2021-03-28 20:34:17', 1, 0);
INSERT INTO `sys_log` VALUES (3193, 1, '2021-03-28 20:34:30', '127.0.0.1', '/api/menu/routes', 'GET', 'class com.zero.sys.controller.MenuController.routes', NULL, 12, 1, '[动态路由]获取所有启用的系统菜单', NULL, NULL, '2021-03-28 20:34:30', 1, '2021-03-28 20:34:30', 1, 0);
INSERT INTO `sys_log` VALUES (3194, 1, '2021-03-28 20:34:30', '127.0.0.1', '/api/menu/routes', 'GET', 'class com.zero.sys.controller.MenuController.routes', NULL, 15, 1, '[动态路由]获取所有启用的系统菜单', NULL, NULL, '2021-03-28 20:34:30', 1, '2021-03-28 20:34:30', 1, 0);
INSERT INTO `sys_log` VALUES (3195, 1, '2021-03-28 20:34:31', '127.0.0.1', '/api/table/info/page/1', 'GET', 'class com.zero.code.generation.controller.TableInfoController.page', '[1,10,{\"id\":null,\"name\":null,\"comment\":null,\"entityName\":null,\"requestMapping\":null,\"basePackageName\":null,\"codeGenerationPath\":null,\"codeAuthor\":null,\"tableColumnList\":null}]', 5, 1, '分页查询系统数据库表信息数据', NULL, NULL, '2021-03-28 20:34:31', 1, '2021-03-28 20:34:31', 1, 0);
INSERT INTO `sys_log` VALUES (3196, 1, '2021-03-28 20:34:35', '127.0.0.1', '/api/table/info/9', 'GET', 'class com.zero.code.generation.controller.TableInfoController.get', '[9]', 4, 1, '[通用方法]通过主键获取一条对应实体类的数据库记录', NULL, NULL, '2021-03-28 20:34:34', 1, '2021-03-28 20:34:34', 1, 0);
INSERT INTO `sys_log` VALUES (3197, 1, '2021-03-28 20:34:35', '127.0.0.1', '/api/table/column/page/1', 'GET', 'class com.zero.code.generation.controller.TableColumnController.page', '[1,10,{\"id\":null,\"name\":null,\"javaName\":null,\"comment\":null,\"databaseType\":null,\"jdbcType\":null,\"javaType\":null,\"sort\":null,\"tableInfoId\":null}]', 9, 1, '分页查询系统数据库表字段信息表数据', NULL, NULL, '2021-03-28 20:34:34', 1, '2021-03-28 20:34:34', 1, 0);
INSERT INTO `sys_log` VALUES (3198, 1, '2021-03-28 20:34:42', '127.0.0.1', '/api/user/page/1', 'GET', 'class com.zero.auth.controller.UserController.page', '[1,10,{\"id\":null,\"username\":null,\"enabled\":null,\"locked\":null,\"accountExpire\":null,\"passwordExpire\":null,\"roles\":null,\"userInfo\":null,\"onlineLoginLogs\":null,\"queryRoleId\":null}]', 28, 1, '分页查询用户数据', NULL, NULL, '2021-03-28 20:34:42', 1, '2021-03-28 20:34:42', 1, 0);
INSERT INTO `sys_log` VALUES (3199, 1, '2021-03-28 20:35:32', '127.0.0.1', '/api/table/info/page/1', 'GET', 'class com.zero.code.generation.controller.TableInfoController.page', '[1,10,{\"id\":null,\"name\":null,\"comment\":null,\"entityName\":null,\"requestMapping\":null,\"basePackageName\":null,\"codeGenerationPath\":null,\"codeAuthor\":null,\"tableColumnList\":null}]', 4, 1, '分页查询系统数据库表信息数据', NULL, NULL, '2021-03-28 20:35:31', 1, '2021-03-28 20:35:31', 1, 0);
INSERT INTO `sys_log` VALUES (3200, 1, '2021-03-28 20:35:34', '127.0.0.1', '/api/table/info/9', 'GET', 'class com.zero.code.generation.controller.TableInfoController.get', '[9]', 2, 1, '[通用方法]通过主键获取一条对应实体类的数据库记录', NULL, NULL, '2021-03-28 20:35:33', 1, '2021-03-28 20:35:33', 1, 0);
INSERT INTO `sys_log` VALUES (3201, 1, '2021-03-28 20:35:34', '127.0.0.1', '/api/table/column/page/1', 'GET', 'class com.zero.code.generation.controller.TableColumnController.page', '[1,10,{\"id\":null,\"name\":null,\"javaName\":null,\"comment\":null,\"databaseType\":null,\"jdbcType\":null,\"javaType\":null,\"sort\":null,\"tableInfoId\":null}]', 6, 1, '分页查询系统数据库表字段信息表数据', NULL, NULL, '2021-03-28 20:35:33', 1, '2021-03-28 20:35:33', 1, 0);
INSERT INTO `sys_log` VALUES (3202, 1, '2021-03-28 20:41:12', '127.0.0.1', '/api/table/info/page/1', 'GET', 'class com.zero.code.generation.controller.TableInfoController.page', '[1,10,{\"id\":null,\"name\":null,\"comment\":null,\"entityName\":null,\"requestMapping\":null,\"basePackageName\":null,\"codeGenerationPath\":null,\"codeAuthor\":null,\"tableColumnList\":null}]', 7, 1, '分页查询系统数据库表信息数据', NULL, NULL, '2021-03-28 20:41:11', 1, '2021-03-28 20:41:11', 1, 0);
INSERT INTO `sys_log` VALUES (3203, 1, '2021-03-28 20:41:13', '127.0.0.1', '/api/table/info/9', 'GET', 'class com.zero.code.generation.controller.TableInfoController.get', '[9]', 0, 1, '[通用方法]通过主键获取一条对应实体类的数据库记录', NULL, NULL, '2021-03-28 20:41:13', 1, '2021-03-28 20:41:13', 1, 0);
INSERT INTO `sys_log` VALUES (3204, 1, '2021-03-28 20:41:13', '127.0.0.1', '/api/table/column/page/1', 'GET', 'class com.zero.code.generation.controller.TableColumnController.page', '[1,10,{\"id\":null,\"name\":null,\"javaName\":null,\"comment\":null,\"databaseType\":null,\"jdbcType\":null,\"javaType\":null,\"sort\":null,\"tableInfoId\":null}]', 9, 1, '分页查询系统数据库表字段信息表数据', NULL, NULL, '2021-03-28 20:41:13', 1, '2021-03-28 20:41:13', 1, 0);
INSERT INTO `sys_log` VALUES (3205, 1, '2021-03-28 20:41:20', '127.0.0.1', '/api/table/info/page/1', 'GET', 'class com.zero.code.generation.controller.TableInfoController.page', '[1,10,{\"id\":null,\"name\":null,\"comment\":null,\"entityName\":null,\"requestMapping\":null,\"basePackageName\":null,\"codeGenerationPath\":null,\"codeAuthor\":null,\"tableColumnList\":null}]', 5, 1, '分页查询系统数据库表信息数据', NULL, NULL, '2021-03-28 20:41:19', 1, '2021-03-28 20:41:19', 1, 0);
INSERT INTO `sys_log` VALUES (3206, 1, '2021-03-28 20:41:22', '127.0.0.1', '/api/table/info/9', 'GET', 'class com.zero.code.generation.controller.TableInfoController.get', '[9]', 1, 1, '[通用方法]通过主键获取一条对应实体类的数据库记录', NULL, NULL, '2021-03-28 20:41:22', 1, '2021-03-28 20:41:22', 1, 0);
INSERT INTO `sys_log` VALUES (3207, 1, '2021-03-28 20:41:23', '127.0.0.1', '/api/table/column/page/1', 'GET', 'class com.zero.code.generation.controller.TableColumnController.page', '[1,10,{\"id\":null,\"name\":null,\"javaName\":null,\"comment\":null,\"databaseType\":null,\"jdbcType\":null,\"javaType\":null,\"sort\":null,\"tableInfoId\":null}]', 8, 1, '分页查询系统数据库表字段信息表数据', NULL, NULL, '2021-03-28 20:41:22', 1, '2021-03-28 20:41:22', 1, 0);
INSERT INTO `sys_log` VALUES (3208, 1, '2021-03-28 20:42:08', '127.0.0.1', '/api/table/column/page/1', 'GET', 'class com.zero.code.generation.controller.TableColumnController.page', '[1,10,{\"id\":null,\"name\":null,\"javaName\":null,\"comment\":null,\"databaseType\":null,\"jdbcType\":null,\"javaType\":null,\"sort\":null,\"tableInfoId\":9}]', 6, 1, '分页查询系统数据库表字段信息表数据', NULL, NULL, '2021-03-28 20:42:07', 1, '2021-03-28 20:42:07', 1, 0);
INSERT INTO `sys_log` VALUES (3209, 1, '2021-03-28 20:42:51', '127.0.0.1', '/api/table/column/page/1', 'GET', 'class com.zero.code.generation.controller.TableColumnController.page', '[1,10,{\"id\":null,\"name\":null,\"javaName\":null,\"comment\":null,\"databaseType\":null,\"jdbcType\":null,\"javaType\":null,\"sort\":null,\"tableInfoId\":9}]', 6, 1, '分页查询系统数据库表字段信息表数据', NULL, NULL, '2021-03-28 20:42:51', 1, '2021-03-28 20:42:51', 1, 0);
INSERT INTO `sys_log` VALUES (3210, 1, '2021-03-28 20:43:05', '127.0.0.1', '/api/table/column/page/1', 'GET', 'class com.zero.code.generation.controller.TableColumnController.page', '[1,10,{\"id\":null,\"name\":null,\"javaName\":null,\"comment\":null,\"databaseType\":null,\"jdbcType\":null,\"javaType\":null,\"sort\":null,\"tableInfoId\":9}]', 6, 1, '分页查询系统数据库表字段信息表数据', NULL, NULL, '2021-03-28 20:43:05', 1, '2021-03-28 20:43:05', 1, 0);
INSERT INTO `sys_log` VALUES (3211, 1, '2021-03-28 20:44:07', '127.0.0.1', '/api/table/info/page/1', 'GET', 'class com.zero.code.generation.controller.TableInfoController.page', '[1,10,{\"id\":null,\"name\":null,\"comment\":null,\"entityName\":null,\"requestMapping\":null,\"basePackageName\":null,\"codeGenerationPath\":null,\"codeAuthor\":null,\"tableColumnList\":null}]', 6, 1, '分页查询系统数据库表信息数据', NULL, NULL, '2021-03-28 20:44:06', 1, '2021-03-28 20:44:06', 1, 0);
INSERT INTO `sys_log` VALUES (3212, 1, '2021-03-28 20:44:10', '127.0.0.1', '/api/table/info/9', 'GET', 'class com.zero.code.generation.controller.TableInfoController.get', '[9]', 2, 1, '[通用方法]通过主键获取一条对应实体类的数据库记录', NULL, NULL, '2021-03-28 20:44:10', 1, '2021-03-28 20:44:10', 1, 0);
INSERT INTO `sys_log` VALUES (3213, 1, '2021-03-28 20:44:10', '127.0.0.1', '/api/table/column/page/1', 'GET', 'class com.zero.code.generation.controller.TableColumnController.page', '[1,10,{\"id\":null,\"name\":null,\"javaName\":null,\"comment\":null,\"databaseType\":null,\"jdbcType\":null,\"javaType\":null,\"sort\":null,\"tableInfoId\":null}]', 9, 1, '分页查询系统数据库表字段信息表数据', NULL, NULL, '2021-03-28 20:44:10', 1, '2021-03-28 20:44:10', 1, 0);
INSERT INTO `sys_log` VALUES (3214, 1, '2021-03-28 20:46:57', '127.0.0.1', '/api/menu/routes', 'GET', 'class com.zero.sys.controller.MenuController.routes', NULL, 10, 1, '[动态路由]获取所有启用的系统菜单', NULL, NULL, '2021-03-28 20:46:56', 1, '2021-03-28 20:46:56', 1, 0);
INSERT INTO `sys_log` VALUES (3215, 1, '2021-03-28 20:46:57', '127.0.0.1', '/api/menu/routes', 'GET', 'class com.zero.sys.controller.MenuController.routes', NULL, 12, 1, '[动态路由]获取所有启用的系统菜单', NULL, NULL, '2021-03-28 20:46:57', 1, '2021-03-28 20:46:57', 1, 0);
INSERT INTO `sys_log` VALUES (3216, 1, '2021-03-28 20:47:32', '127.0.0.1', '/api/table/info/page/1', 'GET', 'class com.zero.code.generation.controller.TableInfoController.page', '[1,10,{\"id\":null,\"name\":null,\"comment\":null,\"entityName\":null,\"requestMapping\":null,\"basePackageName\":null,\"codeGenerationPath\":null,\"codeAuthor\":null,\"tableColumnList\":null}]', 6, 1, '分页查询系统数据库表信息数据', NULL, NULL, '2021-03-28 20:47:31', 1, '2021-03-28 20:47:31', 1, 0);
INSERT INTO `sys_log` VALUES (3217, 1, '2021-03-28 20:47:35', '127.0.0.1', '/api/table/info/9', 'GET', 'class com.zero.code.generation.controller.TableInfoController.get', '[9]', 2, 1, '[通用方法]通过主键获取一条对应实体类的数据库记录', NULL, NULL, '2021-03-28 20:47:35', 1, '2021-03-28 20:47:35', 1, 0);
INSERT INTO `sys_log` VALUES (3218, 1, '2021-03-28 20:47:35', '127.0.0.1', '/api/table/column/page/1', 'GET', 'class com.zero.code.generation.controller.TableColumnController.page', '[1,10,{\"id\":null,\"name\":null,\"javaName\":null,\"comment\":null,\"databaseType\":null,\"jdbcType\":null,\"javaType\":null,\"sort\":null,\"tableInfoId\":9}]', 6, 1, '分页查询系统数据库表字段信息表数据', NULL, NULL, '2021-03-28 20:47:35', 1, '2021-03-28 20:47:35', 1, 0);
INSERT INTO `sys_log` VALUES (3219, 1, '2021-03-28 20:49:35', '127.0.0.1', '/api/table/info/page/1', 'GET', 'class com.zero.code.generation.controller.TableInfoController.page', '[1,10,{\"id\":null,\"name\":null,\"comment\":null,\"entityName\":null,\"requestMapping\":null,\"basePackageName\":null,\"codeGenerationPath\":null,\"codeAuthor\":null,\"tableColumnList\":null}]', 7, 1, '分页查询系统数据库表信息数据', NULL, NULL, '2021-03-28 20:49:35', 1, '2021-03-28 20:49:35', 1, 0);
INSERT INTO `sys_log` VALUES (3220, 1, '2021-03-28 20:49:37', '127.0.0.1', '/api/table/info/9', 'GET', 'class com.zero.code.generation.controller.TableInfoController.get', '[9]', 1, 1, '[通用方法]通过主键获取一条对应实体类的数据库记录', NULL, NULL, '2021-03-28 20:49:36', 1, '2021-03-28 20:49:36', 1, 0);
INSERT INTO `sys_log` VALUES (3221, 1, '2021-03-28 20:49:37', '127.0.0.1', '/api/table/column/page/1', 'GET', 'class com.zero.code.generation.controller.TableColumnController.page', '[1,10,{\"id\":null,\"name\":null,\"javaName\":null,\"comment\":null,\"databaseType\":null,\"jdbcType\":null,\"javaType\":null,\"sort\":null,\"tableInfoId\":9}]', 6, 1, '分页查询系统数据库表字段信息表数据', NULL, NULL, '2021-03-28 20:49:36', 1, '2021-03-28 20:49:36', 1, 0);
INSERT INTO `sys_log` VALUES (3222, 1, '2021-03-28 20:49:43', '127.0.0.1', '/api/table/column', 'PUT', 'class com.zero.code.generation.controller.TableColumnController.updateById', '[{\"id\":108,\"name\":\"id\",\"javaName\":\"id\",\"comment\":\"主键2\",\"databaseType\":\"int(11)\",\"jdbcType\":\"INTEGER\",\"javaType\":\"Integer\",\"sort\":1,\"tableInfoId\":9}]', 9, 1, '[通用方法]更新一条对应实体类的数据库记录', NULL, NULL, '2021-03-28 20:49:43', 1, '2021-03-28 20:49:43', 1, 0);
INSERT INTO `sys_log` VALUES (3223, 1, '2021-03-28 20:49:43', '127.0.0.1', '/api/table/column/page/1', 'GET', 'class com.zero.code.generation.controller.TableColumnController.page', '[1,10,{\"id\":null,\"name\":null,\"javaName\":null,\"comment\":null,\"databaseType\":null,\"jdbcType\":null,\"javaType\":null,\"sort\":null,\"tableInfoId\":9}]', 6, 1, '分页查询系统数据库表字段信息表数据', NULL, NULL, '2021-03-28 20:49:43', 1, '2021-03-28 20:49:43', 1, 0);
INSERT INTO `sys_log` VALUES (3224, 1, '2021-03-28 20:50:49', '127.0.0.1', '/api/table/column', 'PUT', 'class com.zero.code.generation.controller.TableColumnController.updateById', '[{\"id\":108,\"name\":\"id\",\"javaName\":\"id\",\"comment\":\"主键\",\"databaseType\":\"int(11)\",\"jdbcType\":\"INTEGER\",\"javaType\":\"Integer\",\"sort\":1,\"tableInfoId\":9}]', 6, 1, '[通用方法]更新一条对应实体类的数据库记录', NULL, NULL, '2021-03-28 20:50:48', 1, '2021-03-28 20:50:48', 1, 0);
INSERT INTO `sys_log` VALUES (3225, 1, '2021-03-28 20:50:49', '127.0.0.1', '/api/table/column/page/1', 'GET', 'class com.zero.code.generation.controller.TableColumnController.page', '[1,10,{\"id\":null,\"name\":null,\"javaName\":null,\"comment\":null,\"databaseType\":null,\"jdbcType\":null,\"javaType\":null,\"sort\":null,\"tableInfoId\":9}]', 4, 1, '分页查询系统数据库表字段信息表数据', NULL, NULL, '2021-03-28 20:50:48', 1, '2021-03-28 20:50:48', 1, 0);
INSERT INTO `sys_log` VALUES (3226, 1, '2021-03-28 20:51:55', '127.0.0.1', '/api/table/info/page/1', 'GET', 'class com.zero.code.generation.controller.TableInfoController.page', '[1,10,{\"id\":null,\"name\":null,\"comment\":null,\"entityName\":null,\"requestMapping\":null,\"basePackageName\":null,\"codeGenerationPath\":null,\"codeAuthor\":null,\"tableColumnList\":null}]', 7, 1, '分页查询系统数据库表信息数据', NULL, NULL, '2021-03-28 20:51:54', 1, '2021-03-28 20:51:54', 1, 0);
INSERT INTO `sys_log` VALUES (3227, 1, '2021-03-28 20:51:56', '127.0.0.1', '/api/table/info/9', 'GET', 'class com.zero.code.generation.controller.TableInfoController.get', '[9]', 1, 1, '[通用方法]通过主键获取一条对应实体类的数据库记录', NULL, NULL, '2021-03-28 20:51:56', 1, '2021-03-28 20:51:56', 1, 0);
INSERT INTO `sys_log` VALUES (3228, 1, '2021-03-28 20:51:56', '127.0.0.1', '/api/table/column/page/1', 'GET', 'class com.zero.code.generation.controller.TableColumnController.page', '[1,10,{\"id\":null,\"name\":null,\"javaName\":null,\"comment\":null,\"databaseType\":null,\"jdbcType\":null,\"javaType\":null,\"sort\":null,\"tableInfoId\":9}]', 8, 1, '分页查询系统数据库表字段信息表数据', NULL, NULL, '2021-03-28 20:51:56', 1, '2021-03-28 20:51:56', 1, 0);
INSERT INTO `sys_log` VALUES (3229, 1, '2021-03-28 20:52:03', '127.0.0.1', '/api/table/column', 'PUT', 'class com.zero.code.generation.controller.TableColumnController.updateById', '[{\"id\":108,\"name\":\"id\",\"javaName\":\"id\",\"comment\":\"主键3\",\"databaseType\":\"int(11)\",\"jdbcType\":\"INTEGER\",\"javaType\":\"Integer\",\"sort\":1,\"tableInfoId\":9}]', 5, 1, '[通用方法]更新一条对应实体类的数据库记录', NULL, NULL, '2021-03-28 20:52:02', 1, '2021-03-28 20:52:02', 1, 0);
INSERT INTO `sys_log` VALUES (3230, 1, '2021-03-28 20:52:03', '127.0.0.1', '/api/table/column/page/1', 'GET', 'class com.zero.code.generation.controller.TableColumnController.page', '[1,10,{\"id\":null,\"name\":null,\"javaName\":null,\"comment\":null,\"databaseType\":null,\"jdbcType\":null,\"javaType\":null,\"sort\":null,\"tableInfoId\":9}]', 5, 1, '分页查询系统数据库表字段信息表数据', NULL, NULL, '2021-03-28 20:52:02', 1, '2021-03-28 20:52:02', 1, 0);
INSERT INTO `sys_log` VALUES (3231, 1, '2021-03-28 20:52:08', '127.0.0.1', '/api/table/column', 'PUT', 'class com.zero.code.generation.controller.TableColumnController.updateById', '[{\"id\":108,\"name\":\"id\",\"javaName\":\"id\",\"comment\":\"主键\",\"databaseType\":\"int(11)\",\"jdbcType\":\"INTEGER\",\"javaType\":\"Integer\",\"sort\":1,\"tableInfoId\":9}]', 5, 1, '[通用方法]更新一条对应实体类的数据库记录', NULL, NULL, '2021-03-28 20:52:08', 1, '2021-03-28 20:52:08', 1, 0);
INSERT INTO `sys_log` VALUES (3232, 1, '2021-03-28 20:52:08', '127.0.0.1', '/api/table/column/page/1', 'GET', 'class com.zero.code.generation.controller.TableColumnController.page', '[1,10,{\"id\":null,\"name\":null,\"javaName\":null,\"comment\":null,\"databaseType\":null,\"jdbcType\":null,\"javaType\":null,\"sort\":null,\"tableInfoId\":9}]', 5, 1, '分页查询系统数据库表字段信息表数据', NULL, NULL, '2021-03-28 20:52:08', 1, '2021-03-28 20:52:08', 1, 0);
INSERT INTO `sys_log` VALUES (3233, 1, '2021-03-28 20:52:11', '127.0.0.1', '/api/table/column/page/2', 'GET', 'class com.zero.code.generation.controller.TableColumnController.page', '[2,10,{\"id\":null,\"name\":null,\"javaName\":null,\"comment\":null,\"databaseType\":null,\"jdbcType\":null,\"javaType\":null,\"sort\":null,\"tableInfoId\":9}]', 7, 1, '分页查询系统数据库表字段信息表数据', NULL, NULL, '2021-03-28 20:52:11', 1, '2021-03-28 20:52:11', 1, 0);
INSERT INTO `sys_log` VALUES (3234, 1, '2021-03-28 20:52:13', '127.0.0.1', '/api/table/column/page/1', 'GET', 'class com.zero.code.generation.controller.TableColumnController.page', '[1,10,{\"id\":null,\"name\":null,\"javaName\":null,\"comment\":null,\"databaseType\":null,\"jdbcType\":null,\"javaType\":null,\"sort\":null,\"tableInfoId\":9}]', 7, 1, '分页查询系统数据库表字段信息表数据', NULL, NULL, '2021-03-28 20:52:12', 1, '2021-03-28 20:52:12', 1, 0);
INSERT INTO `sys_log` VALUES (3235, 1, '2021-03-28 20:52:16', '127.0.0.1', '/api/table/column/page/2', 'GET', 'class com.zero.code.generation.controller.TableColumnController.page', '[2,10,{\"id\":null,\"name\":null,\"javaName\":null,\"comment\":null,\"databaseType\":null,\"jdbcType\":null,\"javaType\":null,\"sort\":null,\"tableInfoId\":9}]', 7, 1, '分页查询系统数据库表字段信息表数据', NULL, NULL, '2021-03-28 20:52:16', 1, '2021-03-28 20:52:16', 1, 0);
INSERT INTO `sys_log` VALUES (3236, 1, '2021-03-29 19:57:01', '127.0.0.1', '/api/menu/routes', 'GET', 'class com.zero.sys.controller.MenuController.routes', NULL, 34, 1, '[动态路由]获取所有启用的系统菜单', NULL, NULL, '2021-03-29 19:57:01', 1, '2021-03-29 19:57:01', 1, 0);
INSERT INTO `sys_log` VALUES (3237, 1, '2021-03-29 19:57:14', '127.0.0.1', '/api/table/info/page/1', 'GET', 'class com.zero.code.generation.controller.TableInfoController.page', '[1,10,{\"id\":null,\"name\":null,\"comment\":null,\"entityName\":null,\"requestMapping\":null,\"basePackageName\":null,\"codeGenerationPath\":null,\"codeAuthor\":null,\"tableColumnList\":null}]', 112, 1, '分页查询系统数据库表信息数据', NULL, NULL, '2021-03-29 19:57:13', 1, '2021-03-29 19:57:13', 1, 0);
INSERT INTO `sys_log` VALUES (3238, 1, '2021-03-29 19:57:16', '127.0.0.1', '/api/table/info/not/list', 'GET', 'class com.zero.code.generation.controller.TableInfoController.getNotAddList', NULL, 4, 1, '获取还没有插入数据库中的数据库表信息', NULL, NULL, '2021-03-29 19:57:16', 1, '2021-03-29 19:57:16', 1, 0);
INSERT INTO `sys_log` VALUES (3239, 1, '2021-03-29 19:57:39', '127.0.0.1', '/api/table/info', 'POST', 'class com.zero.code.generation.controller.TableInfoController.save', '[{\"id\":12,\"name\":\"auth_login_log\",\"comment\":\"系统账号登录日志表\",\"entityName\":\"LoginLog\",\"requestMapping\":\"login/log\",\"basePackageName\":\"com.auth\",\"codeGenerationPath\":\"G:\\\\\\\\\",\"codeAuthor\":\"herenpeng\",\"tableColumnList\":null}]', 94, 1, '[通用方法]插入一条对应实体类的数据库记录', NULL, NULL, '2021-03-29 19:57:38', 1, '2021-03-29 19:57:38', 1, 0);
INSERT INTO `sys_log` VALUES (3240, 1, '2021-03-29 19:57:39', '127.0.0.1', '/api/table/info/page/1', 'GET', 'class com.zero.code.generation.controller.TableInfoController.page', '[1,10,{\"id\":null,\"name\":null,\"comment\":null,\"entityName\":null,\"requestMapping\":null,\"basePackageName\":null,\"codeGenerationPath\":null,\"codeAuthor\":null,\"tableColumnList\":null}]', 28, 1, '分页查询系统数据库表信息数据', NULL, NULL, '2021-03-29 19:57:38', 1, '2021-03-29 19:57:38', 1, 0);
INSERT INTO `sys_log` VALUES (3241, 1, '2021-03-29 19:57:41', '127.0.0.1', '/api/table/info/12', 'GET', 'class com.zero.code.generation.controller.TableInfoController.get', '[12]', 7, 1, '[通用方法]通过主键获取一条对应实体类的数据库记录', NULL, NULL, '2021-03-29 19:57:41', 1, '2021-03-29 19:57:41', 1, 0);
INSERT INTO `sys_log` VALUES (3242, 1, '2021-03-29 19:57:41', '127.0.0.1', '/api/table/column/page/1', 'GET', 'class com.zero.code.generation.controller.TableColumnController.page', '[1,10,{\"id\":null,\"name\":null,\"javaName\":null,\"comment\":null,\"databaseType\":null,\"jdbcType\":null,\"javaType\":null,\"sort\":null,\"tableInfoId\":12}]', 24, 1, '分页查询系统数据库表字段信息表数据', NULL, NULL, '2021-03-29 19:57:41', 1, '2021-03-29 19:57:41', 1, 0);
INSERT INTO `sys_log` VALUES (3243, 1, '2021-03-29 20:02:26', '127.0.0.1', '/api/table/info/page/1', 'GET', 'class com.zero.code.generation.controller.TableInfoController.page', '[1,10,{\"id\":null,\"name\":null,\"comment\":null,\"entityName\":null,\"requestMapping\":null,\"basePackageName\":null,\"codeGenerationPath\":null,\"codeAuthor\":null,\"tableColumnList\":null}]', 6, 1, '分页查询系统数据库表信息数据', NULL, NULL, '2021-03-29 20:02:25', 1, '2021-03-29 20:02:25', 1, 0);
INSERT INTO `sys_log` VALUES (3244, 1, '2021-03-29 20:02:29', '127.0.0.1', '/api/table/info/12', 'GET', 'class com.zero.code.generation.controller.TableInfoController.get', '[12]', 1, 1, '[通用方法]通过主键获取一条对应实体类的数据库记录', NULL, NULL, '2021-03-29 20:02:28', 1, '2021-03-29 20:02:28', 1, 0);
INSERT INTO `sys_log` VALUES (3245, 1, '2021-03-29 20:02:29', '127.0.0.1', '/api/table/column/page/1', 'GET', 'class com.zero.code.generation.controller.TableColumnController.page', '[1,10,{\"id\":null,\"name\":null,\"javaName\":null,\"comment\":null,\"databaseType\":null,\"jdbcType\":null,\"javaType\":null,\"sort\":null,\"tableInfoId\":12}]', 12, 1, '分页查询系统数据库表字段信息表数据', NULL, NULL, '2021-03-29 20:02:29', 1, '2021-03-29 20:02:29', 1, 0);
INSERT INTO `sys_log` VALUES (3246, 1, '2021-03-29 20:04:48', '127.0.0.1', '/api/table/info/page/1', 'GET', 'class com.zero.code.generation.controller.TableInfoController.page', '[1,10,{\"id\":null,\"name\":null,\"comment\":null,\"entityName\":null,\"requestMapping\":null,\"basePackageName\":null,\"codeGenerationPath\":null,\"codeAuthor\":null,\"tableColumnList\":null}]', 8, 1, '分页查询系统数据库表信息数据', NULL, NULL, '2021-03-29 20:04:48', 1, '2021-03-29 20:04:48', 1, 0);
INSERT INTO `sys_log` VALUES (3247, 1, '2021-03-29 20:04:50', '127.0.0.1', '/api/table/info/12', 'GET', 'class com.zero.code.generation.controller.TableInfoController.get', '[12]', 2, 1, '[通用方法]通过主键获取一条对应实体类的数据库记录', NULL, NULL, '2021-03-29 20:04:50', 1, '2021-03-29 20:04:50', 1, 0);
INSERT INTO `sys_log` VALUES (3248, 1, '2021-03-29 20:04:50', '127.0.0.1', '/api/table/column/page/1', 'GET', 'class com.zero.code.generation.controller.TableColumnController.page', '[1,10,{\"id\":null,\"name\":null,\"javaName\":null,\"comment\":null,\"databaseType\":null,\"jdbcType\":null,\"javaType\":null,\"sort\":null,\"tableInfoId\":12}]', 8, 1, '分页查询系统数据库表字段信息表数据', NULL, NULL, '2021-03-29 20:04:50', 1, '2021-03-29 20:04:50', 1, 0);
INSERT INTO `sys_log` VALUES (3249, 1, '2021-03-29 20:13:41', '127.0.0.1', '/api/table/info/page/1', 'GET', 'class com.zero.code.generation.controller.TableInfoController.page', '[1,10,{\"id\":null,\"name\":null,\"comment\":null,\"entityName\":null,\"requestMapping\":null,\"basePackageName\":null,\"codeGenerationPath\":null,\"codeAuthor\":null,\"tableColumnList\":null}]', 17, 1, '分页查询系统数据库表信息数据', NULL, NULL, '2021-03-29 20:13:40', 1, '2021-03-29 20:13:40', 1, 0);
INSERT INTO `sys_log` VALUES (3250, 1, '2021-03-29 20:14:08', '127.0.0.1', '/api/table/info/12', 'GET', 'class com.zero.code.generation.controller.TableInfoController.get', '[12]', 2, 1, '[通用方法]通过主键获取一条对应实体类的数据库记录', NULL, NULL, '2021-03-29 20:14:08', 1, '2021-03-29 20:14:08', 1, 0);
INSERT INTO `sys_log` VALUES (3251, 1, '2021-03-29 20:14:08', '127.0.0.1', '/api/table/column/page/1', 'GET', 'class com.zero.code.generation.controller.TableColumnController.page', '[1,10,{\"id\":null,\"name\":null,\"javaName\":null,\"comment\":null,\"databaseType\":null,\"jdbcType\":null,\"javaType\":null,\"sort\":null,\"tableInfoId\":12}]', 5, 1, '分页查询系统数据库表字段信息表数据', NULL, NULL, '2021-03-29 20:14:08', 1, '2021-03-29 20:14:08', 1, 0);
INSERT INTO `sys_log` VALUES (3252, 1, '2021-03-29 20:20:29', '127.0.0.1', '/api/table/column/page/2', 'GET', 'class com.zero.code.generation.controller.TableColumnController.page', '[2,10,{\"id\":null,\"name\":null,\"javaName\":null,\"comment\":null,\"databaseType\":null,\"jdbcType\":null,\"javaType\":null,\"sort\":null,\"tableInfoId\":12}]', 8, 1, '分页查询系统数据库表字段信息表数据', NULL, NULL, '2021-03-29 20:20:29', 1, '2021-03-29 20:20:29', 1, 0);
INSERT INTO `sys_log` VALUES (3253, 1, '2021-03-29 20:20:30', '127.0.0.1', '/api/table/column/page/1', 'GET', 'class com.zero.code.generation.controller.TableColumnController.page', '[1,10,{\"id\":null,\"name\":null,\"javaName\":null,\"comment\":null,\"databaseType\":null,\"jdbcType\":null,\"javaType\":null,\"sort\":null,\"tableInfoId\":12}]', 6, 1, '分页查询系统数据库表字段信息表数据', NULL, NULL, '2021-03-29 20:20:30', 1, '2021-03-29 20:20:30', 1, 0);
INSERT INTO `sys_log` VALUES (3254, 1, '2021-03-29 20:20:31', '127.0.0.1', '/api/table/column/page/2', 'GET', 'class com.zero.code.generation.controller.TableColumnController.page', '[2,10,{\"id\":null,\"name\":null,\"javaName\":null,\"comment\":null,\"databaseType\":null,\"jdbcType\":null,\"javaType\":null,\"sort\":null,\"tableInfoId\":12}]', 9, 1, '分页查询系统数据库表字段信息表数据', NULL, NULL, '2021-03-29 20:20:31', 1, '2021-03-29 20:20:31', 1, 0);
INSERT INTO `sys_log` VALUES (3255, 1, '2021-03-29 20:20:32', '127.0.0.1', '/api/table/column/page/1', 'GET', 'class com.zero.code.generation.controller.TableColumnController.page', '[1,10,{\"id\":null,\"name\":null,\"javaName\":null,\"comment\":null,\"databaseType\":null,\"jdbcType\":null,\"javaType\":null,\"sort\":null,\"tableInfoId\":12}]', 7, 1, '分页查询系统数据库表字段信息表数据', NULL, NULL, '2021-03-29 20:20:32', 1, '2021-03-29 20:20:32', 1, 0);
INSERT INTO `sys_log` VALUES (3256, 1, '2021-03-29 20:26:41', '127.0.0.1', '/api/menu/routes', 'GET', 'class com.zero.sys.controller.MenuController.routes', NULL, 15, 1, '[动态路由]获取所有启用的系统菜单', NULL, NULL, '2021-03-29 20:26:41', 1, '2021-03-29 20:26:41', 1, 0);
INSERT INTO `sys_log` VALUES (3257, 1, '2021-03-29 20:26:41', '127.0.0.1', '/api/menu/routes', 'GET', 'class com.zero.sys.controller.MenuController.routes', NULL, 10, 1, '[动态路由]获取所有启用的系统菜单', NULL, NULL, '2021-03-29 20:26:41', 1, '2021-03-29 20:26:41', 1, 0);
INSERT INTO `sys_log` VALUES (3258, 1, '2021-03-29 20:27:38', '127.0.0.1', '/api/table/info/page/1', 'GET', 'class com.zero.code.generation.controller.TableInfoController.page', '[1,10,{\"id\":null,\"name\":null,\"comment\":null,\"entityName\":null,\"requestMapping\":null,\"basePackageName\":null,\"codeGenerationPath\":null,\"codeAuthor\":null,\"tableColumnList\":null}]', 7, 1, '分页查询系统数据库表信息数据', NULL, NULL, '2021-03-29 20:27:37', 1, '2021-03-29 20:27:37', 1, 0);
INSERT INTO `sys_log` VALUES (3259, 1, '2021-03-29 20:27:39', '127.0.0.1', '/api/table/info/12', 'GET', 'class com.zero.code.generation.controller.TableInfoController.get', '[12]', 3, 1, '[通用方法]通过主键获取一条对应实体类的数据库记录', NULL, NULL, '2021-03-29 20:27:38', 1, '2021-03-29 20:27:38', 1, 0);
INSERT INTO `sys_log` VALUES (3260, 1, '2021-03-29 20:27:39', '127.0.0.1', '/api/table/column/page/1', 'GET', 'class com.zero.code.generation.controller.TableColumnController.page', '[1,10,{\"id\":null,\"name\":null,\"javaName\":null,\"comment\":null,\"databaseType\":null,\"jdbcType\":null,\"javaType\":null,\"sort\":null,\"tableInfoId\":12}]', 8, 1, '分页查询系统数据库表字段信息表数据', NULL, NULL, '2021-03-29 20:27:39', 1, '2021-03-29 20:27:39', 1, 0);
INSERT INTO `sys_log` VALUES (3261, 1, '2021-03-29 20:27:46', '127.0.0.1', '/api/table/column/page/2', 'GET', 'class com.zero.code.generation.controller.TableColumnController.page', '[2,10,{\"id\":null,\"name\":null,\"javaName\":null,\"comment\":null,\"databaseType\":null,\"jdbcType\":null,\"javaType\":null,\"sort\":null,\"tableInfoId\":12}]', 7, 1, '分页查询系统数据库表字段信息表数据', NULL, NULL, '2021-03-29 20:27:46', 1, '2021-03-29 20:27:46', 1, 0);
INSERT INTO `sys_log` VALUES (3262, 1, '2021-03-29 20:30:28', '127.0.0.1', '/api/menu/routes', 'GET', 'class com.zero.sys.controller.MenuController.routes', NULL, 14, 1, '[动态路由]获取所有启用的系统菜单', NULL, NULL, '2021-03-29 20:30:27', 1, '2021-03-29 20:30:27', 1, 0);
INSERT INTO `sys_log` VALUES (3263, 1, '2021-03-29 20:30:28', '127.0.0.1', '/api/menu/routes', 'GET', 'class com.zero.sys.controller.MenuController.routes', NULL, 15, 1, '[动态路由]获取所有启用的系统菜单', NULL, NULL, '2021-03-29 20:30:27', 1, '2021-03-29 20:30:27', 1, 0);
INSERT INTO `sys_log` VALUES (3264, 1, '2021-03-29 20:31:22', '127.0.0.1', '/api/table/info/page/1', 'GET', 'class com.zero.code.generation.controller.TableInfoController.page', '[1,10,{\"id\":null,\"name\":null,\"comment\":null,\"entityName\":null,\"requestMapping\":null,\"basePackageName\":null,\"codeGenerationPath\":null,\"codeAuthor\":null,\"tableColumnList\":null}]', 7, 1, '分页查询系统数据库表信息数据', NULL, NULL, '2021-03-29 20:31:22', 1, '2021-03-29 20:31:22', 1, 0);
INSERT INTO `sys_log` VALUES (3265, 1, '2021-03-29 20:31:24', '127.0.0.1', '/api/table/info/12', 'GET', 'class com.zero.code.generation.controller.TableInfoController.get', '[12]', 3, 1, '[通用方法]通过主键获取一条对应实体类的数据库记录', NULL, NULL, '2021-03-29 20:31:23', 1, '2021-03-29 20:31:23', 1, 0);
INSERT INTO `sys_log` VALUES (3266, 1, '2021-03-29 20:31:24', '127.0.0.1', '/api/table/column/page/1', 'GET', 'class com.zero.code.generation.controller.TableColumnController.page', '[1,10,{\"id\":null,\"name\":null,\"javaName\":null,\"comment\":null,\"databaseType\":null,\"jdbcType\":null,\"javaType\":null,\"sort\":null,\"tableInfoId\":12}]', 9, 1, '分页查询系统数据库表字段信息表数据', NULL, NULL, '2021-03-29 20:31:24', 1, '2021-03-29 20:31:24', 1, 0);
INSERT INTO `sys_log` VALUES (3267, 1, '2021-03-29 20:31:27', '127.0.0.1', '/api/table/column/page/2', 'GET', 'class com.zero.code.generation.controller.TableColumnController.page', '[2,10,{\"id\":null,\"name\":null,\"javaName\":null,\"comment\":null,\"databaseType\":null,\"jdbcType\":null,\"javaType\":null,\"sort\":null,\"tableInfoId\":12}]', 7, 1, '分页查询系统数据库表字段信息表数据', NULL, NULL, '2021-03-29 20:31:27', 1, '2021-03-29 20:31:27', 1, 0);
INSERT INTO `sys_log` VALUES (3268, 1, '2021-03-29 20:31:36', '127.0.0.1', '/api/table/column/page/1', 'GET', 'class com.zero.code.generation.controller.TableColumnController.page', '[1,10,{\"id\":null,\"name\":null,\"javaName\":null,\"comment\":null,\"databaseType\":null,\"jdbcType\":null,\"javaType\":null,\"sort\":null,\"tableInfoId\":12}]', 6, 1, '分页查询系统数据库表字段信息表数据', NULL, NULL, '2021-03-29 20:31:35', 1, '2021-03-29 20:31:35', 1, 0);
INSERT INTO `sys_log` VALUES (3269, 1, '2021-03-29 21:00:36', '127.0.0.1', '/api/menu/routes', 'GET', 'class com.zero.sys.controller.MenuController.routes', NULL, 15, 1, '[动态路由]获取所有启用的系统菜单', NULL, NULL, '2021-03-29 21:00:35', 1, '2021-03-29 21:00:35', 1, 0);
INSERT INTO `sys_log` VALUES (3270, 1, '2021-03-29 21:00:36', '127.0.0.1', '/api/menu/routes', 'GET', 'class com.zero.sys.controller.MenuController.routes', NULL, 14, 1, '[动态路由]获取所有启用的系统菜单', NULL, NULL, '2021-03-29 21:00:35', 1, '2021-03-29 21:00:35', 1, 0);
INSERT INTO `sys_log` VALUES (3271, 1, '2021-03-29 21:00:36', '127.0.0.1', '/api/table/info/page/1', 'GET', 'class com.zero.code.generation.controller.TableInfoController.page', '[1,10,{\"id\":null,\"name\":null,\"comment\":null,\"entityName\":null,\"requestMapping\":null,\"basePackageName\":null,\"codeGenerationPath\":null,\"codeAuthor\":null,\"tableColumnList\":null}]', 285, 0, '分页查询系统数据库表信息数据', 'org.springframework.jdbc.BadSqlGrammarException', '\r\n### Error querying database.  Cause: java.sql.SQLSyntaxErrorException: Unknown column \'code_generation_path\' in \'field list\'\r\n### The error may exist in com/zero/code/generation/mapper/TableInfoMapper.xml\r\n### The error may involve defaultParameterMap\r\n### The error occurred while setting parameters\r\n### SQL: select `id` as id,`name` as name,`comment` as comment,`entity_name` as entity_name,`request_mapping` as request_mapping,         `base_package_name` as base_package_name,`code_generation_path` as code_generation_path,         `code_author` as code_author         from dev_table_info         where deleted = 0 LIMIT ?\r\n### Cause: java.sql.SQLSyntaxErrorException: Unknown column \'code_generation_path\' in \'field list\'\n; bad SQL grammar []; nested exception is java.sql.SQLSyntaxErrorException: Unknown column \'code_generation_path\' in \'field list\'', '2021-03-29 21:00:36', 1, '2021-03-29 21:00:36', 1, 0);
INSERT INTO `sys_log` VALUES (3272, 1, '2021-03-29 21:00:46', '127.0.0.1', '/api/user/page/1', 'GET', 'class com.zero.auth.controller.UserController.page', '[1,10,{\"id\":null,\"username\":null,\"enabled\":null,\"locked\":null,\"accountExpire\":null,\"passwordExpire\":null,\"roles\":null,\"userInfo\":null,\"onlineLoginLogs\":null,\"queryRoleId\":null}]', 43, 1, '分页查询用户数据', NULL, NULL, '2021-03-29 21:00:46', 1, '2021-03-29 21:00:46', 1, 0);
INSERT INTO `sys_log` VALUES (3273, 1, '2021-03-29 21:00:48', '127.0.0.1', '/api/table/info/page/1', 'GET', 'class com.zero.code.generation.controller.TableInfoController.page', '[1,10,{\"id\":null,\"name\":null,\"comment\":null,\"entityName\":null,\"requestMapping\":null,\"basePackageName\":null,\"codeGenerationPath\":null,\"codeAuthor\":null,\"tableColumnList\":null}]', 7, 0, '分页查询系统数据库表信息数据', 'org.springframework.jdbc.BadSqlGrammarException', '\r\n### Error querying database.  Cause: java.sql.SQLSyntaxErrorException: Unknown column \'code_generation_path\' in \'field list\'\r\n### The error may exist in com/zero/code/generation/mapper/TableInfoMapper.xml\r\n### The error may involve defaultParameterMap\r\n### The error occurred while setting parameters\r\n### SQL: select `id` as id,`name` as name,`comment` as comment,`entity_name` as entity_name,`request_mapping` as request_mapping,         `base_package_name` as base_package_name,`code_generation_path` as code_generation_path,         `code_author` as code_author         from dev_table_info         where deleted = 0 LIMIT ?\r\n### Cause: java.sql.SQLSyntaxErrorException: Unknown column \'code_generation_path\' in \'field list\'\n; bad SQL grammar []; nested exception is java.sql.SQLSyntaxErrorException: Unknown column \'code_generation_path\' in \'field list\'', '2021-03-29 21:00:47', 1, '2021-03-29 21:00:47', 1, 0);
INSERT INTO `sys_log` VALUES (3274, 1, '2021-03-29 21:02:15', '127.0.0.1', '/api/user/page/1', 'GET', 'class com.zero.auth.controller.UserController.page', '[1,10,{\"id\":null,\"username\":null,\"enabled\":null,\"locked\":null,\"accountExpire\":null,\"passwordExpire\":null,\"roles\":null,\"userInfo\":null,\"onlineLoginLogs\":null,\"queryRoleId\":null}]', 117, 1, '分页查询用户数据', NULL, NULL, '2021-03-29 21:02:15', 1, '2021-03-29 21:02:15', 1, 0);
INSERT INTO `sys_log` VALUES (3275, 1, '2021-03-29 21:02:18', '127.0.0.1', '/api/table/info/page/1', 'GET', 'class com.zero.code.generation.controller.TableInfoController.page', '[1,10,{\"id\":null,\"name\":null,\"comment\":null,\"entityName\":null,\"requestMapping\":null,\"basePackageName\":null,\"javaCodePath\":null,\"vueCodePath\":null,\"codeAuthor\":null,\"tableColumnList\":null}]', 23, 1, '分页查询系统数据库表信息数据', NULL, NULL, '2021-03-29 21:02:17', 1, '2021-03-29 21:02:17', 1, 0);
INSERT INTO `sys_log` VALUES (3276, 1, '2021-03-29 21:04:35', '127.0.0.1', '/api/table/info/page/1', 'GET', 'class com.zero.code.generation.controller.TableInfoController.page', '[1,10,{\"id\":null,\"name\":null,\"comment\":null,\"entityName\":null,\"requestMapping\":null,\"basePackageName\":null,\"javaCodePath\":null,\"vueCodePath\":null,\"codeAuthor\":null,\"tableColumnList\":null}]', 9, 1, '分页查询系统数据库表信息数据', NULL, NULL, '2021-03-29 21:04:35', 1, '2021-03-29 21:04:35', 1, 0);
INSERT INTO `sys_log` VALUES (3277, 1, '2021-03-29 21:04:36', '127.0.0.1', '/api/table/info/page/1', 'GET', 'class com.zero.code.generation.controller.TableInfoController.page', '[1,10,{\"id\":null,\"name\":null,\"comment\":null,\"entityName\":null,\"requestMapping\":null,\"basePackageName\":null,\"javaCodePath\":null,\"vueCodePath\":null,\"codeAuthor\":null,\"tableColumnList\":null}]', 4, 1, '分页查询系统数据库表信息数据', NULL, NULL, '2021-03-29 21:04:36', 1, '2021-03-29 21:04:36', 1, 0);
INSERT INTO `sys_log` VALUES (3278, 1, '2021-03-29 21:05:16', '127.0.0.1', '/api/table/info/12', 'GET', 'class com.zero.code.generation.controller.TableInfoController.get', '[12]', 8, 1, '[通用方法]通过主键获取一条对应实体类的数据库记录', NULL, NULL, '2021-03-29 21:05:16', 1, '2021-03-29 21:05:16', 1, 0);
INSERT INTO `sys_log` VALUES (3279, 1, '2021-03-29 21:05:17', '127.0.0.1', '/api/table/column/page/1', 'GET', 'class com.zero.code.generation.controller.TableColumnController.page', '[1,10,{\"id\":null,\"name\":null,\"javaName\":null,\"comment\":null,\"databaseType\":null,\"jdbcType\":null,\"javaType\":null,\"sort\":null,\"tableInfoId\":12}]', 39, 1, '分页查询系统数据库表字段信息表数据', NULL, NULL, '2021-03-29 21:05:16', 1, '2021-03-29 21:05:16', 1, 0);
INSERT INTO `sys_log` VALUES (3280, 1, '2021-03-29 21:06:40', '127.0.0.1', '/api/table/info/12', 'GET', 'class com.zero.code.generation.controller.TableInfoController.get', '[12]', 4, 1, '[通用方法]通过主键获取一条对应实体类的数据库记录', NULL, NULL, '2021-03-29 21:06:39', 1, '2021-03-29 21:06:39', 1, 0);
INSERT INTO `sys_log` VALUES (3281, 1, '2021-03-29 21:06:40', '127.0.0.1', '/api/table/column/page/1', 'GET', 'class com.zero.code.generation.controller.TableColumnController.page', '[1,10,{\"id\":null,\"name\":null,\"javaName\":null,\"comment\":null,\"databaseType\":null,\"jdbcType\":null,\"javaType\":null,\"sort\":null,\"tableInfoId\":12}]', 11, 1, '分页查询系统数据库表字段信息表数据', NULL, NULL, '2021-03-29 21:06:39', 1, '2021-03-29 21:06:39', 1, 0);
INSERT INTO `sys_log` VALUES (3282, 1, '2021-03-29 21:06:51', '127.0.0.1', '/api/table/info/page/1', 'GET', 'class com.zero.code.generation.controller.TableInfoController.page', '[1,10,{\"id\":null,\"name\":null,\"comment\":null,\"entityName\":null,\"requestMapping\":null,\"basePackageName\":null,\"javaCodePath\":null,\"vueCodePath\":null,\"codeAuthor\":null,\"tableColumnList\":null}]', 19, 1, '分页查询系统数据库表信息数据', NULL, NULL, '2021-03-29 21:06:50', 1, '2021-03-29 21:06:50', 1, 0);
INSERT INTO `sys_log` VALUES (3283, 1, '2021-03-29 21:06:53', '127.0.0.1', '/api/table/info/12', 'GET', 'class com.zero.code.generation.controller.TableInfoController.get', '[12]', 2, 1, '[通用方法]通过主键获取一条对应实体类的数据库记录', NULL, NULL, '2021-03-29 21:06:52', 1, '2021-03-29 21:06:52', 1, 0);
INSERT INTO `sys_log` VALUES (3284, 1, '2021-03-29 21:06:53', '127.0.0.1', '/api/table/column/page/1', 'GET', 'class com.zero.code.generation.controller.TableColumnController.page', '[1,10,{\"id\":null,\"name\":null,\"javaName\":null,\"comment\":null,\"databaseType\":null,\"jdbcType\":null,\"javaType\":null,\"sort\":null,\"tableInfoId\":12}]', 8, 1, '分页查询系统数据库表字段信息表数据', NULL, NULL, '2021-03-29 21:06:52', 1, '2021-03-29 21:06:52', 1, 0);
INSERT INTO `sys_log` VALUES (3285, 1, '2021-03-29 21:08:15', '127.0.0.1', '/api/table/info/page/1', 'GET', 'class com.zero.code.generation.controller.TableInfoController.page', '[1,10,{\"id\":null,\"name\":null,\"comment\":null,\"entityName\":null,\"requestMapping\":null,\"basePackageName\":null,\"javaCodePath\":null,\"vueCodePath\":null,\"codeAuthor\":null,\"tableColumnList\":null}]', 6, 1, '分页查询系统数据库表信息数据', NULL, NULL, '2021-03-29 21:08:15', 1, '2021-03-29 21:08:15', 1, 0);
INSERT INTO `sys_log` VALUES (3286, 1, '2021-03-29 21:08:20', '127.0.0.1', '/api/table/info/recover/page/1', 'GET', 'class com.zero.code.generation.controller.TableInfoController.recoverPage', '[1,10,{\"id\":null,\"name\":null,\"comment\":null,\"entityName\":null,\"requestMapping\":null,\"basePackageName\":null,\"javaCodePath\":null,\"vueCodePath\":null,\"codeAuthor\":null,\"tableColumnList\":null}]', 4, 1, '分页查询逻辑删除的系统数据库表信息表数据', NULL, NULL, '2021-03-29 21:08:20', 1, '2021-03-29 21:08:20', 1, 0);
INSERT INTO `sys_log` VALUES (3287, 1, '2021-03-29 21:08:51', '127.0.0.1', '/api/table/info/recover/page/1', 'GET', 'class com.zero.code.generation.controller.TableInfoController.recoverPage', '[1,10,{\"id\":null,\"name\":null,\"comment\":null,\"entityName\":null,\"requestMapping\":null,\"basePackageName\":null,\"javaCodePath\":null,\"vueCodePath\":null,\"codeAuthor\":null,\"tableColumnList\":null}]', 5, 1, '分页查询逻辑删除的系统数据库表信息表数据', NULL, NULL, '2021-03-29 21:08:51', 1, '2021-03-29 21:08:51', 1, 0);
INSERT INTO `sys_log` VALUES (3288, 1, '2021-03-29 21:08:53', '127.0.0.1', '/api/table/info/page/1', 'GET', 'class com.zero.code.generation.controller.TableInfoController.page', '[1,10,{\"id\":null,\"name\":null,\"comment\":null,\"entityName\":null,\"requestMapping\":null,\"basePackageName\":null,\"javaCodePath\":null,\"vueCodePath\":null,\"codeAuthor\":null,\"tableColumnList\":null}]', 8, 1, '分页查询系统数据库表信息数据', NULL, NULL, '2021-03-29 21:08:53', 1, '2021-03-29 21:08:53', 1, 0);
INSERT INTO `sys_log` VALUES (3289, 1, '2021-03-29 21:08:56', '127.0.0.1', '/api/table/info/12', 'DELETE', 'class com.zero.code.generation.controller.TableInfoController.deleteById', '[12]', 5, 1, '[通用方法]通过主键删除一条对应实体类的数据库记录', NULL, NULL, '2021-03-29 21:08:55', 1, '2021-03-29 21:08:55', 1, 0);
INSERT INTO `sys_log` VALUES (3290, 1, '2021-03-29 21:08:56', '127.0.0.1', '/api/table/info/page/1', 'GET', 'class com.zero.code.generation.controller.TableInfoController.page', '[1,10,{\"id\":null,\"name\":null,\"comment\":null,\"entityName\":null,\"requestMapping\":null,\"basePackageName\":null,\"javaCodePath\":null,\"vueCodePath\":null,\"codeAuthor\":null,\"tableColumnList\":null}]', 7, 1, '分页查询系统数据库表信息数据', NULL, NULL, '2021-03-29 21:08:55', 1, '2021-03-29 21:08:55', 1, 0);
INSERT INTO `sys_log` VALUES (3291, 1, '2021-03-29 21:08:58', '127.0.0.1', '/api/table/info/recover/page/1', 'GET', 'class com.zero.code.generation.controller.TableInfoController.recoverPage', '[1,10,{\"id\":null,\"name\":null,\"comment\":null,\"entityName\":null,\"requestMapping\":null,\"basePackageName\":null,\"javaCodePath\":null,\"vueCodePath\":null,\"codeAuthor\":null,\"tableColumnList\":null}]', 5, 1, '分页查询逻辑删除的系统数据库表信息表数据', NULL, NULL, '2021-03-29 21:08:57', 1, '2021-03-29 21:08:57', 1, 0);
INSERT INTO `sys_log` VALUES (3292, 1, '2021-03-29 21:10:49', '127.0.0.1', '/api/user/recover/page/1', 'GET', 'class com.zero.auth.controller.UserController.recoverPage', '[1,10,{\"id\":null,\"username\":null,\"enabled\":null,\"locked\":null,\"accountExpire\":null,\"passwordExpire\":null,\"roles\":null,\"userInfo\":null,\"onlineLoginLogs\":null,\"queryRoleId\":null}]', 7, 1, '分页查询逻辑删除的用户数据', NULL, NULL, '2021-03-29 21:10:48', 1, '2021-03-29 21:10:48', 1, 0);
INSERT INTO `sys_log` VALUES (3293, 1, '2021-03-29 21:10:53', '127.0.0.1', '/api/table/info/page/1', 'GET', 'class com.zero.code.generation.controller.TableInfoController.page', '[1,10,{\"id\":null,\"name\":null,\"comment\":null,\"entityName\":null,\"requestMapping\":null,\"basePackageName\":null,\"javaCodePath\":null,\"vueCodePath\":null,\"codeAuthor\":null,\"tableColumnList\":null}]', 3, 1, '分页查询系统数据库表信息数据', NULL, NULL, '2021-03-29 21:10:53', 1, '2021-03-29 21:10:53', 1, 0);
INSERT INTO `sys_log` VALUES (3294, 1, '2021-03-29 21:10:57', '127.0.0.1', '/api/table/info/recover/page/1', 'GET', 'class com.zero.code.generation.controller.TableInfoController.recoverPage', '[1,10,{\"id\":null,\"name\":null,\"comment\":null,\"entityName\":null,\"requestMapping\":null,\"basePackageName\":null,\"javaCodePath\":null,\"vueCodePath\":null,\"codeAuthor\":null,\"tableColumnList\":null}]', 7, 1, '分页查询逻辑删除的系统数据库表信息表数据', NULL, NULL, '2021-03-29 21:10:56', 1, '2021-03-29 21:10:56', 1, 0);
INSERT INTO `sys_log` VALUES (3295, 1, '2021-03-29 21:10:58', '127.0.0.1', '/api/table/info/recover/12', 'PUT', 'class com.zero.code.generation.controller.TableInfoController.recover', '[12]', 6, 1, '通过主键恢复逻辑删除的系统数据库表信息表数据', NULL, NULL, '2021-03-29 21:10:57', 1, '2021-03-29 21:10:57', 1, 0);
INSERT INTO `sys_log` VALUES (3296, 1, '2021-03-29 21:10:58', '127.0.0.1', '/api/table/info/recover/page/1', 'GET', 'class com.zero.code.generation.controller.TableInfoController.recoverPage', '[1,10,{\"id\":null,\"name\":null,\"comment\":null,\"entityName\":null,\"requestMapping\":null,\"basePackageName\":null,\"javaCodePath\":null,\"vueCodePath\":null,\"codeAuthor\":null,\"tableColumnList\":null}]', 3, 1, '分页查询逻辑删除的系统数据库表信息表数据', NULL, NULL, '2021-03-29 21:10:57', 1, '2021-03-29 21:10:57', 1, 0);
INSERT INTO `sys_log` VALUES (3297, 1, '2021-03-29 21:11:00', '127.0.0.1', '/api/table/info/page/1', 'GET', 'class com.zero.code.generation.controller.TableInfoController.page', '[1,10,{\"id\":null,\"name\":null,\"comment\":null,\"entityName\":null,\"requestMapping\":null,\"basePackageName\":null,\"javaCodePath\":null,\"vueCodePath\":null,\"codeAuthor\":null,\"tableColumnList\":null}]', 6, 1, '分页查询系统数据库表信息数据', NULL, NULL, '2021-03-29 21:11:00', 1, '2021-03-29 21:11:00', 1, 0);
INSERT INTO `sys_log` VALUES (3298, 1, '2021-03-29 21:11:06', '127.0.0.1', '/api/table/info/12', 'GET', 'class com.zero.code.generation.controller.TableInfoController.get', '[12]', 2, 1, '[通用方法]通过主键获取一条对应实体类的数据库记录', NULL, NULL, '2021-03-29 21:11:05', 1, '2021-03-29 21:11:05', 1, 0);
INSERT INTO `sys_log` VALUES (3299, 1, '2021-03-29 21:11:06', '127.0.0.1', '/api/table/column/page/1', 'GET', 'class com.zero.code.generation.controller.TableColumnController.page', '[1,10,{\"id\":null,\"name\":null,\"javaName\":null,\"comment\":null,\"databaseType\":null,\"jdbcType\":null,\"javaType\":null,\"sort\":null,\"tableInfoId\":12}]', 6, 1, '分页查询系统数据库表字段信息表数据', NULL, NULL, '2021-03-29 21:11:05', 1, '2021-03-29 21:11:05', 1, 0);
INSERT INTO `sys_log` VALUES (3300, 1, '2021-03-29 21:16:47', '127.0.0.1', '/api/table/info/page/1', 'GET', 'class com.zero.code.generation.controller.TableInfoController.page', '[1,10,{\"id\":null,\"name\":null,\"comment\":null,\"entityName\":null,\"requestMapping\":null,\"basePackageName\":null,\"javaCodePath\":null,\"vueCodePath\":null,\"codeAuthor\":null,\"tableColumnList\":null}]', 6, 1, '分页查询系统数据库表信息数据', NULL, NULL, '2021-03-29 21:16:47', 1, '2021-03-29 21:16:47', 1, 0);
INSERT INTO `sys_log` VALUES (3301, 1, '2021-03-29 21:26:09', '127.0.0.1', '/api/table/info/page/1', 'GET', 'class com.zero.code.generation.controller.TableInfoController.page', '[1,10,{\"id\":null,\"name\":null,\"comment\":null,\"entityName\":null,\"requestMapping\":null,\"basePackageName\":null,\"javaCodePath\":null,\"vueCodePath\":null,\"codeAuthor\":null,\"tableColumnList\":null}]', 9, 1, '分页查询系统数据库表信息数据', NULL, NULL, '2021-03-29 21:26:08', 1, '2021-03-29 21:26:08', 1, 0);
INSERT INTO `sys_log` VALUES (3302, 1, '2021-03-29 21:26:43', '127.0.0.1', '/api/table/info/12', 'DELETE', 'class com.zero.code.generation.controller.TableInfoController.deleteById', '[12]', 5, 1, '[通用方法]通过主键删除一条对应实体类的数据库记录', NULL, NULL, '2021-03-29 21:26:43', 1, '2021-03-29 21:26:43', 1, 0);
INSERT INTO `sys_log` VALUES (3303, 1, '2021-03-29 21:26:43', '127.0.0.1', '/api/table/info/page/1', 'GET', 'class com.zero.code.generation.controller.TableInfoController.page', '[1,10,{\"id\":null,\"name\":null,\"comment\":null,\"entityName\":null,\"requestMapping\":null,\"basePackageName\":null,\"javaCodePath\":null,\"vueCodePath\":null,\"codeAuthor\":null,\"tableColumnList\":null}]', 9, 1, '分页查询系统数据库表信息数据', NULL, NULL, '2021-03-29 21:26:43', 1, '2021-03-29 21:26:43', 1, 0);
INSERT INTO `sys_log` VALUES (3304, 1, '2021-03-29 21:26:45', '127.0.0.1', '/api/table/info/recover/page/1', 'GET', 'class com.zero.code.generation.controller.TableInfoController.recoverPage', '[1,10,{\"id\":null,\"name\":null,\"comment\":null,\"entityName\":null,\"requestMapping\":null,\"basePackageName\":null,\"javaCodePath\":null,\"vueCodePath\":null,\"codeAuthor\":null,\"tableColumnList\":null}]', 9, 1, '分页查询逻辑删除的系统数据库表信息表数据', NULL, NULL, '2021-03-29 21:26:44', 1, '2021-03-29 21:26:44', 1, 0);
INSERT INTO `sys_log` VALUES (3305, 1, '2021-03-29 21:27:23', '127.0.0.1', '/api/table/info/recover/page/1', 'GET', 'class com.zero.code.generation.controller.TableInfoController.recoverPage', '[1,10,{\"id\":null,\"name\":null,\"comment\":null,\"entityName\":null,\"requestMapping\":null,\"basePackageName\":null,\"javaCodePath\":null,\"vueCodePath\":null,\"codeAuthor\":null,\"tableColumnList\":null}]', 4, 1, '分页查询逻辑删除的系统数据库表信息表数据', NULL, NULL, '2021-03-29 21:27:22', 1, '2021-03-29 21:27:22', 1, 0);
INSERT INTO `sys_log` VALUES (3306, 1, '2021-03-29 21:28:26', '127.0.0.1', '/api/table/info/recover/12', 'PUT', 'class com.zero.code.generation.controller.TableInfoController.recover', '[12]', 7, 1, '通过主键恢复逻辑删除的系统数据库表信息表数据', NULL, NULL, '2021-03-29 21:28:25', 1, '2021-03-29 21:28:25', 1, 0);
INSERT INTO `sys_log` VALUES (3307, 1, '2021-03-29 21:28:26', '127.0.0.1', '/api/table/info/recover/page/1', 'GET', 'class com.zero.code.generation.controller.TableInfoController.recoverPage', '[1,10,{\"id\":null,\"name\":null,\"comment\":null,\"entityName\":null,\"requestMapping\":null,\"basePackageName\":null,\"javaCodePath\":null,\"vueCodePath\":null,\"codeAuthor\":null,\"tableColumnList\":null}]', 4, 1, '分页查询逻辑删除的系统数据库表信息表数据', NULL, NULL, '2021-03-29 21:28:26', 1, '2021-03-29 21:28:26', 1, 0);
INSERT INTO `sys_log` VALUES (3308, 1, '2021-03-29 21:28:28', '127.0.0.1', '/api/table/info/page/1', 'GET', 'class com.zero.code.generation.controller.TableInfoController.page', '[1,10,{\"id\":null,\"name\":null,\"comment\":null,\"entityName\":null,\"requestMapping\":null,\"basePackageName\":null,\"javaCodePath\":null,\"vueCodePath\":null,\"codeAuthor\":null,\"tableColumnList\":null}]', 5, 1, '分页查询系统数据库表信息数据', NULL, NULL, '2021-03-29 21:28:28', 1, '2021-03-29 21:28:28', 1, 0);
INSERT INTO `sys_log` VALUES (3309, 1, '2021-03-29 21:28:32', '127.0.0.1', '/api/table/info/not/list', 'GET', 'class com.zero.code.generation.controller.TableInfoController.getNotAddList', NULL, 3, 1, '获取还没有插入数据库中的数据库表信息', NULL, NULL, '2021-03-29 21:28:31', 1, '2021-03-29 21:28:31', 1, 0);
INSERT INTO `sys_log` VALUES (3310, 1, '2021-03-29 21:28:54', '127.0.0.1', '/api/table/info/12', 'GET', 'class com.zero.code.generation.controller.TableInfoController.get', '[12]', 1, 1, '[通用方法]通过主键获取一条对应实体类的数据库记录', NULL, NULL, '2021-03-29 21:28:53', 1, '2021-03-29 21:28:53', 1, 0);
INSERT INTO `sys_log` VALUES (3311, 1, '2021-03-29 21:28:54', '127.0.0.1', '/api/table/column/page/1', 'GET', 'class com.zero.code.generation.controller.TableColumnController.page', '[1,10,{\"id\":null,\"name\":null,\"javaName\":null,\"comment\":null,\"databaseType\":null,\"jdbcType\":null,\"javaType\":null,\"sort\":null,\"tableInfoId\":12}]', 5, 1, '分页查询系统数据库表字段信息表数据', NULL, NULL, '2021-03-29 21:28:54', 1, '2021-03-29 21:28:54', 1, 0);
INSERT INTO `sys_log` VALUES (3312, 1, '2021-03-29 21:31:32', '127.0.0.1', '/api/table/info/12', 'GET', 'class com.zero.code.generation.controller.TableInfoController.get', '[12]', 4, 1, '[通用方法]通过主键获取一条对应实体类的数据库记录', NULL, NULL, '2021-03-29 21:31:31', 1, '2021-03-29 21:31:31', 1, 0);
INSERT INTO `sys_log` VALUES (3313, 1, '2021-03-29 21:31:32', '127.0.0.1', '/api/table/column/page/1', 'GET', 'class com.zero.code.generation.controller.TableColumnController.page', '[1,10,{\"id\":null,\"name\":null,\"javaName\":null,\"comment\":null,\"databaseType\":null,\"jdbcType\":null,\"javaType\":null,\"sort\":null,\"tableInfoId\":12}]', 7, 1, '分页查询系统数据库表字段信息表数据', NULL, NULL, '2021-03-29 21:31:31', 1, '2021-03-29 21:31:31', 1, 0);
INSERT INTO `sys_log` VALUES (3314, 1, '2021-03-29 21:31:33', '127.0.0.1', '/api/table/info/12', 'GET', 'class com.zero.code.generation.controller.TableInfoController.get', '[12]', 2, 1, '[通用方法]通过主键获取一条对应实体类的数据库记录', NULL, NULL, '2021-03-29 21:31:33', 1, '2021-03-29 21:31:33', 1, 0);
INSERT INTO `sys_log` VALUES (3315, 1, '2021-03-29 21:31:33', '127.0.0.1', '/api/table/column/page/1', 'GET', 'class com.zero.code.generation.controller.TableColumnController.page', '[1,10,{\"id\":null,\"name\":null,\"javaName\":null,\"comment\":null,\"databaseType\":null,\"jdbcType\":null,\"javaType\":null,\"sort\":null,\"tableInfoId\":12}]', 8, 1, '分页查询系统数据库表字段信息表数据', NULL, NULL, '2021-03-29 21:31:33', 1, '2021-03-29 21:31:33', 1, 0);
INSERT INTO `sys_log` VALUES (3316, 1, '2021-03-29 21:31:44', '127.0.0.1', '/api/table/info/page/1', 'GET', 'class com.zero.code.generation.controller.TableInfoController.page', '[1,10,{\"id\":null,\"name\":null,\"comment\":null,\"entityName\":null,\"requestMapping\":null,\"basePackageName\":null,\"javaCodePath\":null,\"vueCodePath\":null,\"codeAuthor\":null,\"tableColumnList\":null}]', 10, 1, '分页查询系统数据库表信息数据', NULL, NULL, '2021-03-29 21:31:44', 1, '2021-03-29 21:31:44', 1, 0);
INSERT INTO `sys_log` VALUES (3317, 1, '2021-03-29 21:31:45', '127.0.0.1', '/api/table/info/12', 'GET', 'class com.zero.code.generation.controller.TableInfoController.get', '[12]', 1, 1, '[通用方法]通过主键获取一条对应实体类的数据库记录', NULL, NULL, '2021-03-29 21:31:45', 1, '2021-03-29 21:31:45', 1, 0);
INSERT INTO `sys_log` VALUES (3318, 1, '2021-03-29 21:31:45', '127.0.0.1', '/api/table/column/page/1', 'GET', 'class com.zero.code.generation.controller.TableColumnController.page', '[1,10,{\"id\":null,\"name\":null,\"javaName\":null,\"comment\":null,\"databaseType\":null,\"jdbcType\":null,\"javaType\":null,\"sort\":null,\"tableInfoId\":12}]', 13, 1, '分页查询系统数据库表字段信息表数据', NULL, NULL, '2021-03-29 21:31:45', 1, '2021-03-29 21:31:45', 1, 0);
INSERT INTO `sys_log` VALUES (3319, 1, '2021-03-29 21:32:03', '127.0.0.1', '/api/table/info/page/1', 'GET', 'class com.zero.code.generation.controller.TableInfoController.page', '[1,10,{\"id\":null,\"name\":null,\"comment\":null,\"entityName\":null,\"requestMapping\":null,\"basePackageName\":null,\"javaCodePath\":null,\"vueCodePath\":null,\"codeAuthor\":null,\"tableColumnList\":null}]', 8, 1, '分页查询系统数据库表信息数据', NULL, NULL, '2021-03-29 21:32:03', 1, '2021-03-29 21:32:03', 1, 0);
INSERT INTO `sys_log` VALUES (3320, 1, '2021-03-29 21:33:46', '127.0.0.1', '/api/user/recover/page/1', 'GET', 'class com.zero.code.generation.controller.TableInfoController.page', '[1,10,{\"id\":null,\"username\":null,\"enabled\":null,\"locked\":null,\"accountExpire\":null,\"passwordExpire\":null,\"roles\":null,\"userInfo\":null,\"onlineLoginLogs\":null,\"queryRoleId\":null}]', 323, 1, '分页查询系统数据库表信息数据', NULL, NULL, '2021-03-29 21:33:46', 1, '2021-03-29 21:33:46', 1, 0);
INSERT INTO `sys_log` VALUES (3321, 1, '2021-03-29 21:33:46', '127.0.0.1', '/api/user/recover/page/1', 'GET', 'class com.zero.code.generation.controller.TableInfoController.page', '[1,10,{\"id\":null,\"username\":null,\"enabled\":null,\"locked\":null,\"accountExpire\":null,\"passwordExpire\":null,\"roles\":null,\"userInfo\":null,\"onlineLoginLogs\":null,\"queryRoleId\":null}]', 323, 1, '分页查询系统数据库表信息数据', NULL, NULL, '2021-03-29 21:33:46', 1, '2021-03-29 21:33:46', 1, 0);
INSERT INTO `sys_log` VALUES (3322, 1, '2021-03-29 21:34:40', '127.0.0.1', '/api/table/info/12', 'GET', 'class com.zero.code.generation.controller.TableInfoController.get', '[12]', 3, 1, '[通用方法]通过主键获取一条对应实体类的数据库记录', NULL, NULL, '2021-03-29 21:34:40', 1, '2021-03-29 21:34:40', 1, 0);
INSERT INTO `sys_log` VALUES (3323, 1, '2021-03-29 21:34:40', '127.0.0.1', '/api/table/column/page/1', 'GET', 'class com.zero.code.generation.controller.TableColumnController.page', '[1,10,{\"id\":null,\"name\":null,\"javaName\":null,\"comment\":null,\"databaseType\":null,\"jdbcType\":null,\"javaType\":null,\"sort\":null,\"tableInfoId\":12}]', 25, 1, '分页查询系统数据库表字段信息表数据', NULL, NULL, '2021-03-29 21:34:40', 1, '2021-03-29 21:34:40', 1, 0);
INSERT INTO `sys_log` VALUES (3324, 1, '2021-03-29 21:43:41', '127.0.0.1', '/api/menu/routes', 'GET', 'class com.zero.sys.controller.MenuController.routes', NULL, 29, 1, '[动态路由]获取所有启用的系统菜单', NULL, NULL, '2021-03-29 21:43:40', 1, '2021-03-29 21:43:40', 1, 0);
INSERT INTO `sys_log` VALUES (3325, 1, '2021-03-29 21:43:41', '127.0.0.1', '/api/menu/routes', 'GET', 'class com.zero.sys.controller.MenuController.routes', NULL, 11, 1, '[动态路由]获取所有启用的系统菜单', NULL, NULL, '2021-03-29 21:43:40', 1, '2021-03-29 21:43:40', 1, 0);
INSERT INTO `sys_log` VALUES (3326, 1, '2021-03-29 21:44:48', '127.0.0.1', '/api/table/info/page/1', 'GET', 'class com.zero.code.generation.controller.TableInfoController.page', '[1,10,{\"id\":null,\"name\":null,\"comment\":null,\"entityName\":null,\"requestMapping\":null,\"basePackageName\":null,\"javaCodePath\":null,\"vueCodePath\":null,\"vuePackage\":null,\"codeAuthor\":null,\"tableColumnList\":null}]', 7, 1, '分页查询系统数据库表信息数据', NULL, NULL, '2021-03-29 21:44:47', 1, '2021-03-29 21:44:47', 1, 0);
INSERT INTO `sys_log` VALUES (3327, 1, '2021-03-29 21:44:49', '127.0.0.1', '/api/table/info/not/list', 'GET', 'class com.zero.code.generation.controller.TableInfoController.getNotAddList', NULL, 4, 1, '获取还没有插入数据库中的数据库表信息', NULL, NULL, '2021-03-29 21:44:48', 1, '2021-03-29 21:44:48', 1, 0);
INSERT INTO `sys_log` VALUES (3328, 1, '2021-03-29 21:45:51', '127.0.0.1', '/api/table/info/page/1', 'GET', 'class com.zero.code.generation.controller.TableInfoController.page', '[1,10,{\"id\":null,\"name\":null,\"comment\":null,\"entityName\":null,\"requestMapping\":null,\"basePackageName\":null,\"javaCodePath\":null,\"vueCodePath\":null,\"vuePackage\":null,\"codeAuthor\":null,\"tableColumnList\":null}]', 9, 1, '分页查询系统数据库表信息数据', NULL, NULL, '2021-03-29 21:45:51', 1, '2021-03-29 21:45:51', 1, 0);
INSERT INTO `sys_log` VALUES (3329, 1, '2021-03-29 21:45:51', '127.0.0.1', '/api/table/info/page/1', 'GET', 'class com.zero.code.generation.controller.TableInfoController.page', '[1,10,{\"id\":null,\"name\":null,\"comment\":null,\"entityName\":null,\"requestMapping\":null,\"basePackageName\":null,\"javaCodePath\":null,\"vueCodePath\":null,\"vuePackage\":null,\"codeAuthor\":null,\"tableColumnList\":null}]', 16, 1, '分页查询系统数据库表信息数据', NULL, NULL, '2021-03-29 21:45:51', 1, '2021-03-29 21:45:51', 1, 0);
INSERT INTO `sys_log` VALUES (3330, 1, '2021-03-29 21:45:53', '127.0.0.1', '/api/table/info/not/list', 'GET', 'class com.zero.code.generation.controller.TableInfoController.getNotAddList', NULL, 4, 1, '获取还没有插入数据库中的数据库表信息', NULL, NULL, '2021-03-29 21:45:52', 1, '2021-03-29 21:45:52', 1, 0);
INSERT INTO `sys_log` VALUES (3331, 1, '2021-03-29 21:46:36', '127.0.0.1', '/api/table/info/page/1', 'GET', 'class com.zero.code.generation.controller.TableInfoController.page', '[1,10,{\"id\":null,\"name\":null,\"comment\":null,\"entityName\":null,\"requestMapping\":null,\"basePackageName\":null,\"javaCodePath\":null,\"vueCodePath\":null,\"vuePackage\":null,\"codeAuthor\":null,\"tableColumnList\":null}]', 6, 1, '分页查询系统数据库表信息数据', NULL, NULL, '2021-03-29 21:46:36', 1, '2021-03-29 21:46:36', 1, 0);
INSERT INTO `sys_log` VALUES (3332, 1, '2021-03-29 21:46:37', '127.0.0.1', '/api/table/info/not/list', 'GET', 'class com.zero.code.generation.controller.TableInfoController.getNotAddList', NULL, 3, 1, '获取还没有插入数据库中的数据库表信息', NULL, NULL, '2021-03-29 21:46:37', 1, '2021-03-29 21:46:37', 1, 0);
INSERT INTO `sys_log` VALUES (3333, 1, '2021-03-29 21:47:03', '127.0.0.1', '/api/table/info/page/1', 'GET', 'class com.zero.code.generation.controller.TableInfoController.page', '[1,10,{\"id\":null,\"name\":null,\"comment\":null,\"entityName\":null,\"requestMapping\":null,\"basePackageName\":null,\"javaCodePath\":null,\"vueCodePath\":null,\"vuePackage\":null,\"codeAuthor\":null,\"tableColumnList\":null}]', 7, 1, '分页查询系统数据库表信息数据', NULL, NULL, '2021-03-29 21:47:03', 1, '2021-03-29 21:47:03', 1, 0);
INSERT INTO `sys_log` VALUES (3334, 1, '2021-03-29 21:47:04', '127.0.0.1', '/api/table/info/not/list', 'GET', 'class com.zero.code.generation.controller.TableInfoController.getNotAddList', NULL, 3, 1, '获取还没有插入数据库中的数据库表信息', NULL, NULL, '2021-03-29 21:47:04', 1, '2021-03-29 21:47:04', 1, 0);
INSERT INTO `sys_log` VALUES (3335, 1, '2021-03-29 21:47:18', '127.0.0.1', '/api/table/info/not/list', 'GET', 'class com.zero.code.generation.controller.TableInfoController.getNotAddList', NULL, 4, 1, '获取还没有插入数据库中的数据库表信息', NULL, NULL, '2021-03-29 21:47:18', 1, '2021-03-29 21:47:18', 1, 0);
INSERT INTO `sys_log` VALUES (3336, 1, '2021-03-29 21:48:15', '127.0.0.1', '/api/menu/routes', 'GET', 'class com.zero.sys.controller.MenuController.routes', NULL, 16, 1, '[动态路由]获取所有启用的系统菜单', NULL, NULL, '2021-03-29 21:48:15', 1, '2021-03-29 21:48:15', 1, 0);
INSERT INTO `sys_log` VALUES (3337, 1, '2021-03-29 21:48:15', '127.0.0.1', '/api/menu/routes', 'GET', 'class com.zero.sys.controller.MenuController.routes', NULL, 11, 1, '[动态路由]获取所有启用的系统菜单', NULL, NULL, '2021-03-29 21:48:15', 1, '2021-03-29 21:48:15', 1, 0);
INSERT INTO `sys_log` VALUES (3338, 1, '2021-03-29 21:48:16', '127.0.0.1', '/api/table/info/page/1', 'GET', 'class com.zero.code.generation.controller.TableInfoController.page', '[1,10,{\"id\":null,\"name\":null,\"comment\":null,\"entityName\":null,\"requestMapping\":null,\"basePackageName\":null,\"javaCodePath\":null,\"vueCodePath\":null,\"vuePackage\":null,\"codeAuthor\":null,\"tableColumnList\":null}]', 7, 1, '分页查询系统数据库表信息数据', NULL, NULL, '2021-03-29 21:48:16', 1, '2021-03-29 21:48:16', 1, 0);
INSERT INTO `sys_log` VALUES (3339, 1, '2021-03-29 21:48:29', '127.0.0.1', '/api/table/info/12', 'GET', 'class com.zero.code.generation.controller.TableInfoController.get', '[12]', 3, 1, '[通用方法]通过主键获取一条对应实体类的数据库记录', NULL, NULL, '2021-03-29 21:48:28', 1, '2021-03-29 21:48:28', 1, 0);
INSERT INTO `sys_log` VALUES (3340, 1, '2021-03-29 21:48:29', '127.0.0.1', '/api/table/column/page/1', 'GET', 'class com.zero.code.generation.controller.TableColumnController.page', '[1,10,{\"id\":null,\"name\":null,\"javaName\":null,\"comment\":null,\"databaseType\":null,\"jdbcType\":null,\"javaType\":null,\"sort\":null,\"tableInfoId\":12}]', 9, 1, '分页查询系统数据库表字段信息表数据', NULL, NULL, '2021-03-29 21:48:29', 1, '2021-03-29 21:48:29', 1, 0);
INSERT INTO `sys_log` VALUES (3341, 1, '2021-03-29 22:03:02', '127.0.0.1', '/api/menu/routes', 'GET', 'class com.zero.sys.controller.MenuController.routes', NULL, 10, 1, '[动态路由]获取所有启用的系统菜单', NULL, NULL, '2021-03-29 22:03:02', 1, '2021-03-29 22:03:02', 1, 0);
INSERT INTO `sys_log` VALUES (3342, 1, '2021-03-29 22:03:02', '127.0.0.1', '/api/menu/routes', 'GET', 'class com.zero.sys.controller.MenuController.routes', NULL, 12, 1, '[动态路由]获取所有启用的系统菜单', NULL, NULL, '2021-03-29 22:03:02', 1, '2021-03-29 22:03:02', 1, 0);
INSERT INTO `sys_log` VALUES (3343, 1, '2021-03-29 22:03:03', '127.0.0.1', '/api/table/info/page/1', 'GET', 'class com.zero.code.generation.controller.TableInfoController.page', '[1,10,{\"id\":null,\"name\":null,\"comment\":null,\"entityName\":null,\"requestMapping\":null,\"basePackageName\":null,\"javaCodePath\":null,\"vueCodePath\":null,\"vuePackage\":null,\"codeAuthor\":null,\"tableColumnList\":null}]', 7, 1, '分页查询系统数据库表信息数据', NULL, NULL, '2021-03-29 22:03:02', 1, '2021-03-29 22:03:02', 1, 0);
INSERT INTO `sys_log` VALUES (3344, 1, '2021-03-29 22:03:07', '127.0.0.1', '/api/table/info/12', 'GET', 'class com.zero.code.generation.controller.TableInfoController.get', '[12]', 2, 1, '[通用方法]通过主键获取一条对应实体类的数据库记录', NULL, NULL, '2021-03-29 22:03:06', 1, '2021-03-29 22:03:06', 1, 0);
INSERT INTO `sys_log` VALUES (3345, 1, '2021-03-29 22:03:07', '127.0.0.1', '/api/table/column/page/1', 'GET', 'class com.zero.code.generation.controller.TableColumnController.page', '[1,10,{\"id\":null,\"name\":null,\"javaName\":null,\"comment\":null,\"databaseType\":null,\"jdbcType\":null,\"javaType\":null,\"sort\":null,\"tableInfoId\":12}]', 10, 1, '分页查询系统数据库表字段信息表数据', NULL, NULL, '2021-03-29 22:03:06', 1, '2021-03-29 22:03:06', 1, 0);
INSERT INTO `sys_log` VALUES (3346, 1, '2021-03-29 22:26:39', '127.0.0.1', '/api/table/info/page/1', 'GET', 'class com.zero.code.generation.controller.TableInfoController.page', '[1,10,{\"id\":null,\"name\":null,\"comment\":null,\"entityName\":null,\"requestMapping\":null,\"basePackageName\":null,\"javaCodePath\":null,\"vueCodePath\":null,\"vuePackage\":null,\"codeAuthor\":null,\"tableColumnList\":null}]', 7, 1, '分页查询系统数据库表信息数据', NULL, NULL, '2021-03-29 22:26:39', 1, '2021-03-29 22:26:39', 1, 0);
INSERT INTO `sys_log` VALUES (3347, 1, '2021-03-29 23:25:14', '127.0.0.1', '/api/menu/routes', 'GET', 'class com.zero.sys.controller.MenuController.routes', NULL, 22, 1, '[动态路由]获取所有启用的系统菜单', NULL, NULL, '2021-03-29 23:25:13', 1, '2021-03-29 23:25:13', 1, 0);
INSERT INTO `sys_log` VALUES (3348, 1, '2021-03-29 23:25:14', '127.0.0.1', '/api/menu/routes', 'GET', 'class com.zero.sys.controller.MenuController.routes', NULL, 16, 1, '[动态路由]获取所有启用的系统菜单', NULL, NULL, '2021-03-29 23:25:13', 1, '2021-03-29 23:25:13', 1, 0);
INSERT INTO `sys_log` VALUES (3349, 1, '2021-03-30 20:27:51', '127.0.0.1', '/api/menu/routes', 'GET', 'class com.zero.sys.controller.MenuController.routes', NULL, 47, 1, '[动态路由]获取所有启用的系统菜单', NULL, NULL, '2021-03-30 20:27:51', 1, '2021-03-30 20:27:51', 1, 0);
INSERT INTO `sys_log` VALUES (3350, 1, '2021-03-30 20:28:31', '127.0.0.1', '/api/table/info/page/1', 'GET', 'class com.zero.code.generation.controller.TableInfoController.page', '[1,10,{\"id\":null,\"name\":null,\"comment\":null,\"entityName\":null,\"requestMapping\":null,\"basePackageName\":null,\"javaCodePath\":null,\"vueCodePath\":null,\"vuePackage\":null,\"codeAuthor\":null,\"tableColumnList\":null}]', 186, 1, '分页查询系统数据库表信息数据', NULL, NULL, '2021-03-30 20:28:31', 1, '2021-03-30 20:28:31', 1, 0);
INSERT INTO `sys_log` VALUES (3351, 1, '2021-03-30 20:28:33', '127.0.0.1', '/api/table/info/12', 'GET', 'class com.zero.code.generation.controller.TableInfoController.get', '[12]', 7, 1, '[通用方法]通过主键获取一条对应实体类的数据库记录', NULL, NULL, '2021-03-30 20:28:33', 1, '2021-03-30 20:28:33', 1, 0);
INSERT INTO `sys_log` VALUES (3352, 1, '2021-03-30 20:28:34', '127.0.0.1', '/api/table/column/page/1', 'GET', 'class com.zero.code.generation.controller.TableColumnController.page', '[1,10,{\"id\":null,\"name\":null,\"javaName\":null,\"comment\":null,\"databaseType\":null,\"jdbcType\":null,\"javaType\":null,\"sort\":null,\"tableInfoId\":12}]', 43, 1, '分页查询系统数据库表字段信息表数据', NULL, NULL, '2021-03-30 20:28:33', 1, '2021-03-30 20:28:33', 1, 0);
INSERT INTO `sys_log` VALUES (3353, 1, '2021-03-30 20:28:41', '127.0.0.1', '/api/table/info', 'PUT', 'class com.zero.code.generation.controller.TableInfoController.updateById', '[{\"id\":12,\"name\":\"auth_login_log\",\"comment\":\"系统账号登录日志表\",\"entityName\":\"LoginLog\",\"requestMapping\":\"login/log\",\"basePackageName\":\"com.auth\",\"javaCodePath\":\"G:\\\\\\\\\",\"vueCodePath\":\"G:\\\\\\\\\",\"vuePackage\":\"/system.login-log\",\"codeAuthor\":\"herenpeng\",\"tableColumnList\":null}]', 13, 1, '[通用方法]更新一条对应实体类的数据库记录', NULL, NULL, '2021-03-30 20:28:41', 1, '2021-03-30 20:28:41', 1, 0);
INSERT INTO `sys_log` VALUES (3354, 1, '2021-03-30 20:29:17', '127.0.0.1', '/api/table/info', 'PUT', 'class com.zero.code.generation.controller.TableInfoController.updateById', '[{\"id\":12,\"name\":\"auth_login_log\",\"comment\":\"系统账号登录日志表\",\"entityName\":\"LoginLog\",\"requestMapping\":\"login/log\",\"basePackageName\":\"com.auth\",\"javaCodePath\":\"G:\\\\\\\\\",\"vueCodePath\":\"G:\\\\\\\\\",\"vuePackage\":\"/system.login-log\",\"codeAuthor\":\"herenpeng\",\"tableColumnList\":null}]', 3, 1, '[通用方法]更新一条对应实体类的数据库记录', NULL, NULL, '2021-03-30 20:29:17', 1, '2021-03-30 20:29:17', 1, 0);
INSERT INTO `sys_log` VALUES (3355, 1, '2021-03-30 20:29:23', '127.0.0.1', '/api/table/info/page/1', 'GET', 'class com.zero.code.generation.controller.TableInfoController.page', '[1,10,{\"id\":null,\"name\":null,\"comment\":null,\"entityName\":null,\"requestMapping\":null,\"basePackageName\":null,\"javaCodePath\":null,\"vueCodePath\":null,\"vuePackage\":null,\"codeAuthor\":null,\"tableColumnList\":null}]', 11, 1, '分页查询系统数据库表信息数据', NULL, NULL, '2021-03-30 20:29:22', 1, '2021-03-30 20:29:22', 1, 0);
INSERT INTO `sys_log` VALUES (3356, 1, '2021-03-30 20:29:25', '127.0.0.1', '/api/table/info/12', 'GET', 'class com.zero.code.generation.controller.TableInfoController.get', '[12]', 1, 1, '[通用方法]通过主键获取一条对应实体类的数据库记录', NULL, NULL, '2021-03-30 20:29:24', 1, '2021-03-30 20:29:24', 1, 0);
INSERT INTO `sys_log` VALUES (3357, 1, '2021-03-30 20:29:25', '127.0.0.1', '/api/table/column/page/1', 'GET', 'class com.zero.code.generation.controller.TableColumnController.page', '[1,10,{\"id\":null,\"name\":null,\"javaName\":null,\"comment\":null,\"databaseType\":null,\"jdbcType\":null,\"javaType\":null,\"sort\":null,\"tableInfoId\":12}]', 15, 1, '分页查询系统数据库表字段信息表数据', NULL, NULL, '2021-03-30 20:29:24', 1, '2021-03-30 20:29:24', 1, 0);
INSERT INTO `sys_log` VALUES (3358, 1, '2021-03-30 20:29:28', '127.0.0.1', '/api/table/info', 'PUT', 'class com.zero.code.generation.controller.TableInfoController.updateById', '[{\"id\":12,\"name\":\"auth_login_log\",\"comment\":\"系统账号登录日志表\",\"entityName\":\"LoginLog\",\"requestMapping\":\"login/log\",\"basePackageName\":\"com.auth\",\"javaCodePath\":\"G:\\\\\\\\\",\"vueCodePath\":\"G:\\\\\\\\\",\"vuePackage\":\"/system.login-log\",\"codeAuthor\":\"herenpeng\",\"tableColumnList\":null}]', 4, 1, '[通用方法]更新一条对应实体类的数据库记录', NULL, NULL, '2021-03-30 20:29:27', 1, '2021-03-30 20:29:27', 1, 0);
INSERT INTO `sys_log` VALUES (3359, 1, '2021-03-30 20:29:48', '127.0.0.1', '/api/table/info/12', 'GET', 'class com.zero.code.generation.controller.TableInfoController.get', '[12]', 2, 1, '[通用方法]通过主键获取一条对应实体类的数据库记录', NULL, NULL, '2021-03-30 20:29:47', 1, '2021-03-30 20:29:47', 1, 0);
INSERT INTO `sys_log` VALUES (3360, 1, '2021-03-30 20:29:48', '127.0.0.1', '/api/table/column/page/1', 'GET', 'class com.zero.code.generation.controller.TableColumnController.page', '[1,10,{\"id\":null,\"name\":null,\"javaName\":null,\"comment\":null,\"databaseType\":null,\"jdbcType\":null,\"javaType\":null,\"sort\":null,\"tableInfoId\":12}]', 11, 1, '分页查询系统数据库表字段信息表数据', NULL, NULL, '2021-03-30 20:29:47', 1, '2021-03-30 20:29:47', 1, 0);
INSERT INTO `sys_log` VALUES (3361, 1, '2021-03-30 20:29:52', '127.0.0.1', '/api/table/info', 'PUT', 'class com.zero.code.generation.controller.TableInfoController.updateById', '[{\"id\":12,\"name\":\"auth_login_log\",\"comment\":\"系统账号登录日志表\",\"entityName\":\"LoginLog\",\"requestMapping\":\"login/log\",\"basePackageName\":\"com.auth\",\"javaCodePath\":\"G:\\\\\\\\\",\"vueCodePath\":\"G:\\\\\\\\\",\"vuePackage\":\"system.login-log\",\"codeAuthor\":\"herenpeng\",\"tableColumnList\":null}]', 4, 1, '[通用方法]更新一条对应实体类的数据库记录', NULL, NULL, '2021-03-30 20:29:52', 1, '2021-03-30 20:29:52', 1, 0);
INSERT INTO `sys_log` VALUES (3362, 1, '2021-03-30 20:32:03', '127.0.0.1', '/api/table/info', 'PUT', 'class com.zero.code.generation.controller.TableInfoController.updateById', '[{\"id\":12,\"name\":\"auth_login_log\",\"comment\":\"系统账号登录日志表\",\"entityName\":\"LoginLog\",\"requestMapping\":\"login/log\",\"basePackageName\":\"com.auth\",\"javaCodePath\":\"G:\\\\\\\\\",\"vueCodePath\":\"G:\\\\\\\\\",\"vuePackage\":\"system.login-log\",\"codeAuthor\":\"herenpeng\",\"tableColumnList\":null}]', 2, 1, '[通用方法]更新一条对应实体类的数据库记录', NULL, NULL, '2021-03-30 20:32:03', 1, '2021-03-30 20:32:03', 1, 0);
INSERT INTO `sys_log` VALUES (3363, 1, '2021-03-30 21:06:35', '127.0.0.1', '/api/table/column/page/2', 'GET', 'class com.zero.code.generation.controller.TableColumnController.page', '[2,10,{\"id\":null,\"name\":null,\"javaName\":null,\"comment\":null,\"databaseType\":null,\"jdbcType\":null,\"javaType\":null,\"sort\":null,\"tableInfoId\":12}]', 13, 1, '分页查询系统数据库表字段信息表数据', NULL, NULL, '2021-03-30 21:06:34', 1, '2021-03-30 21:06:34', 1, 0);
INSERT INTO `sys_log` VALUES (3364, 1, '2021-03-30 21:06:37', '127.0.0.1', '/api/table/column/page/1', 'GET', 'class com.zero.code.generation.controller.TableColumnController.page', '[1,10,{\"id\":null,\"name\":null,\"javaName\":null,\"comment\":null,\"databaseType\":null,\"jdbcType\":null,\"javaType\":null,\"sort\":null,\"tableInfoId\":12}]', 6, 1, '分页查询系统数据库表字段信息表数据', NULL, NULL, '2021-03-30 21:06:37', 1, '2021-03-30 21:06:37', 1, 0);
INSERT INTO `sys_log` VALUES (3365, 1, '2021-03-30 23:04:49', '127.0.0.1', '/api/menu/routes', 'GET', 'class com.zero.sys.controller.MenuController.routes', NULL, 16, 1, '[动态路由]获取所有启用的系统菜单', NULL, NULL, '2021-03-30 23:04:49', 1, '2021-03-30 23:04:49', 1, 0);
INSERT INTO `sys_log` VALUES (3366, 1, '2021-03-30 23:04:49', '127.0.0.1', '/api/menu/routes', 'GET', 'class com.zero.sys.controller.MenuController.routes', NULL, 12, 1, '[动态路由]获取所有启用的系统菜单', NULL, NULL, '2021-03-30 23:04:49', 1, '2021-03-30 23:04:49', 1, 0);
INSERT INTO `sys_log` VALUES (3367, 1, '2021-03-30 23:04:50', '127.0.0.1', '/api/log/page/1', 'GET', 'class com.zero.sys.controller.LogController.page', '[1,10,{\"id\":null,\"operationUserId\":null,\"accessTime\":null,\"ip\":null,\"uri\":null,\"methodType\":null,\"method\":null,\"requestArgs\":null,\"executionTime\":null,\"result\":null,\"description\":null,\"exceptionName\":null,\"exceptionMessage\":null,\"user\":null,\"queryUsername\":null,\"queryStartDate\":null,\"queryEndDate\":null}]', 47, 1, '分页查询系统操作日志表数据', NULL, NULL, '2021-03-30 23:04:49', 1, '2021-03-30 23:04:49', 1, 0);
INSERT INTO `sys_log` VALUES (3368, 1, '2021-03-30 23:05:45', '127.0.0.1', '/api/log/page/6', 'GET', 'class com.zero.sys.controller.LogController.page', '[6,10,{\"id\":null,\"operationUserId\":null,\"accessTime\":null,\"ip\":null,\"uri\":null,\"methodType\":null,\"method\":null,\"requestArgs\":null,\"executionTime\":null,\"result\":null,\"description\":null,\"exceptionName\":null,\"exceptionMessage\":null,\"user\":null,\"queryUsername\":null,\"queryStartDate\":null,\"queryEndDate\":null}]', 20, 1, '分页查询系统操作日志表数据', NULL, NULL, '2021-03-30 23:05:44', 1, '2021-03-30 23:05:44', 1, 0);
INSERT INTO `sys_log` VALUES (3369, 1, '2021-03-31 20:48:27', '127.0.0.1', '/api/menu/routes', 'GET', 'class com.zero.sys.controller.MenuController.routes', NULL, 20, 1, '[动态路由]获取所有启用的系统菜单', NULL, NULL, '2021-03-31 20:48:26', 1, '2021-03-31 20:48:26', 1, 0);
INSERT INTO `sys_log` VALUES (3370, 1, '2021-03-31 20:50:55', '127.0.0.1', '/api/user/page/1', 'GET', 'class com.zero.auth.controller.UserController.page', '[1,10,{\"id\":null,\"username\":null,\"enabled\":null,\"locked\":null,\"accountExpire\":null,\"passwordExpire\":null,\"roles\":null,\"userInfo\":null,\"onlineLoginLogs\":null,\"queryRoleId\":null}]', 117, 1, '分页查询用户数据', NULL, NULL, '2021-03-31 20:50:54', 1, '2021-03-31 20:50:54', 1, 0);
INSERT INTO `sys_log` VALUES (3371, 1, '2021-03-31 20:51:25', '127.0.0.1', '/api/table/info/page/1', 'GET', 'class com.zero.code.generation.controller.TableInfoController.page', '[1,10,{\"id\":null,\"name\":null,\"comment\":null,\"entityName\":null,\"requestMapping\":null,\"javaPackageName\":null,\"javaCodePath\":null,\"vueCodePath\":null,\"vuePackage\":null,\"codeAuthor\":null,\"tableColumnList\":null}]', 25, 1, '分页查询系统数据库表信息数据', NULL, NULL, '2021-03-31 20:51:24', 1, '2021-03-31 20:51:24', 1, 0);
INSERT INTO `sys_log` VALUES (3372, 1, '2021-03-31 20:51:26', '127.0.0.1', '/api/table/info/12', 'GET', 'class com.zero.code.generation.controller.TableInfoController.get', '[12]', 9, 1, '[通用方法]通过主键获取一条对应实体类的数据库记录', NULL, NULL, '2021-03-31 20:51:26', 1, '2021-03-31 20:51:26', 1, 0);
INSERT INTO `sys_log` VALUES (3373, 1, '2021-03-31 20:51:26', '127.0.0.1', '/api/table/column/page/1', 'GET', 'class com.zero.code.generation.controller.TableColumnController.page', '[1,10,{\"id\":null,\"name\":null,\"javaName\":null,\"comment\":null,\"databaseType\":null,\"jdbcType\":null,\"javaType\":null,\"sort\":null,\"tableInfoId\":12}]', 36, 1, '分页查询系统数据库表字段信息表数据', NULL, NULL, '2021-03-31 20:51:26', 1, '2021-03-31 20:51:26', 1, 0);
INSERT INTO `sys_log` VALUES (3374, 1, '2021-03-31 20:51:30', '127.0.0.1', '/api/table/info/page/1', 'GET', 'class com.zero.code.generation.controller.TableInfoController.page', '[1,10,{\"id\":null,\"name\":null,\"comment\":null,\"entityName\":null,\"requestMapping\":null,\"javaPackageName\":null,\"javaCodePath\":null,\"vueCodePath\":null,\"vuePackage\":null,\"codeAuthor\":null,\"tableColumnList\":null}]', 7, 1, '分页查询系统数据库表信息数据', NULL, NULL, '2021-03-31 20:51:29', 1, '2021-03-31 20:51:29', 1, 0);
INSERT INTO `sys_log` VALUES (3375, 1, '2021-03-31 20:52:48', '127.0.0.1', '/api/table/info/page/1', 'GET', 'class com.zero.code.generation.controller.TableInfoController.page', '[1,10,{\"id\":null,\"name\":null,\"comment\":null,\"entityName\":null,\"requestMapping\":null,\"javaPackageName\":null,\"javaCodePath\":null,\"vueCodePath\":null,\"vuePackage\":null,\"codeAuthor\":null,\"tableColumnList\":null}]', 5, 1, '分页查询系统数据库表信息数据', NULL, NULL, '2021-03-31 20:52:48', 1, '2021-03-31 20:52:48', 1, 0);
INSERT INTO `sys_log` VALUES (3376, 1, '2021-03-31 20:52:56', '127.0.0.1', '/api/table/info/12', 'GET', 'class com.zero.code.generation.controller.TableInfoController.get', '[12]', 1, 1, '[通用方法]通过主键获取一条对应实体类的数据库记录', NULL, NULL, '2021-03-31 20:52:55', 1, '2021-03-31 20:52:55', 1, 0);
INSERT INTO `sys_log` VALUES (3377, 1, '2021-03-31 20:52:56', '127.0.0.1', '/api/table/column/page/1', 'GET', 'class com.zero.code.generation.controller.TableColumnController.page', '[1,10,{\"id\":null,\"name\":null,\"javaName\":null,\"comment\":null,\"databaseType\":null,\"jdbcType\":null,\"javaType\":null,\"sort\":null,\"tableInfoId\":12}]', 13, 1, '分页查询系统数据库表字段信息表数据', NULL, NULL, '2021-03-31 20:52:56', 1, '2021-03-31 20:52:56', 1, 0);
INSERT INTO `sys_log` VALUES (3378, 1, '2021-03-31 21:04:18', '127.0.0.1', '/api/table/info/page/1', 'GET', 'class com.zero.code.generation.controller.TableInfoController.page', '[1,10,{\"id\":null,\"name\":null,\"comment\":null,\"entityName\":null,\"requestMapping\":null,\"javaPackageName\":null,\"javaCodePath\":null,\"vueCodePath\":null,\"vuePackage\":null,\"codeAuthor\":null,\"tableColumnList\":null}]', 81, 1, '分页查询系统数据库表信息数据', NULL, NULL, '2021-03-31 21:04:18', 1, '2021-03-31 21:04:18', 1, 0);
INSERT INTO `sys_log` VALUES (3379, 1, '2021-03-31 21:04:21', '127.0.0.1', '/api/table/info/12', 'GET', 'class com.zero.code.generation.controller.TableInfoController.get', '[12]', 6, 1, '[通用方法]通过主键获取一条对应实体类的数据库记录', NULL, NULL, '2021-03-31 21:04:21', 1, '2021-03-31 21:04:21', 1, 0);
INSERT INTO `sys_log` VALUES (3380, 1, '2021-03-31 21:04:21', '127.0.0.1', '/api/table/column/page/1', 'GET', 'class com.zero.code.generation.controller.TableColumnController.page', '[1,10,{\"id\":null,\"name\":null,\"javaName\":null,\"comment\":null,\"databaseType\":null,\"jdbcType\":null,\"javaType\":null,\"query\":null,\"sort\":null,\"tableInfoId\":12}]', 40, 1, '分页查询系统数据库表字段信息表数据', NULL, NULL, '2021-03-31 21:04:21', 1, '2021-03-31 21:04:21', 1, 0);
INSERT INTO `sys_log` VALUES (3381, 1, '2021-03-31 21:05:20', '127.0.0.1', '/api/table/column', 'PUT', 'class com.zero.code.generation.controller.TableColumnController.updateById', '[{\"id\":152,\"name\":\"isp\",\"javaName\":\"isp\",\"comment\":\"因特网提供商\",\"databaseType\":\"varchar(100)\",\"jdbcType\":\"VARCHAR\",\"javaType\":\"String\",\"query\":true,\"sort\":7,\"tableInfoId\":12}]', 13, 1, '[通用方法]更新一条对应实体类的数据库记录', NULL, NULL, '2021-03-31 21:05:20', 1, '2021-03-31 21:05:20', 1, 0);
INSERT INTO `sys_log` VALUES (3382, 1, '2021-03-31 21:05:20', '127.0.0.1', '/api/table/column/page/1', 'GET', 'class com.zero.code.generation.controller.TableColumnController.page', '[1,10,{\"id\":null,\"name\":null,\"javaName\":null,\"comment\":null,\"databaseType\":null,\"jdbcType\":null,\"javaType\":null,\"query\":null,\"sort\":null,\"tableInfoId\":12}]', 18, 1, '分页查询系统数据库表字段信息表数据', NULL, NULL, '2021-03-31 21:05:20', 1, '2021-03-31 21:05:20', 1, 0);
INSERT INTO `sys_log` VALUES (3383, 1, '2021-03-31 21:05:25', '127.0.0.1', '/api/table/column', 'PUT', 'class com.zero.code.generation.controller.TableColumnController.updateById', '[{\"id\":151,\"name\":\"city\",\"javaName\":\"city\",\"comment\":\"登录现实地址，城市\",\"databaseType\":\"varchar(100)\",\"jdbcType\":\"VARCHAR\",\"javaType\":\"String\",\"query\":true,\"sort\":6,\"tableInfoId\":12}]', 4, 1, '[通用方法]更新一条对应实体类的数据库记录', NULL, NULL, '2021-03-31 21:05:25', 1, '2021-03-31 21:05:25', 1, 0);
INSERT INTO `sys_log` VALUES (3384, 1, '2021-03-31 21:05:25', '127.0.0.1', '/api/table/column/page/1', 'GET', 'class com.zero.code.generation.controller.TableColumnController.page', '[1,10,{\"id\":null,\"name\":null,\"javaName\":null,\"comment\":null,\"databaseType\":null,\"jdbcType\":null,\"javaType\":null,\"query\":null,\"sort\":null,\"tableInfoId\":12}]', 9, 1, '分页查询系统数据库表字段信息表数据', NULL, NULL, '2021-03-31 21:05:25', 1, '2021-03-31 21:05:25', 1, 0);
INSERT INTO `sys_log` VALUES (3385, 1, '2021-03-31 21:50:32', '127.0.0.1', '/api/menu/routes', 'GET', 'class com.zero.sys.controller.MenuController.routes', NULL, 36, 1, '[动态路由]获取所有启用的系统菜单', NULL, NULL, '2021-03-31 21:50:32', 1, '2021-03-31 21:50:32', 1, 0);
INSERT INTO `sys_log` VALUES (3386, 1, '2021-03-31 21:50:32', '127.0.0.1', '/api/menu/routes', 'GET', 'class com.zero.sys.controller.MenuController.routes', NULL, 18, 1, '[动态路由]获取所有启用的系统菜单', NULL, NULL, '2021-03-31 21:50:32', 1, '2021-03-31 21:50:32', 1, 0);
INSERT INTO `sys_log` VALUES (3387, 1, '2021-03-31 21:50:34', '127.0.0.1', '/api/table/info/page/1', 'GET', 'class com.zero.code.generation.controller.TableInfoController.page', '[1,10,{\"id\":null,\"name\":null,\"comment\":null,\"entityName\":null,\"requestMapping\":null,\"javaPackageName\":null,\"javaCodePath\":null,\"vueCodePath\":null,\"vuePackage\":null,\"codeAuthor\":null,\"tableColumnList\":null}]', 6, 1, '分页查询系统数据库表信息数据', NULL, NULL, '2021-03-31 21:50:33', 1, '2021-03-31 21:50:33', 1, 0);
INSERT INTO `sys_log` VALUES (3388, 1, '2021-03-31 21:58:35', '127.0.0.1', '/api/role/page/1', 'GET', 'class com.zero.auth.controller.RoleController.page', '[1,10,{\"id\":null,\"name\":null,\"description\":null}]', 16, 1, '分页查询角色数据', NULL, NULL, '2021-03-31 21:58:35', 1, '2021-03-31 21:58:35', 1, 0);
INSERT INTO `sys_log` VALUES (3389, 1, '2021-03-31 21:58:36', '127.0.0.1', '/api/resources/page/1', 'GET', 'class com.zero.auth.controller.ResourcesController.page', '[1,10,{\"id\":null,\"uri\":null,\"regex\":null,\"description\":null,\"methodType\":null,\"roles\":null,\"queryRoleId\":null}]', 33, 1, '分页查询系统资源数据', NULL, NULL, '2021-03-31 21:58:36', 1, '2021-03-31 21:58:36', 1, 0);
INSERT INTO `sys_log` VALUES (3390, 1, '2021-03-31 22:15:47', '127.0.0.1', '/api/table/info/page/1', 'GET', 'class com.zero.code.generation.controller.TableInfoController.page', '[1,10,{\"id\":null,\"name\":null,\"comment\":null,\"entityName\":null,\"requestMapping\":null,\"javaPackageName\":null,\"javaCodePath\":null,\"vueCodePath\":null,\"vuePackage\":null,\"codeAuthor\":null,\"tableColumnList\":null}]', 7, 1, '分页查询系统数据库表信息数据', NULL, NULL, '2021-03-31 22:15:46', 1, '2021-03-31 22:15:46', 1, 0);

-- ----------------------------
-- Table structure for sys_menu
-- ----------------------------
DROP TABLE IF EXISTS `sys_menu`;
CREATE TABLE `sys_menu`  (
  `id` int(11) NOT NULL AUTO_INCREMENT COMMENT '主键',
  `path` varchar(100) CHARACTER SET utf8 COLLATE utf8_general_ci NOT NULL COMMENT '菜单路由路径',
  `name` varchar(50) CHARACTER SET utf8 COLLATE utf8_general_ci NOT NULL COMMENT '菜单模块名称',
  `component` varchar(100) CHARACTER SET utf8 COLLATE utf8_general_ci NULL DEFAULT NULL COMMENT '菜单模块路径',
  `meta_title` varchar(100) CHARACTER SET utf8 COLLATE utf8_general_ci NOT NULL COMMENT '菜单名称',
  `meta_icon` varchar(100) CHARACTER SET utf8 COLLATE utf8_general_ci NOT NULL COMMENT '菜单图标',
  `redirect` varchar(50) CHARACTER SET utf8 COLLATE utf8_general_ci NULL DEFAULT NULL COMMENT '父级菜单定向路由路径',
  `sort` int(11) NOT NULL COMMENT '菜单排序',
  `hidden` tinyint(1) NOT NULL COMMENT '菜单是否隐藏，0(false)为正常，1(true)为隐藏',
  `enabled` tinyint(1) NOT NULL COMMENT '菜单是否启用，0(false)为禁用，1(true)为启用',
  `parent_id` int(11) NOT NULL COMMENT '父级菜单主键，如果为顶级菜单，值为0',
  `create_time` datetime(0) NOT NULL DEFAULT CURRENT_TIMESTAMP COMMENT '数据库数据插入时间',
  `create_user_id` int(11) NOT NULL DEFAULT 0 COMMENT '数据库数据插入用户主键',
  `update_time` datetime(0) NOT NULL DEFAULT CURRENT_TIMESTAMP ON UPDATE CURRENT_TIMESTAMP(0) COMMENT '数据库数据更新时间',
  `update_user_id` int(11) NOT NULL DEFAULT 0 COMMENT '数据库数据更新用户主键',
  `deleted` tinyint(1) NOT NULL DEFAULT 0 COMMENT '逻辑删除标识，0为正常，1为逻辑删除，默认为0',
  PRIMARY KEY (`id`) USING BTREE
) ENGINE = InnoDB AUTO_INCREMENT = 27 CHARACTER SET = utf8mb4 COLLATE = utf8mb4_general_ci COMMENT = '系统菜单表' ROW_FORMAT = Compact;

-- ----------------------------
-- Records of sys_menu
-- ----------------------------
INSERT INTO `sys_menu` VALUES (1, '/data', 'Data', 'Layout', '数据管理', 'el-icon-s-help', '/data/user', 1, 0, 1, 0, '2020-11-15 23:25:21', 0, '2020-12-01 20:59:37', 1, 0);
INSERT INTO `sys_menu` VALUES (2, 'user', 'User', 'data/user/index', '用户管理', 'el-icon-user', NULL, 1, 0, 1, 1, '2020-11-15 23:28:06', 0, '2020-12-29 22:10:21', 1, 0);
INSERT INTO `sys_menu` VALUES (3, 'role', 'Role', 'data/role/index', '角色管理', 'el-icon-discount', NULL, 2, 0, 1, 1, '2020-11-17 23:32:23', 0, '2020-11-22 23:00:48', 1, 0);
INSERT INTO `sys_menu` VALUES (4, 'resources', 'Resources', 'data/resources/index', '资源管理', 'el-icon-star-on', NULL, 3, 0, 1, 1, '2020-11-17 23:53:50', 0, '2020-11-22 23:06:12', 1, 0);
INSERT INTO `sys_menu` VALUES (5, 'menu', 'Menu', 'data/menu/index', '菜单管理', 'el-icon-guide', NULL, 4, 0, 1, 1, '2020-11-17 23:54:27', 0, '2020-11-22 23:00:49', 1, 0);
INSERT INTO `sys_menu` VALUES (6, '/system', 'System', 'Layout', '系统监控', 'el-icon-view', '/system/server', 2, 0, 1, 0, '2020-11-17 23:56:14', 0, '2020-12-01 20:59:55', 1, 0);
INSERT INTO `sys_menu` VALUES (7, 'server', 'Server', 'system/server/index', '服务器监控', 'el-icon-monitor', NULL, 1, 0, 1, 6, '2020-11-17 23:57:27', 0, '2020-11-22 23:00:45', 1, 0);
INSERT INTO `sys_menu` VALUES (8, 'log', 'Log', 'system/log/index', '日志管理', 'el-icon-tickets', NULL, 3, 0, 1, 6, '2020-11-17 23:58:00', 0, '2021-02-18 07:46:21', 1, 0);
INSERT INTO `sys_menu` VALUES (9, '/development', 'Development', 'Layout', '系统开发', 'el-icon-monitor', '/development/code-generation', 5, 0, 1, 0, '2020-11-17 23:59:02', 0, '2021-03-28 14:35:50', 1, 0);
INSERT INTO `sys_menu` VALUES (10, 'code-generation', 'CodeGeneration', 'development/code-generation/index', '代码生成', 'el-icon-refresh-right', NULL, 1, 0, 1, 9, '2020-11-17 23:59:58', 0, '2021-03-28 15:16:15', 1, 0);
INSERT INTO `sys_menu` VALUES (11, 'http://127.0.0.1:10000/api/swagger-ui/index.html', 'Swagger2', '', '项目文档', 'el-icon-notebook-2', NULL, 3, 0, 1, 9, '2020-11-18 00:03:34', 0, '2021-03-28 15:40:45', 1, 0);
INSERT INTO `sys_menu` VALUES (12, '/recover', 'Recover', 'Layout', '回收站', 'el-icon-delete-solid', '/recover/user', 4, 0, 1, 0, '2020-11-29 22:13:02', 1, '2020-12-28 20:50:58', 1, 0);
INSERT INTO `sys_menu` VALUES (13, 'user', 'User', 'recover/user/index', '用户数据', 'el-icon-user-solid', NULL, 1, 0, 1, 12, '2020-11-29 22:16:53', 1, '2020-11-29 22:17:57', 1, 0);
INSERT INTO `sys_menu` VALUES (14, 'role', 'Role', 'recover/role/index', '角色数据', 'el-icon-price-tag', NULL, 2, 0, 1, 12, '2020-11-30 22:32:29', 1, '2020-11-30 22:33:42', 1, 0);
INSERT INTO `sys_menu` VALUES (15, 'resources', 'Resources', 'recover/resources/index', '资源数据', 'el-icon-star-off', NULL, 3, 0, 1, 12, '2020-12-01 19:46:53', 1, '2020-12-01 19:47:54', 1, 0);
INSERT INTO `sys_menu` VALUES (16, 'menu', 'Menu', 'recover/menu/index', '菜单数据', 'el-icon-guide', NULL, 4, 0, 1, 12, '2020-12-01 20:39:18', 1, '2020-12-01 20:40:04', 1, 0);
INSERT INTO `sys_menu` VALUES (17, 'log', 'Log', 'recover/log/index', '日志数据', 'el-icon-tickets', NULL, 6, 0, 1, 12, '2020-12-01 22:36:03', 1, '2021-02-18 08:59:05', 1, 0);
INSERT INTO `sys_menu` VALUES (18, 'code-generation', 'CodeGeneration', 'recover/code-generation/index', '数据库表数据', 'el-icon-refresh-right', NULL, 8, 0, 1, 12, '2020-12-01 22:45:52', 1, '2021-02-18 08:59:31', 1, 0);
INSERT INTO `sys_menu` VALUES (19, '/setting', 'Setting', 'Layout', '系统设置', 'el-icon-setting', '/setting/password', 3, 0, 1, 0, '2020-12-28 20:53:06', 1, '2020-12-28 20:53:49', 1, 0);
INSERT INTO `sys_menu` VALUES (20, 'password', 'Password', 'setting/password/index', '密码设置', 'el-icon-more-outline', NULL, 1, 0, 1, 19, '2020-12-28 21:01:44', 1, '2020-12-28 21:02:45', 1, 0);
INSERT INTO `sys_menu` VALUES (21, 'user-info', 'UserInfo', 'setting/user-info/index', '用户信息', 'el-icon-edit', NULL, 2, 0, 1, 19, '2021-01-04 19:51:21', 1, '2021-01-04 20:34:57', 1, 0);
INSERT INTO `sys_menu` VALUES (22, 'file-manage', 'FileManage', 'data/file-manage/index', '文件管理', 'el-icon-folder-opened', NULL, 5, 0, 1, 1, '2021-01-30 18:40:45', 1, '2021-01-31 22:33:51', 1, 0);
INSERT INTO `sys_menu` VALUES (23, 'file-manage', 'FileManage', 'recover/file-manage/index', '文件数据', 'el-icon-folder', NULL, 7, 0, 1, 12, '2021-02-02 22:32:12', 1, '2021-02-18 08:59:23', 1, 0);
INSERT INTO `sys_menu` VALUES (24, 'login-log', 'LoginLog', 'system/login-log/index', '登入日志', 'el-icon-sunny', NULL, 2, 0, 1, 6, '2021-02-18 07:46:54', 0, '2021-02-18 09:11:27', 1, 0);
INSERT INTO `sys_menu` VALUES (25, 'login-log', 'LoginLog', 'recover/login-log/index', '登入数据', 'el-icon-sunrise-1', NULL, 5, 0, 1, 12, '2021-02-18 09:01:25', 0, '2021-02-18 09:21:15', 1, 0);
INSERT INTO `sys_menu` VALUES (26, 'code-setting', 'CodeSetting', 'development/code-setting/index', '代码设置', 'el-icon-tickets', NULL, 2, 1, 1, 9, '2021-03-28 15:40:24', 1, '2021-03-28 15:40:24', 1, 0);

-- ----------------------------
-- Table structure for sys_menu_role
-- ----------------------------
DROP TABLE IF EXISTS `sys_menu_role`;
CREATE TABLE `sys_menu_role`  (
  `id` int(11) NOT NULL AUTO_INCREMENT COMMENT '主键',
  `menu_id` int(11) NOT NULL COMMENT '菜单主键',
  `role_id` int(11) NULL DEFAULT NULL COMMENT '角色主键',
  `create_time` datetime(0) NOT NULL DEFAULT CURRENT_TIMESTAMP COMMENT '数据库数据插入时间',
  `create_user_id` int(11) NOT NULL DEFAULT 0 COMMENT '数据库数据插入用户主键',
  `update_time` datetime(0) NOT NULL DEFAULT CURRENT_TIMESTAMP ON UPDATE CURRENT_TIMESTAMP(0) COMMENT '数据库数据更新时间',
  `update_user_id` int(11) NOT NULL DEFAULT 0 COMMENT '数据库数据更新用户主键',
  `deleted` tinyint(1) NOT NULL DEFAULT 0 COMMENT '逻辑删除标识，0为正常，1为逻辑删除，默认为0',
  PRIMARY KEY (`id`) USING BTREE
) ENGINE = InnoDB AUTO_INCREMENT = 47 CHARACTER SET = utf8mb4 COLLATE = utf8mb4_general_ci COMMENT = '系统菜单角色关系表' ROW_FORMAT = Compact;

-- ----------------------------
-- Records of sys_menu_role
-- ----------------------------
INSERT INTO `sys_menu_role` VALUES (1, 1, 1, '2021-01-03 16:24:29', 0, '2021-01-03 16:24:29', 0, 0);
INSERT INTO `sys_menu_role` VALUES (2, 2, 1, '2021-01-03 16:24:29', 0, '2021-01-03 16:24:29', 0, 0);
INSERT INTO `sys_menu_role` VALUES (3, 3, 1, '2021-01-03 16:24:29', 0, '2021-01-03 16:24:29', 0, 0);
INSERT INTO `sys_menu_role` VALUES (4, 4, 1, '2021-01-03 16:24:29', 0, '2021-01-03 16:24:29', 0, 0);
INSERT INTO `sys_menu_role` VALUES (5, 5, 1, '2021-01-03 16:24:29', 0, '2021-01-03 16:24:29', 0, 0);
INSERT INTO `sys_menu_role` VALUES (6, 6, 1, '2021-01-03 16:24:29', 0, '2021-01-03 16:24:29', 0, 0);
INSERT INTO `sys_menu_role` VALUES (7, 7, 1, '2021-01-03 16:24:29', 0, '2021-01-03 16:24:29', 0, 0);
INSERT INTO `sys_menu_role` VALUES (8, 8, 1, '2021-01-03 16:24:29', 0, '2021-01-03 16:24:29', 0, 0);
INSERT INTO `sys_menu_role` VALUES (9, 9, 1, '2021-01-03 16:24:29', 0, '2021-01-03 16:24:29', 0, 0);
INSERT INTO `sys_menu_role` VALUES (10, 10, 1, '2021-01-03 16:24:29', 0, '2021-01-03 16:24:29', 0, 0);
INSERT INTO `sys_menu_role` VALUES (11, 11, 1, '2021-01-03 16:24:29', 0, '2021-01-03 16:24:29', 0, 0);
INSERT INTO `sys_menu_role` VALUES (12, 12, 1, '2021-01-03 16:24:29', 0, '2021-01-03 16:24:29', 0, 0);
INSERT INTO `sys_menu_role` VALUES (13, 13, 1, '2021-01-03 16:24:29', 0, '2021-01-03 16:24:29', 0, 0);
INSERT INTO `sys_menu_role` VALUES (14, 14, 1, '2021-01-03 16:24:29', 0, '2021-01-03 16:24:29', 0, 0);
INSERT INTO `sys_menu_role` VALUES (15, 15, 1, '2021-01-03 16:24:29', 0, '2021-01-03 16:24:29', 0, 0);
INSERT INTO `sys_menu_role` VALUES (16, 16, 1, '2021-01-03 16:24:29', 0, '2021-01-03 16:24:29', 0, 0);
INSERT INTO `sys_menu_role` VALUES (17, 17, 1, '2021-01-03 16:24:29', 0, '2021-01-03 16:24:29', 0, 0);
INSERT INTO `sys_menu_role` VALUES (18, 18, 1, '2021-01-03 16:24:29', 0, '2021-01-03 16:24:29', 0, 0);
INSERT INTO `sys_menu_role` VALUES (19, 19, 1, '2021-01-03 16:24:29', 0, '2021-01-03 16:24:29', 0, 0);
INSERT INTO `sys_menu_role` VALUES (20, 20, 1, '2021-01-03 16:24:29', 0, '2021-01-03 16:24:29', 0, 0);
INSERT INTO `sys_menu_role` VALUES (21, 1, 3, '2021-01-03 16:46:25', 1, '2021-01-03 16:46:25', 1, 0);
INSERT INTO `sys_menu_role` VALUES (22, 2, 3, '2021-01-03 16:46:28', 1, '2021-01-03 16:46:28', 1, 0);
INSERT INTO `sys_menu_role` VALUES (23, 3, 3, '2021-01-03 16:46:29', 1, '2021-01-03 16:46:29', 1, 0);
INSERT INTO `sys_menu_role` VALUES (24, 4, 3, '2021-01-03 16:46:31', 1, '2021-01-03 16:46:31', 1, 0);
INSERT INTO `sys_menu_role` VALUES (25, 5, 3, '2021-01-03 16:46:34', 1, '2021-01-03 16:46:34', 1, 0);
INSERT INTO `sys_menu_role` VALUES (26, 6, 3, '2021-01-03 16:46:37', 1, '2021-01-03 16:46:37', 1, 0);
INSERT INTO `sys_menu_role` VALUES (27, 7, 3, '2021-01-03 16:46:38', 1, '2021-01-03 16:46:38', 1, 0);
INSERT INTO `sys_menu_role` VALUES (28, 8, 3, '2021-01-03 16:46:39', 1, '2021-01-03 16:46:39', 1, 0);
INSERT INTO `sys_menu_role` VALUES (29, 19, 3, '2021-01-03 16:46:45', 1, '2021-01-03 16:46:45', 1, 0);
INSERT INTO `sys_menu_role` VALUES (30, 20, 3, '2021-01-03 16:46:46', 1, '2021-01-03 16:46:46', 1, 0);
INSERT INTO `sys_menu_role` VALUES (31, 12, 3, '2021-01-03 16:46:50', 1, '2021-01-03 16:46:50', 1, 0);
INSERT INTO `sys_menu_role` VALUES (32, 13, 3, '2021-01-03 16:46:51', 1, '2021-01-03 16:46:51', 1, 0);
INSERT INTO `sys_menu_role` VALUES (33, 14, 3, '2021-01-03 16:46:55', 1, '2021-01-03 16:46:55', 1, 0);
INSERT INTO `sys_menu_role` VALUES (34, 17, 3, '2021-01-03 16:47:00', 1, '2021-01-03 16:47:00', 1, 0);
INSERT INTO `sys_menu_role` VALUES (35, 9, 3, '2021-01-03 16:47:08', 1, '2021-01-03 16:47:08', 1, 0);
INSERT INTO `sys_menu_role` VALUES (36, 10, 3, '2021-01-03 16:47:10', 1, '2021-01-03 16:47:10', 1, 0);
INSERT INTO `sys_menu_role` VALUES (37, 11, 3, '2021-01-03 16:47:12', 1, '2021-01-03 16:47:12', 1, 0);
INSERT INTO `sys_menu_role` VALUES (38, 21, 1, '2021-01-04 19:51:24', 1, '2021-01-04 19:51:24', 1, 0);
INSERT INTO `sys_menu_role` VALUES (39, 21, 3, '2021-01-16 22:36:58', 1, '2021-01-16 22:36:58', 1, 0);
INSERT INTO `sys_menu_role` VALUES (40, 22, 1, '2021-01-30 18:40:47', 1, '2021-01-30 18:40:47', 1, 0);
INSERT INTO `sys_menu_role` VALUES (41, 22, 3, '2021-01-30 18:40:49', 1, '2021-01-30 18:40:49', 1, 0);
INSERT INTO `sys_menu_role` VALUES (42, 23, 1, '2021-02-02 22:32:16', 1, '2021-02-02 22:32:16', 1, 0);
INSERT INTO `sys_menu_role` VALUES (43, 24, 1, '2021-02-18 07:47:07', 1, '2021-02-18 07:47:07', 1, 0);
INSERT INTO `sys_menu_role` VALUES (44, 25, 1, '2021-02-18 09:01:37', 1, '2021-02-18 09:01:37', 1, 0);
INSERT INTO `sys_menu_role` VALUES (45, 26, 1, '2021-03-28 15:41:00', 1, '2021-03-28 15:41:00', 1, 0);
INSERT INTO `sys_menu_role` VALUES (46, 26, 3, '2021-03-28 15:41:02', 1, '2021-03-28 15:41:02', 1, 0);

-- ----------------------------
-- Table structure for upload_file_manage
-- ----------------------------
DROP TABLE IF EXISTS `upload_file_manage`;
CREATE TABLE `upload_file_manage`  (
  `id` int(11) NOT NULL AUTO_INCREMENT COMMENT '主键',
  `name` varchar(255) CHARACTER SET utf8mb4 COLLATE utf8mb4_general_ci NOT NULL COMMENT '文件名称',
  `type` varchar(50) CHARACTER SET utf8mb4 COLLATE utf8mb4_general_ci NOT NULL COMMENT '文件类型',
  `uri` varchar(500) CHARACTER SET utf8mb4 COLLATE utf8mb4_general_ci NOT NULL COMMENT '文件http引用路径',
  `path` varchar(500) CHARACTER SET utf8mb4 COLLATE utf8mb4_general_ci NOT NULL COMMENT '文件磁盘路径',
  `upload_time` datetime(0) NOT NULL COMMENT '文件上传时间',
  `upload_user_id` int(11) NOT NULL COMMENT '文件上传用户主键',
  `parent_id` int(11) NOT NULL DEFAULT 0 COMMENT '主文件主键，源文件为0，其他值为对应的备份文件',
  `create_time` datetime(0) NOT NULL DEFAULT CURRENT_TIMESTAMP COMMENT '数据库数据插入时间',
  `create_user_id` int(11) NOT NULL DEFAULT 0 COMMENT '数据库数据插入用户主键',
  `update_time` datetime(0) NOT NULL DEFAULT CURRENT_TIMESTAMP ON UPDATE CURRENT_TIMESTAMP(0) COMMENT '数据库数据更新时间',
  `update_user_id` int(11) NOT NULL DEFAULT 0 COMMENT '数据库数据更新用户主键',
  `deleted` tinyint(1) NOT NULL DEFAULT 0 COMMENT '逻辑删除标识，0为正常，1为逻辑删除，默认为0',
  PRIMARY KEY (`id`) USING BTREE
) ENGINE = InnoDB AUTO_INCREMENT = 2 CHARACTER SET = utf8mb4 COLLATE = utf8mb4_general_ci COMMENT = '文件资源管理表' ROW_FORMAT = Compact;

-- ----------------------------
-- Records of upload_file_manage
-- ----------------------------
INSERT INTO `upload_file_manage` VALUES (1, '大乔-伊势巫女.jpg', 'IMAGE', 'http://127.0.0.1:10000/api/image/2021/3/28/a8b6c8d0-bb84-4c78-87c0-4f5e75e2b2a0.jpg', 'G:\\temp\\image\\2021\\3\\28\\a8b6c8d0-bb84-4c78-87c0-4f5e75e2b2a0.jpg', '2021-03-28 11:18:00', 1, 0, '2021-03-28 11:18:00', 1, '2021-03-28 11:18:00', 1, 0);

SET FOREIGN_KEY_CHECKS = 1;
