/*
 Navicat Premium Data Transfer

 Source Server         : localhost-mysql
 Source Server Type    : MySQL
 Source Server Version : 50730
 Source Host           : localhost:3306
 Source Schema         : zero-admin

 Target Server Type    : MySQL
 Target Server Version : 50730
 File Encoding         : 65001

 Date: 26/01/2024 22:37:43
*/

SET NAMES utf8mb4;
SET FOREIGN_KEY_CHECKS = 0;

-- ----------------------------
-- Table structure for auth_login_log
-- ----------------------------
DROP TABLE IF EXISTS `auth_login_log`;
CREATE TABLE `auth_login_log`  (
  `id` int(11) NOT NULL AUTO_INCREMENT COMMENT '主键',
  `user_id` int(11) NOT NULL COMMENT '登录用户主键',
  `ip` varchar(50) CHARACTER SET utf8mb4 COLLATE utf8mb4_general_ci NOT NULL COMMENT '登录的IP地址',
  `country` varchar(100) CHARACTER SET utf8mb4 COLLATE utf8mb4_general_ci NULL DEFAULT NULL COMMENT '登录现实地址，国家',
  `region` varchar(100) CHARACTER SET utf8mb4 COLLATE utf8mb4_general_ci NULL DEFAULT NULL COMMENT '登录现实地址，区域，省',
  `city` varchar(100) CHARACTER SET utf8mb4 COLLATE utf8mb4_general_ci NULL DEFAULT NULL COMMENT '登录现实地址，城市',
  `isp` varchar(100) CHARACTER SET utf8mb4 COLLATE utf8mb4_general_ci NULL DEFAULT NULL COMMENT '因特网提供商',
  `login_time` datetime(0) NOT NULL COMMENT '登录时间',
  `token_id` varchar(100) CHARACTER SET utf8mb4 COLLATE utf8mb4_general_ci NOT NULL COMMENT 'tokenId',
  `mobile` tinyint(1) NOT NULL COMMENT '是否为移动平台',
  `browser_name` varchar(100) CHARACTER SET utf8mb4 COLLATE utf8mb4_general_ci NOT NULL COMMENT '浏览器名称',
  `browser_version` varchar(100) CHARACTER SET utf8mb4 COLLATE utf8mb4_general_ci NOT NULL COMMENT '浏览器版本',
  `os_name` varchar(100) CHARACTER SET utf8mb4 COLLATE utf8mb4_general_ci NOT NULL COMMENT '客户端操作系统名称',
  `logout_time` datetime(0) NOT NULL COMMENT '登出时间，默认为登录时间+token失效时间，登出时更新',
  `logout` tinyint(1) NOT NULL DEFAULT 0 COMMENT '是否主动登出，默认为0',
  `create_time` datetime(0) NOT NULL DEFAULT CURRENT_TIMESTAMP COMMENT '数据库数据插入时间',
  `create_user_id` int(11) NOT NULL DEFAULT 0 COMMENT '数据库数据插入用户主键',
  `update_time` datetime(0) NOT NULL DEFAULT CURRENT_TIMESTAMP ON UPDATE CURRENT_TIMESTAMP(0) COMMENT '数据库数据更新时间',
  `update_user_id` int(11) NOT NULL DEFAULT 0 COMMENT '数据库数据更新用户主键',
  `deleted` tinyint(1) NOT NULL DEFAULT 0 COMMENT '逻辑删除标识，0为正常，1为逻辑删除，默认为0',
  PRIMARY KEY (`id`) USING BTREE
) ENGINE = InnoDB AUTO_INCREMENT = 502 CHARACTER SET = utf8mb4 COLLATE = utf8mb4_general_ci COMMENT = '系统账号登录日志表' ROW_FORMAT = Compact;

-- ----------------------------
-- Records of auth_login_log
-- ----------------------------
INSERT INTO `auth_login_log` VALUES (484, 1, '127.0.0.1', 'XX', 'XX', '内网IP', '内网IP', '2024-01-21 12:49:27', '0141e4aa-79b0-4a29-a44e-c65e28ccafc4', 0, 'Chrome', '120.0.0.0', 'Windows 10 or Windows Server 2016', '2024-01-21 13:49:27', 0, '2024-01-21 12:49:27', 0, '2024-01-21 13:09:21', 1, 1);
INSERT INTO `auth_login_log` VALUES (485, 1, '127.0.0.1', NULL, NULL, NULL, NULL, '2024-01-21 12:59:02', '2f9941b2-4219-498e-91c0-675497b58d17', 0, 'Chrome', '120.0.0.0', 'Windows 10 or Windows Server 2016', '2024-01-21 13:59:02', 0, '2024-01-21 12:59:02', 0, '2024-01-21 12:59:02', 0, 0);
INSERT INTO `auth_login_log` VALUES (486, 1, '127.0.0.1', 'XX', 'XX', '内网IP', '内网IP', '2024-01-21 16:39:36', '6e126178-a524-48e3-97e0-08b3adb5a3ef', 0, 'Chrome', '120.0.0.0', 'Windows 10 or Windows Server 2016', '2024-01-21 17:39:36', 0, '2024-01-21 16:39:36', 0, '2024-01-21 16:39:36', 0, 0);
INSERT INTO `auth_login_log` VALUES (487, 1, '127.0.0.1', 'XX', 'XX', '内网IP', '内网IP', '2024-01-21 17:46:49', '3d85e077-d308-4db6-a8eb-3902830903e1', 0, 'Chrome', '120.0.0.0', 'Windows 10 or Windows Server 2016', '2024-01-21 18:46:49', 0, '2024-01-21 17:46:49', 0, '2024-01-21 17:46:49', 0, 0);
INSERT INTO `auth_login_log` VALUES (488, 1, '127.0.0.1', 'XX', 'XX', '内网IP', '内网IP', '2024-01-21 19:26:12', 'f1d5519b-35d5-44b4-b2d9-4e158fe8822c', 0, 'Chrome', '120.0.0.0', 'Windows 10 or Windows Server 2016', '2024-01-21 20:26:12', 0, '2024-01-21 19:26:12', 0, '2024-01-21 19:26:12', 0, 0);
INSERT INTO `auth_login_log` VALUES (489, 1, '127.0.0.1', NULL, NULL, NULL, NULL, '2024-01-21 19:39:29', '1115e797-ab31-4f41-9bfa-378c1c6ade54', 0, 'Chrome', '120.0.0.0', 'Windows 10 or Windows Server 2016', '2024-01-21 20:39:29', 0, '2024-01-21 19:39:29', 0, '2024-01-21 19:39:29', 0, 0);
INSERT INTO `auth_login_log` VALUES (490, 1, '127.0.0.1', 'XX', 'XX', '内网IP', '内网IP', '2024-01-21 22:03:41', '6ab6be9f-0417-43fc-a04c-6854177d1c85', 0, 'Chrome', '120.0.0.0', 'Windows 10 or Windows Server 2016', '2024-01-21 23:03:41', 0, '2024-01-21 22:03:41', 0, '2024-01-21 22:03:41', 0, 0);
INSERT INTO `auth_login_log` VALUES (491, 1, '127.0.0.1', 'XX', 'XX', '内网IP', '内网IP', '2024-01-22 21:33:00', '3cddaab0-78f2-43de-8dd5-572c7ae0c281', 0, 'Chrome', '120.0.0.0', 'Windows 10 or Windows Server 2016', '2024-01-22 22:33:00', 0, '2024-01-22 21:32:59', 0, '2024-01-22 21:32:59', 0, 0);
INSERT INTO `auth_login_log` VALUES (492, 1, '127.0.0.1', 'XX', 'XX', '内网IP', '内网IP', '2024-01-22 22:35:12', '7eb91f6e-5c98-4a9c-a011-816c3d031c34', 0, 'Chrome', '120.0.0.0', 'Windows 10 or Windows Server 2016', '2024-01-22 23:35:12', 0, '2024-01-22 22:35:11', 0, '2024-01-22 22:35:11', 0, 0);
INSERT INTO `auth_login_log` VALUES (493, 1, '127.0.0.1', 'XX', 'XX', '内网IP', '内网IP', '2024-01-23 21:46:49', '07c02b2f-f541-46b2-87d6-cd87279741e4', 0, 'Chrome', '120.0.0.0', 'Windows 10 or Windows Server 2016', '2024-01-23 22:46:49', 0, '2024-01-23 21:46:48', 0, '2024-01-23 21:46:48', 0, 0);
INSERT INTO `auth_login_log` VALUES (494, 1, '127.0.0.1', 'XX', 'XX', '内网IP', '内网IP', '2024-01-24 21:33:34', '32570506-b4da-4d70-8eed-2770ad7cd697', 0, 'Chrome', '120.0.0.0', 'Windows 10 or Windows Server 2016', '2024-01-24 22:33:34', 0, '2024-01-24 21:33:33', 0, '2024-01-24 21:33:33', 0, 0);
INSERT INTO `auth_login_log` VALUES (495, 1, '127.0.0.1', 'XX', 'XX', '内网IP', '内网IP', '2024-01-24 22:35:26', '5a82a9e8-3dcb-4cad-a300-ef777750725c', 0, 'Chrome', '120.0.0.0', 'Windows 10 or Windows Server 2016', '2024-01-24 23:35:26', 0, '2024-01-24 22:35:25', 0, '2024-01-24 22:35:25', 0, 0);
INSERT INTO `auth_login_log` VALUES (496, 1, '127.0.0.1', 'XX', 'XX', '内网IP', '内网IP', '2024-01-26 21:03:59', 'e3582b47-3287-4548-89b0-46c9b9cd3070', 0, 'Chrome', '120.0.0.0', 'Windows 10 or Windows Server 2016', '2024-01-26 22:03:59', 0, '2024-01-26 21:03:59', 0, '2024-01-26 21:03:59', 0, 0);
INSERT INTO `auth_login_log` VALUES (497, 1, '127.0.0.1', 'XX', 'XX', '内网IP', '内网IP', '2024-01-26 21:04:09', 'a8c719eb-6ff6-4efa-ba62-1594f483540f', 0, 'Chrome', '120.0.0.0', 'Windows 10 or Windows Server 2016', '2024-01-26 22:04:09', 0, '2024-01-26 21:04:08', 0, '2024-01-26 21:04:08', 0, 0);
INSERT INTO `auth_login_log` VALUES (498, 22, '127.0.0.1', 'XX', 'XX', '内网IP', '内网IP', '2024-01-26 22:09:54', '8ac31383-f222-475d-ae17-24c2400f1a8b', 0, 'Chrome', '120.0.0.0', 'Windows 10 or Windows Server 2016', '2024-01-26 22:18:47', 1, '2024-01-26 22:09:53', 0, '2024-01-26 22:09:53', 22, 0);
INSERT INTO `auth_login_log` VALUES (499, 1, '127.0.0.1', 'XX', 'XX', '内网IP', '内网IP', '2024-01-26 22:18:50', 'df9f21ba-108a-4cb5-8862-74ee57db01b9', 0, 'Chrome', '120.0.0.0', 'Windows 10 or Windows Server 2016', '2024-01-26 22:22:43', 1, '2024-01-26 22:18:49', 0, '2024-01-26 22:18:49', 1, 0);
INSERT INTO `auth_login_log` VALUES (500, 1, '127.0.0.1', 'XX', 'XX', '内网IP', '内网IP', '2024-01-26 22:22:51', '31260b44-2ede-4cab-8a1e-9bbb06e4f6b7', 0, 'Chrome', '120.0.0.0', 'Windows 10 or Windows Server 2016', '2024-01-26 22:28:13', 1, '2024-01-26 22:22:50', 0, '2024-01-26 22:22:50', 1, 0);
INSERT INTO `auth_login_log` VALUES (501, 1, '127.0.0.1', 'XX', 'XX', '内网IP', '内网IP', '2024-01-26 22:28:18', '9e92b6e1-2262-4cbb-8d88-5037c8ca3264', 0, 'Chrome', '120.0.0.0', 'Windows 10 or Windows Server 2016', '2024-01-26 23:28:18', 0, '2024-01-26 22:28:17', 0, '2024-01-26 22:28:17', 0, 0);

-- ----------------------------
-- Table structure for auth_resources
-- ----------------------------
DROP TABLE IF EXISTS `auth_resources`;
CREATE TABLE `auth_resources`  (
  `id` int(11) NOT NULL AUTO_INCREMENT COMMENT '资源主键',
  `uri` varchar(255) CHARACTER SET utf8 COLLATE utf8_general_ci NOT NULL COMMENT '资源定位符',
  `regex` varchar(255) CHARACTER SET utf8 COLLATE utf8_general_ci NOT NULL COMMENT '正则匹配',
  `description` varchar(255) CHARACTER SET utf8 COLLATE utf8_general_ci NOT NULL COMMENT '资源描述信息',
  `method_type` varchar(16) CHARACTER SET utf8 COLLATE utf8_general_ci NOT NULL COMMENT '资源方法类型：get/post/put/delete',
  `create_time` datetime(0) NOT NULL DEFAULT CURRENT_TIMESTAMP COMMENT '数据库数据插入时间',
  `create_user_id` int(11) NOT NULL DEFAULT 0 COMMENT '数据库数据插入用户主键',
  `update_time` datetime(0) NOT NULL DEFAULT CURRENT_TIMESTAMP ON UPDATE CURRENT_TIMESTAMP(0) COMMENT '数据库数据更新时间',
  `update_user_id` int(11) NOT NULL DEFAULT 0 COMMENT '数据库数据更新用户主键',
  `deleted` tinyint(1) NOT NULL DEFAULT 0 COMMENT '逻辑删除标识，0为正常，1为逻辑删除0，默认为0',
  PRIMARY KEY (`id`) USING BTREE
) ENGINE = InnoDB AUTO_INCREMENT = 963 CHARACTER SET = utf8mb4 COLLATE = utf8mb4_general_ci COMMENT = '系统资源表' ROW_FORMAT = Compact;

-- ----------------------------
-- Records of auth_resources
-- ----------------------------
INSERT INTO `auth_resources` VALUES (776, '/config/const/list', '^/config/const/list$', '查询所有的系统配置常量表数据', 'GET', '2024-01-01 23:45:54', 0, '2024-01-07 23:00:32', 0, 0);
INSERT INTO `auth_resources` VALUES (777, '/config/const/key', '^/config/const/key$', '查询常量键值配置数据', 'GET', '2024-01-01 23:45:54', 0, '2024-01-01 23:45:54', 0, 0);
INSERT INTO `auth_resources` VALUES (778, '/config/const/keys', '^/config/const/keys$', '批量查询常量键值配置数据', 'POST', '2024-01-01 23:45:54', 0, '2024-01-01 23:45:54', 0, 0);
INSERT INTO `auth_resources` VALUES (779, '/config/const/page/{currentPage}', '^/config/const/page/[0-9]+$', '分页查询系统配置常量表数据', 'GET', '2024-01-01 23:45:54', 0, '2024-01-01 23:45:54', 0, 0);
INSERT INTO `auth_resources` VALUES (780, '/config/const/recover/{id}', '^/config/const/recover/[0-9]+$', '通过主键彻底删除一条系统配置常量表数据', 'DELETE', '2024-01-01 23:45:54', 0, '2024-01-01 23:45:54', 0, 0);
INSERT INTO `auth_resources` VALUES (781, '/config/const/recover/page/{currentPage}', '^/config/const/recover/page/[0-9]+$', '分页查询逻辑删除的系统配置常量表数据', 'GET', '2024-01-01 23:45:54', 0, '2024-01-01 23:45:54', 0, 0);
INSERT INTO `auth_resources` VALUES (782, '/config/const/recover/{id}', '^/config/const/recover/[0-9]+$', '通过主键恢复逻辑删除的系统配置常量表数据', 'PUT', '2024-01-01 23:45:54', 0, '2024-01-01 23:45:54', 0, 0);
INSERT INTO `auth_resources` VALUES (783, '/config/const/list/key', '^/config/const/list/key$', '查询所有的常量键值数据', 'GET', '2024-01-01 23:45:54', 0, '2024-01-01 23:45:54', 0, 0);
INSERT INTO `auth_resources` VALUES (784, '/config/const/export/excel', '^/config/const/export/excel$', '导出系统配置常量表数据的Excel文件', 'GET', '2024-01-01 23:45:54', 0, '2024-01-01 23:45:54', 0, 0);
INSERT INTO `auth_resources` VALUES (785, '/config/const', '^/config/const$', '[通用方法]插入一条对应实体类的数据库记录', 'POST', '2024-01-01 23:45:54', 0, '2024-01-01 23:45:54', 0, 0);
INSERT INTO `auth_resources` VALUES (786, '/config/const', '^/config/const$', '[通用方法]更新一条对应实体类的数据库记录', 'PUT', '2024-01-01 23:45:54', 0, '2024-01-01 23:45:54', 0, 0);
INSERT INTO `auth_resources` VALUES (787, '/config/const/{id}', '^/config/const/[0-9]+$', '[通用方法]通过主键获取一条对应实体类的数据库记录', 'GET', '2024-01-01 23:45:54', 0, '2024-01-01 23:45:54', 0, 0);
INSERT INTO `auth_resources` VALUES (788, '/config/const/{id}', '^/config/const/[0-9]+$', '[通用方法]通过主键删除一条对应实体类的数据库记录', 'DELETE', '2024-01-01 23:45:54', 0, '2024-01-01 23:45:54', 0, 0);
INSERT INTO `auth_resources` VALUES (789, '/index/weather', '^/index/weather$', '获取当前城市的天气预报信息', 'GET', '2024-01-01 23:45:54', 0, '2024-01-01 23:45:54', 0, 0);
INSERT INTO `auth_resources` VALUES (790, '/index/panel/group', '^/index/panel/group$', '获取系统首页的展示数据', 'GET', '2024-01-01 23:45:54', 0, '2024-01-01 23:45:54', 0, 0);
INSERT INTO `auth_resources` VALUES (791, '/index/login/map', '^/index/login/map$', '获取系统首页的用户登录地图数据', 'GET', '2024-01-01 23:45:54', 0, '2024-01-01 23:45:54', 0, 0);
INSERT INTO `auth_resources` VALUES (792, '/log/list', '^/log/list$', '查询所有的系统操作日志表数据', 'GET', '2024-01-01 23:45:54', 0, '2024-01-01 23:45:54', 0, 0);
INSERT INTO `auth_resources` VALUES (793, '/log/page/{currentPage}', '^/log/page/[0-9]+$', '分页查询系统操作日志表数据', 'GET', '2024-01-01 23:45:54', 0, '2024-01-01 23:45:54', 0, 0);
INSERT INTO `auth_resources` VALUES (794, '/log/recover/{id}', '^/log/recover/[0-9]+$', '通过主键彻底删除一条系统操作日志表数据', 'DELETE', '2024-01-01 23:45:54', 0, '2024-01-01 23:45:54', 0, 0);
INSERT INTO `auth_resources` VALUES (795, '/log/recover/page/{currentPage}', '^/log/recover/page/[0-9]+$', '分页查询逻辑删除的系统操作日志表数据', 'GET', '2024-01-01 23:45:54', 0, '2024-01-01 23:45:54', 0, 0);
INSERT INTO `auth_resources` VALUES (796, '/log/recover/{id}', '^/log/recover/[0-9]+$', '通过主键恢复逻辑删除的系统操作日志表数据', 'PUT', '2024-01-01 23:45:54', 0, '2024-01-01 23:45:54', 0, 0);
INSERT INTO `auth_resources` VALUES (797, '/log/export/excel', '^/log/export/excel$', '导出操作日志列表数据的Excel文件', 'GET', '2024-01-01 23:45:54', 0, '2024-01-01 23:45:54', 0, 0);
INSERT INTO `auth_resources` VALUES (798, '/log', '^/log$', '[通用方法]插入一条对应实体类的数据库记录', 'POST', '2024-01-01 23:45:54', 0, '2024-01-01 23:45:54', 0, 0);
INSERT INTO `auth_resources` VALUES (799, '/log', '^/log$', '[通用方法]更新一条对应实体类的数据库记录', 'PUT', '2024-01-01 23:45:54', 0, '2024-01-01 23:45:54', 0, 0);
INSERT INTO `auth_resources` VALUES (800, '/log/{id}', '^/log/[0-9]+$', '[通用方法]通过主键获取一条对应实体类的数据库记录', 'GET', '2024-01-01 23:45:54', 0, '2024-01-01 23:45:54', 0, 0);
INSERT INTO `auth_resources` VALUES (801, '/log/{id}', '^/log/[0-9]+$', '[通用方法]通过主键删除一条对应实体类的数据库记录', 'DELETE', '2024-01-01 23:45:54', 0, '2024-01-01 23:45:54', 0, 0);
INSERT INTO `auth_resources` VALUES (802, '/menu/enabled/{id}', '^/menu/enabled/[0-9]+$', '启用或者禁用一个菜单', 'PUT', '2024-01-01 23:45:54', 0, '2024-01-01 23:45:54', 0, 0);
INSERT INTO `auth_resources` VALUES (803, '/menu/hidden/{id}', '^/menu/hidden/[0-9]+$', '隐藏或者显示一个菜单', 'PUT', '2024-01-01 23:45:54', 0, '2024-01-01 23:45:54', 0, 0);
INSERT INTO `auth_resources` VALUES (804, '/menu/routes', '^/menu/routes$', '[动态路由]获取所有启用的系统菜单', 'GET', '2024-01-01 23:45:54', 0, '2024-01-01 23:45:54', 0, 0);
INSERT INTO `auth_resources` VALUES (805, '/menu/role/{menuId}', '^/menu/role/[0-9]+$', '删除菜单角色', 'DELETE', '2024-01-01 23:45:54', 0, '2024-01-01 23:45:54', 0, 0);
INSERT INTO `auth_resources` VALUES (806, '/menu/role/{menuId}', '^/menu/role/[0-9]+$', '获取该菜单未拥有的角色', 'GET', '2024-01-01 23:45:54', 0, '2024-01-01 23:45:54', 0, 0);
INSERT INTO `auth_resources` VALUES (807, '/menu/role/{menuId}', '^/menu/role/[0-9]+$', '添加菜单角色', 'POST', '2024-01-01 23:45:54', 0, '2024-01-01 23:45:54', 0, 0);
INSERT INTO `auth_resources` VALUES (808, '/menu/page/{currentPage}', '^/menu/page/[0-9]+$', '分页查询系统菜单表数据', 'GET', '2024-01-01 23:45:54', 0, '2024-01-01 23:45:54', 0, 0);
INSERT INTO `auth_resources` VALUES (809, '/menu/recover/{id}', '^/menu/recover/[0-9]+$', '通过主键彻底删除一条系统菜单表数据', 'DELETE', '2024-01-01 23:45:54', 0, '2024-01-01 23:45:54', 0, 0);
INSERT INTO `auth_resources` VALUES (810, '/menu/recover/page/{currentPage}', '^/menu/recover/page/[0-9]+$', '分页查询逻辑删除的系统菜单表数据', 'GET', '2024-01-01 23:45:54', 0, '2024-01-01 23:45:54', 0, 0);
INSERT INTO `auth_resources` VALUES (811, '/menu/recover/{id}', '^/menu/recover/[0-9]+$', '通过主键恢复逻辑删除的系统菜单表数据', 'PUT', '2024-01-01 23:45:54', 0, '2024-01-01 23:45:54', 0, 0);
INSERT INTO `auth_resources` VALUES (812, '/menu/export/excel', '^/menu/export/excel$', '导出系统菜单列表数据的Excel文件', 'GET', '2024-01-01 23:45:54', 0, '2024-01-01 23:45:54', 0, 0);
INSERT INTO `auth_resources` VALUES (813, '/menu', '^/menu$', '[通用方法]插入一条对应实体类的数据库记录', 'POST', '2024-01-01 23:45:54', 0, '2024-01-01 23:45:54', 0, 0);
INSERT INTO `auth_resources` VALUES (814, '/menu', '^/menu$', '[通用方法]更新一条对应实体类的数据库记录', 'PUT', '2024-01-01 23:45:54', 0, '2024-01-01 23:45:54', 0, 0);
INSERT INTO `auth_resources` VALUES (815, '/menu/{id}', '^/menu/[0-9]+$', '[通用方法]通过主键获取一条对应实体类的数据库记录', 'GET', '2024-01-01 23:45:54', 0, '2024-01-01 23:45:54', 0, 0);
INSERT INTO `auth_resources` VALUES (816, '/menu/{id}', '^/menu/[0-9]+$', '[通用方法]通过主键删除一条对应实体类的数据库记录', 'DELETE', '2024-01-01 23:45:54', 0, '2024-01-01 23:45:54', 0, 0);
INSERT INTO `auth_resources` VALUES (817, '/organ/list', '^/organ/list$', '查询所有的系统组织机构表数据', 'GET', '2024-01-01 23:45:54', 0, '2024-01-01 23:45:54', 0, 0);
INSERT INTO `auth_resources` VALUES (818, '/organ/page/{currentPage}', '^/organ/page/[0-9]+$', '分页查询系统组织机构表数据', 'GET', '2024-01-01 23:45:54', 0, '2024-01-01 23:45:54', 0, 0);
INSERT INTO `auth_resources` VALUES (819, '/organ/recover/{id}', '^/organ/recover/[0-9]+$', '通过主键彻底删除一条系统组织机构表数据', 'DELETE', '2024-01-01 23:45:54', 0, '2024-01-01 23:45:54', 0, 0);
INSERT INTO `auth_resources` VALUES (820, '/organ/recover/page/{currentPage}', '^/organ/recover/page/[0-9]+$', '分页查询逻辑删除的系统组织机构表数据', 'GET', '2024-01-01 23:45:54', 0, '2024-01-01 23:45:54', 0, 0);
INSERT INTO `auth_resources` VALUES (821, '/organ/recover/{id}', '^/organ/recover/[0-9]+$', '通过主键恢复逻辑删除的系统组织机构表数据', 'PUT', '2024-01-01 23:45:54', 0, '2024-01-01 23:45:54', 0, 0);
INSERT INTO `auth_resources` VALUES (822, '/organ/export/excel', '^/organ/export/excel$', '导出系统组织机构表数据的Excel文件', 'GET', '2024-01-01 23:45:54', 0, '2024-01-01 23:45:54', 0, 0);
INSERT INTO `auth_resources` VALUES (823, '/organ', '^/organ$', '[通用方法]插入一条对应实体类的数据库记录', 'POST', '2024-01-01 23:45:54', 0, '2024-01-01 23:45:54', 0, 0);
INSERT INTO `auth_resources` VALUES (824, '/organ', '^/organ$', '[通用方法]更新一条对应实体类的数据库记录', 'PUT', '2024-01-01 23:45:54', 0, '2024-01-01 23:45:54', 0, 0);
INSERT INTO `auth_resources` VALUES (825, '/organ/{id}', '^/organ/[0-9]+$', '[通用方法]通过主键获取一条对应实体类的数据库记录', 'GET', '2024-01-01 23:45:54', 0, '2024-01-01 23:45:54', 0, 0);
INSERT INTO `auth_resources` VALUES (826, '/organ/{id}', '^/organ/[0-9]+$', '[通用方法]通过主键删除一条对应实体类的数据库记录', 'DELETE', '2024-01-01 23:45:54', 0, '2024-01-01 23:45:54', 0, 0);
INSERT INTO `auth_resources` VALUES (827, '/user/config/list', '^/user/config/list$', '查询所有的系统用户配置表数据', 'GET', '2024-01-01 23:45:54', 0, '2024-01-01 23:45:54', 0, 0);
INSERT INTO `auth_resources` VALUES (828, '/user/config/key', '^/user/config/key$', '更新用户配置数据', 'PUT', '2024-01-01 23:45:54', 0, '2024-01-01 23:45:54', 0, 0);
INSERT INTO `auth_resources` VALUES (829, '/user/config/page/{currentPage}', '^/user/config/page/[0-9]+$', '分页查询系统用户配置表数据', 'GET', '2024-01-01 23:45:54', 0, '2024-01-01 23:45:54', 0, 0);
INSERT INTO `auth_resources` VALUES (830, '/user/config/recover/{id}', '^/user/config/recover/[0-9]+$', '通过主键彻底删除一条系统用户配置表数据', 'DELETE', '2024-01-01 23:45:54', 0, '2024-01-01 23:45:54', 0, 0);
INSERT INTO `auth_resources` VALUES (831, '/user/config/recover/page/{currentPage}', '^/user/config/recover/page/[0-9]+$', '分页查询逻辑删除的系统用户配置表数据', 'GET', '2024-01-01 23:45:54', 0, '2024-01-01 23:45:54', 0, 0);
INSERT INTO `auth_resources` VALUES (832, '/user/config/recover/{id}', '^/user/config/recover/[0-9]+$', '通过主键恢复逻辑删除的系统用户配置表数据', 'PUT', '2024-01-01 23:45:54', 0, '2024-01-01 23:45:54', 0, 0);
INSERT INTO `auth_resources` VALUES (833, '/user/config/export/excel', '^/user/config/export/excel$', '导出系统用户配置表数据的Excel文件', 'GET', '2024-01-01 23:45:54', 0, '2024-01-01 23:45:54', 0, 0);
INSERT INTO `auth_resources` VALUES (834, '/user/config', '^/user/config$', '[通用方法]插入一条对应实体类的数据库记录', 'POST', '2024-01-01 23:45:54', 0, '2024-01-01 23:45:54', 0, 0);
INSERT INTO `auth_resources` VALUES (835, '/user/config', '^/user/config$', '[通用方法]更新一条对应实体类的数据库记录', 'PUT', '2024-01-01 23:45:54', 0, '2024-01-01 23:45:54', 0, 0);
INSERT INTO `auth_resources` VALUES (836, '/user/config/{id}', '^/user/config/[0-9]+$', '[通用方法]通过主键获取一条对应实体类的数据库记录', 'GET', '2024-01-01 23:45:54', 0, '2024-01-01 23:45:54', 0, 0);
INSERT INTO `auth_resources` VALUES (837, '/user/config/{id}', '^/user/config/[0-9]+$', '[通用方法]通过主键删除一条对应实体类的数据库记录', 'DELETE', '2024-01-01 23:45:54', 0, '2024-01-01 23:45:54', 0, 0);
INSERT INTO `auth_resources` VALUES (838, '/user/info/list', '^/user/info/list$', '查询所有的系统用户信息表数据', 'GET', '2024-01-01 23:45:55', 0, '2024-01-01 23:45:55', 0, 0);
INSERT INTO `auth_resources` VALUES (839, '/user/info', '^/user/info$', '查询当前登录用户的信息数据', 'GET', '2024-01-01 23:45:55', 0, '2024-01-01 23:45:55', 0, 0);
INSERT INTO `auth_resources` VALUES (840, '/user/info/mail/verify', '^/user/info/mail/verify$', '验证邮件验证码', 'POST', '2024-01-01 23:45:55', 0, '2024-01-01 23:45:55', 0, 0);
INSERT INTO `auth_resources` VALUES (841, '/user/info/page/{currentPage}', '^/user/info/page/[0-9]+$', '分页查询系统用户信息表数据', 'GET', '2024-01-01 23:45:55', 0, '2024-01-01 23:45:55', 0, 0);
INSERT INTO `auth_resources` VALUES (842, '/user/info/recover/{id}', '^/user/info/recover/[0-9]+$', '通过主键彻底删除一条系统用户信息表数据', 'DELETE', '2024-01-01 23:45:55', 0, '2024-01-01 23:45:55', 0, 0);
INSERT INTO `auth_resources` VALUES (843, '/user/info/recover/page/{currentPage}', '^/user/info/recover/page/[0-9]+$', '分页查询逻辑删除的系统用户信息表数据', 'GET', '2024-01-01 23:45:55', 0, '2024-01-01 23:45:55', 0, 0);
INSERT INTO `auth_resources` VALUES (844, '/user/info/recover/{id}', '^/user/info/recover/[0-9]+$', '通过主键恢复逻辑删除的系统用户信息表数据', 'PUT', '2024-01-01 23:45:55', 0, '2024-01-01 23:45:55', 0, 0);
INSERT INTO `auth_resources` VALUES (845, '/user/info/export/excel', '^/user/info/export/excel$', '导出系统用户信息表数据的Excel文件', 'GET', '2024-01-01 23:45:55', 0, '2024-01-01 23:45:55', 0, 0);
INSERT INTO `auth_resources` VALUES (846, '/user/info/avatar', '^/user/info/avatar$', '获取用户头像路径', 'GET', '2024-01-01 23:45:55', 0, '2024-01-01 23:45:55', 0, 0);
INSERT INTO `auth_resources` VALUES (847, '/user/info/mail/verify/send', '^/user/info/mail/verify/send$', '发送电子邮件号码验证邮件', 'POST', '2024-01-01 23:45:55', 0, '2024-01-01 23:45:55', 0, 0);
INSERT INTO `auth_resources` VALUES (848, '/user/info/avatar', '^/user/info/avatar$', '上传用户头像', 'POST', '2024-01-01 23:45:55', 0, '2024-01-01 23:45:55', 0, 0);
INSERT INTO `auth_resources` VALUES (849, '/user/info', '^/user/info$', '[通用方法]插入一条对应实体类的数据库记录', 'POST', '2024-01-01 23:45:55', 0, '2024-01-01 23:45:55', 0, 0);
INSERT INTO `auth_resources` VALUES (850, '/user/info', '^/user/info$', '[通用方法]更新一条对应实体类的数据库记录', 'PUT', '2024-01-01 23:45:55', 0, '2024-01-01 23:45:55', 0, 0);
INSERT INTO `auth_resources` VALUES (851, '/user/info/{id}', '^/user/info/[0-9]+$', '[通用方法]通过主键获取一条对应实体类的数据库记录', 'GET', '2024-01-01 23:45:55', 0, '2024-01-01 23:45:55', 0, 0);
INSERT INTO `auth_resources` VALUES (852, '/user/info/{id}', '^/user/info/[0-9]+$', '[通用方法]通过主键删除一条对应实体类的数据库记录', 'DELETE', '2024-01-01 23:45:55', 0, '2024-01-01 23:45:55', 0, 0);
INSERT INTO `auth_resources` VALUES (853, '/server/info', '^/server/info$', '获取系统服务器的监控信息', 'GET', '2024-01-01 23:45:55', 0, '2024-01-01 23:45:55', 0, 0);
INSERT INTO `auth_resources` VALUES (854, '/server/piechart', '^/server/piechart$', '获取系统服务器的CPU，内存，JVM饼图信息', 'GET', '2024-01-01 23:45:55', 0, '2024-01-01 23:45:55', 0, 0);
INSERT INTO `auth_resources` VALUES (855, '/file/manage/replace', '^/file/manage/replace$', '通过主键替换一个文件资源', 'POST', '2024-01-01 23:45:55', 0, '2024-01-01 23:45:55', 0, 0);
INSERT INTO `auth_resources` VALUES (856, '/file/manage/list', '^/file/manage/list$', '查询所有的文件资源管理表数据', 'GET', '2024-01-01 23:45:55', 0, '2024-01-01 23:45:55', 0, 0);
INSERT INTO `auth_resources` VALUES (857, '/file/manage/page/{currentPage}', '^/file/manage/page/[0-9]+$', '分页查询文件资源管理表数据', 'GET', '2024-01-01 23:45:55', 0, '2024-01-01 23:45:55', 0, 0);
INSERT INTO `auth_resources` VALUES (858, '/file/manage/recover/{id}', '^/file/manage/recover/[0-9]+$', '通过主键彻底删除一条文件资源管理表数据', 'DELETE', '2024-01-01 23:45:55', 0, '2024-01-01 23:45:55', 0, 0);
INSERT INTO `auth_resources` VALUES (859, '/file/manage/recover/page/{currentPage}', '^/file/manage/recover/page/[0-9]+$', '分页查询逻辑删除的文件资源管理表数据', 'GET', '2024-01-01 23:45:55', 0, '2024-01-01 23:45:55', 0, 0);
INSERT INTO `auth_resources` VALUES (860, '/file/manage/recover/{id}', '^/file/manage/recover/[0-9]+$', '通过主键恢复逻辑删除的文件资源管理表数据', 'PUT', '2024-01-01 23:45:55', 0, '2024-01-01 23:45:55', 0, 0);
INSERT INTO `auth_resources` VALUES (861, '/file/manage/export/excel', '^/file/manage/export/excel$', '导出文件资源管理表数据的Excel文件', 'GET', '2024-01-01 23:45:55', 0, '2024-01-01 23:45:55', 0, 0);
INSERT INTO `auth_resources` VALUES (862, '/file/manage/bak/{id}', '^/file/manage/bak/[0-9]+$', '通过主键备份一个文件资源', 'POST', '2024-01-01 23:45:55', 0, '2024-01-01 23:45:55', 0, 0);
INSERT INTO `auth_resources` VALUES (863, '/file/manage', '^/file/manage$', '[通用方法]插入一条对应实体类的数据库记录', 'POST', '2024-01-01 23:45:55', 0, '2024-01-01 23:45:55', 0, 0);
INSERT INTO `auth_resources` VALUES (864, '/file/manage', '^/file/manage$', '[通用方法]更新一条对应实体类的数据库记录', 'PUT', '2024-01-01 23:45:55', 0, '2024-01-01 23:45:55', 0, 0);
INSERT INTO `auth_resources` VALUES (865, '/file/manage/{id}', '^/file/manage/[0-9]+$', '[通用方法]通过主键获取一条对应实体类的数据库记录', 'GET', '2024-01-01 23:45:55', 0, '2024-01-01 23:45:55', 0, 0);
INSERT INTO `auth_resources` VALUES (866, '/file/manage/{id}', '^/file/manage/[0-9]+$', '[通用方法]通过主键删除一条对应实体类的数据库记录', 'DELETE', '2024-01-01 23:45:55', 0, '2024-01-01 23:45:55', 0, 0);
INSERT INTO `auth_resources` VALUES (867, '/upload/image', '^/upload/image$', '上传图片文件', 'POST', '2024-01-01 23:45:55', 0, '2024-01-01 23:45:55', 0, 0);
INSERT INTO `auth_resources` VALUES (868, '/login/log/list', '^/login/log/list$', '查询所有的系统账号登录日志表数据', 'GET', '2024-01-01 23:45:55', 0, '2024-01-01 23:45:55', 0, 0);
INSERT INTO `auth_resources` VALUES (869, '/login/log/page/{currentPage}', '^/login/log/page/[0-9]+$', '分页查询系统账号登录日志表数据', 'GET', '2024-01-01 23:45:55', 0, '2024-01-01 23:45:55', 0, 0);
INSERT INTO `auth_resources` VALUES (870, '/login/log/recover/{id}', '^/login/log/recover/[0-9]+$', '通过主键彻底删除一条系统账号登录日志表数据', 'DELETE', '2024-01-01 23:45:55', 0, '2024-01-01 23:45:55', 0, 0);
INSERT INTO `auth_resources` VALUES (871, '/login/log/recover/page/{currentPage}', '^/login/log/recover/page/[0-9]+$', '分页查询逻辑删除的系统账号登录日志表数据', 'GET', '2024-01-01 23:45:55', 0, '2024-01-01 23:45:55', 0, 0);
INSERT INTO `auth_resources` VALUES (872, '/login/log/recover/{id}', '^/login/log/recover/[0-9]+$', '通过主键恢复逻辑删除的系统账号登录日志表数据', 'PUT', '2024-01-01 23:45:55', 0, '2024-01-01 23:45:55', 0, 0);
INSERT INTO `auth_resources` VALUES (873, '/login/log/export/excel', '^/login/log/export/excel$', '导出系统账号登录日志表数据的Excel文件', 'GET', '2024-01-01 23:45:55', 0, '2024-01-01 23:45:55', 0, 0);
INSERT INTO `auth_resources` VALUES (874, '/login/log/online/{userId}', '^/login/log/online/[0-9]+$', '获取当前在线的用户记录', 'GET', '2024-01-01 23:45:55', 0, '2024-01-01 23:45:55', 0, 0);
INSERT INTO `auth_resources` VALUES (875, '/login/log/offline/{userId}', '^/login/log/offline/[0-9]+$', '通过tokenId下线用户', 'PUT', '2024-01-01 23:45:55', 0, '2024-01-01 23:45:55', 0, 0);
INSERT INTO `auth_resources` VALUES (876, '/login/log', '^/login/log$', '[通用方法]插入一条对应实体类的数据库记录', 'POST', '2024-01-01 23:45:55', 0, '2024-01-01 23:45:55', 0, 0);
INSERT INTO `auth_resources` VALUES (877, '/login/log', '^/login/log$', '[通用方法]更新一条对应实体类的数据库记录', 'PUT', '2024-01-01 23:45:55', 0, '2024-01-01 23:45:55', 0, 0);
INSERT INTO `auth_resources` VALUES (878, '/login/log/{id}', '^/login/log/[0-9]+$', '[通用方法]通过主键获取一条对应实体类的数据库记录', 'GET', '2024-01-01 23:45:55', 0, '2024-01-01 23:45:55', 0, 0);
INSERT INTO `auth_resources` VALUES (879, '/login/log/{id}', '^/login/log/[0-9]+$', '[通用方法]通过主键删除一条对应实体类的数据库记录', 'DELETE', '2024-01-01 23:45:55', 0, '2024-01-01 23:45:55', 0, 0);
INSERT INTO `auth_resources` VALUES (880, '/resources/page/{currentPage}', '^/resources/page/[0-9]+$', '分页查询系统资源数据', 'GET', '2024-01-01 23:45:55', 0, '2024-01-01 23:45:55', 0, 0);
INSERT INTO `auth_resources` VALUES (881, '/resources/recover/{id}', '^/resources/recover/[0-9]+$', '通过主键彻底删除一条系统资源表数据', 'DELETE', '2024-01-01 23:45:55', 0, '2024-01-01 23:45:55', 0, 0);
INSERT INTO `auth_resources` VALUES (882, '/resources/recover/page/{currentPage}', '^/resources/recover/page/[0-9]+$', '分页查询逻辑删除的系统资源表数据', 'GET', '2024-01-01 23:45:55', 0, '2024-01-01 23:45:55', 0, 0);
INSERT INTO `auth_resources` VALUES (883, '/resources/recover/{id}', '^/resources/recover/[0-9]+$', '通过主键恢复逻辑删除的系统资源表数据', 'PUT', '2024-01-01 23:45:55', 0, '2024-01-01 23:45:55', 0, 0);
INSERT INTO `auth_resources` VALUES (884, '/resources/export/excel', '^/resources/export/excel$', '导出系统资源列表数据的Excel文件', 'GET', '2024-01-01 23:45:55', 0, '2024-01-01 23:45:55', 0, 0);
INSERT INTO `auth_resources` VALUES (885, '/resources/role/{resourcesId}', '^/resources/role/[0-9]+$', '添加系统资源角色', 'POST', '2024-01-01 23:45:55', 0, '2024-01-01 23:45:55', 0, 0);
INSERT INTO `auth_resources` VALUES (886, '/resources/role/{resourcesId}', '^/resources/role/[0-9]+$', '获取未拥有该系统资源的角色', 'GET', '2024-01-01 23:45:55', 0, '2024-01-01 23:45:55', 0, 0);
INSERT INTO `auth_resources` VALUES (887, '/resources/role/{resourcesId}', '^/resources/role/[0-9]+$', '删除系统资源角色', 'DELETE', '2024-01-01 23:45:55', 0, '2024-01-01 23:45:55', 0, 0);
INSERT INTO `auth_resources` VALUES (888, '/resources', '^/resources$', '[通用方法]插入一条对应实体类的数据库记录', 'POST', '2024-01-01 23:45:55', 0, '2024-01-01 23:45:55', 0, 0);
INSERT INTO `auth_resources` VALUES (889, '/resources', '^/resources$', '[通用方法]更新一条对应实体类的数据库记录', 'PUT', '2024-01-01 23:45:55', 0, '2024-01-01 23:45:55', 0, 0);
INSERT INTO `auth_resources` VALUES (890, '/resources/{id}', '^/resources/[0-9]+$', '[通用方法]通过主键获取一条对应实体类的数据库记录', 'GET', '2024-01-01 23:45:55', 0, '2024-01-01 23:45:55', 0, 0);
INSERT INTO `auth_resources` VALUES (891, '/resources/{id}', '^/resources/[0-9]+$', '[通用方法]通过主键删除一条对应实体类的数据库记录', 'DELETE', '2024-01-01 23:45:55', 0, '2024-01-01 23:45:55', 0, 0);
INSERT INTO `auth_resources` VALUES (892, '/role/list', '^/role/list$', '获取所有的用户角色', 'GET', '2024-01-01 23:45:55', 0, '2024-01-01 23:45:55', 0, 0);
INSERT INTO `auth_resources` VALUES (893, '/role/check/name', '^/role/check/name$', '检测角色名称是否已存在', 'GET', '2024-01-01 23:45:55', 0, '2024-01-01 23:45:55', 0, 0);
INSERT INTO `auth_resources` VALUES (894, '/role/page/{currentPage}', '^/role/page/[0-9]+$', '分页查询角色数据', 'GET', '2024-01-01 23:45:55', 0, '2024-01-01 23:45:55', 0, 0);
INSERT INTO `auth_resources` VALUES (895, '/role/recover/{id}', '^/role/recover/[0-9]+$', '通过主键彻底删除一条系统角色表数据', 'DELETE', '2024-01-01 23:45:55', 0, '2024-01-01 23:45:55', 0, 0);
INSERT INTO `auth_resources` VALUES (896, '/role/recover/page/{currentPage}', '^/role/recover/page/[0-9]+$', '分页查询逻辑删除的系统角色表数据', 'GET', '2024-01-01 23:45:55', 0, '2024-01-01 23:45:55', 0, 0);
INSERT INTO `auth_resources` VALUES (897, '/role/recover/{id}', '^/role/recover/[0-9]+$', '通过主键恢复逻辑删除的系统角色表数据', 'PUT', '2024-01-01 23:45:55', 0, '2024-01-01 23:45:55', 0, 0);
INSERT INTO `auth_resources` VALUES (898, '/role/export/excel', '^/role/export/excel$', '导出角色列表数据的Excel文件', 'GET', '2024-01-01 23:45:55', 0, '2024-01-01 23:45:55', 0, 0);
INSERT INTO `auth_resources` VALUES (899, '/role/acquiescence', '^/role/acquiescence$', '通过主键设置或者取消默认角色', 'PUT', '2024-01-01 23:45:55', 0, '2024-01-01 23:45:55', 0, 0);
INSERT INTO `auth_resources` VALUES (900, '/role', '^/role$', '[通用方法]插入一条对应实体类的数据库记录', 'POST', '2024-01-01 23:45:55', 0, '2024-01-01 23:45:55', 0, 0);
INSERT INTO `auth_resources` VALUES (901, '/role', '^/role$', '[通用方法]更新一条对应实体类的数据库记录', 'PUT', '2024-01-01 23:45:55', 0, '2024-01-01 23:45:55', 0, 0);
INSERT INTO `auth_resources` VALUES (902, '/role/{id}', '^/role/[0-9]+$', '[通用方法]通过主键获取一条对应实体类的数据库记录', 'GET', '2024-01-01 23:45:55', 0, '2024-01-01 23:45:55', 0, 0);
INSERT INTO `auth_resources` VALUES (903, '/role/{id}', '^/role/[0-9]+$', '[通用方法]通过主键删除一条对应实体类的数据库记录', 'DELETE', '2024-01-01 23:45:55', 0, '2024-01-01 23:45:55', 0, 0);
INSERT INTO `auth_resources` VALUES (904, '/user/enabled/{id}', '^/user/enabled/[0-9]+$', '启用或者禁用一个用户账号', 'PUT', '2024-01-01 23:45:55', 0, '2024-01-01 23:45:55', 0, 0);
INSERT INTO `auth_resources` VALUES (905, '/user/token', '^/user/token$', '获取请求头上的accessToken，并根据accessToken返回用户信息', 'GET', '2024-01-01 23:45:55', 0, '2024-01-01 23:45:55', 0, 0);
INSERT INTO `auth_resources` VALUES (906, '/user/role/{userId}', '^/user/role/[0-9]+$', '添加用户角色', 'POST', '2024-01-01 23:45:55', 0, '2024-01-01 23:45:55', 0, 0);
INSERT INTO `auth_resources` VALUES (907, '/user/page/{currentPage}', '^/user/page/[0-9]+$', '分页查询用户数据', 'GET', '2024-01-01 23:45:55', 0, '2024-01-01 23:45:55', 0, 0);
INSERT INTO `auth_resources` VALUES (908, '/user/recover/{id}', '^/user/recover/[0-9]+$', '通过主键彻底删除一条用户数据', 'DELETE', '2024-01-01 23:45:55', 0, '2024-01-01 23:45:55', 0, 0);
INSERT INTO `auth_resources` VALUES (909, '/user/recover/page/{currentPage}', '^/user/recover/page/[0-9]+$', '分页查询逻辑删除的用户数据', 'GET', '2024-01-01 23:45:55', 0, '2024-01-01 23:45:55', 0, 0);
INSERT INTO `auth_resources` VALUES (910, '/user/recover/{id}', '^/user/recover/[0-9]+$', '通过主键恢复逻辑删除的用户数据', 'PUT', '2024-01-01 23:45:55', 0, '2024-01-01 23:45:55', 0, 0);
INSERT INTO `auth_resources` VALUES (911, '/user/export/excel', '^/user/export/excel$', '导出用户列表数据的Excel文件', 'GET', '2024-01-01 23:45:55', 0, '2024-01-01 23:45:55', 0, 0);
INSERT INTO `auth_resources` VALUES (912, '/user/reset/password', '^/user/reset/password$', '重置用户账号密码', 'PUT', '2024-01-01 23:45:55', 0, '2024-01-01 23:45:55', 0, 0);
INSERT INTO `auth_resources` VALUES (913, '/user/role/{userId}', '^/user/role/[0-9]+$', '获取该用户未拥有的角色', 'GET', '2024-01-01 23:45:55', 0, '2024-01-01 23:45:55', 0, 0);
INSERT INTO `auth_resources` VALUES (914, '/user/check/username', '^/user/check/username$', '检测用户名是否已存在', 'GET', '2024-01-01 23:45:55', 0, '2024-01-01 23:45:55', 0, 0);
INSERT INTO `auth_resources` VALUES (915, '/user/check/password', '^/user/check/password$', '检测用户密码是否正确', 'GET', '2024-01-01 23:45:55', 0, '2024-01-01 23:45:55', 0, 0);
INSERT INTO `auth_resources` VALUES (916, '/user/role/{userId}', '^/user/role/[0-9]+$', '删除用户角色', 'DELETE', '2024-01-01 23:45:55', 0, '2024-01-01 23:45:55', 0, 0);
INSERT INTO `auth_resources` VALUES (917, '/user', '^/user$', '[通用方法]插入一条对应实体类的数据库记录', 'POST', '2024-01-01 23:45:55', 0, '2024-01-01 23:45:55', 0, 0);
INSERT INTO `auth_resources` VALUES (918, '/user', '^/user$', '[通用方法]更新一条对应实体类的数据库记录', 'PUT', '2024-01-01 23:45:55', 0, '2024-01-01 23:45:55', 0, 0);
INSERT INTO `auth_resources` VALUES (919, '/user/{id}', '^/user/[0-9]+$', '[通用方法]通过主键获取一条对应实体类的数据库记录', 'GET', '2024-01-01 23:45:55', 0, '2024-01-01 23:45:55', 0, 0);
INSERT INTO `auth_resources` VALUES (920, '/user/{id}', '^/user/[0-9]+$', '[通用方法]通过主键删除一条对应实体类的数据库记录', 'DELETE', '2024-01-01 23:45:55', 0, '2024-01-01 23:45:55', 0, 0);
INSERT INTO `auth_resources` VALUES (921, '/mail/text', '^/mail/text$', '发送普通文本邮件', 'POST', '2024-01-01 23:45:55', 0, '2024-01-01 23:45:55', 0, 0);
INSERT INTO `auth_resources` VALUES (922, '/mail/template', '^/mail/template$', '发送HTML模板邮件', 'POST', '2024-01-01 23:45:55', 0, '2024-01-01 23:45:55', 0, 0);
INSERT INTO `auth_resources` VALUES (923, '/table/column/list', '^/table/column/list$', '查询所有的系统数据库表字段信息表数据', 'GET', '2024-01-02 21:39:34', 0, '2024-01-02 21:39:34', 0, 0);
INSERT INTO `auth_resources` VALUES (924, '/table/column/export/excel', '^/table/column/export/excel$', '导出系统数据库表字段信息表数据的Excel文件', 'GET', '2024-01-02 21:39:34', 0, '2024-01-02 21:39:34', 0, 0);
INSERT INTO `auth_resources` VALUES (925, '/table/column/recover/{id}', '^/table/column/recover/[0-9]+$', '通过主键恢复逻辑删除的系统数据库表字段信息表数据', 'PUT', '2024-01-02 21:39:34', 0, '2024-01-02 21:39:34', 0, 0);
INSERT INTO `auth_resources` VALUES (926, '/table/column/recover/{id}', '^/table/column/recover/[0-9]+$', '通过主键彻底删除一条系统数据库表字段信息表数据', 'DELETE', '2024-01-02 21:39:34', 0, '2024-01-02 21:39:34', 0, 0);
INSERT INTO `auth_resources` VALUES (927, '/table/column/recover/page/{currentPage}', '^/table/column/recover/page/[0-9]+$', '分页查询逻辑删除的系统数据库表字段信息表数据', 'GET', '2024-01-02 21:39:34', 0, '2024-01-02 21:39:34', 0, 0);
INSERT INTO `auth_resources` VALUES (928, '/table/column/page/{currentPage}', '^/table/column/page/[0-9]+$', '分页查询系统数据库表字段信息表数据', 'GET', '2024-01-02 21:39:34', 0, '2024-01-02 21:39:34', 0, 0);
INSERT INTO `auth_resources` VALUES (929, '/table/column/table/info/{tableInfoId}', '^/table/column/table/info/[0-9]+$', '通过tableInfoId获取所有的字段信息', 'GET', '2024-01-02 21:39:34', 0, '2024-01-02 21:39:34', 0, 0);
INSERT INTO `auth_resources` VALUES (930, '/table/column', '^/table/column$', '[通用方法]插入一条对应实体类的数据库记录', 'POST', '2024-01-02 21:39:34', 0, '2024-01-02 21:39:34', 0, 0);
INSERT INTO `auth_resources` VALUES (931, '/table/column', '^/table/column$', '[通用方法]更新一条对应实体类的数据库记录', 'PUT', '2024-01-02 21:39:34', 0, '2024-01-02 21:39:34', 0, 0);
INSERT INTO `auth_resources` VALUES (932, '/table/column/{id}', '^/table/column/[0-9]+$', '[通用方法]通过主键删除一条对应实体类的数据库记录', 'DELETE', '2024-01-02 21:39:34', 0, '2024-01-02 21:39:34', 0, 0);
INSERT INTO `auth_resources` VALUES (933, '/table/column/{id}', '^/table/column/[0-9]+$', '[通用方法]通过主键获取一条对应实体类的数据库记录', 'GET', '2024-01-02 21:39:34', 0, '2024-01-02 21:39:34', 0, 0);
INSERT INTO `auth_resources` VALUES (934, '/table/info/recover/{id}', '^/table/info/recover/[0-9]+$', '通过主键恢复逻辑删除的系统数据库表信息表数据', 'PUT', '2024-01-02 21:39:34', 0, '2024-01-02 21:39:34', 0, 0);
INSERT INTO `auth_resources` VALUES (935, '/table/info/recover/{id}', '^/table/info/recover/[0-9]+$', '通过主键彻底删除一条系统数据库表信息表数据', 'DELETE', '2024-01-02 21:39:34', 0, '2024-01-02 21:39:34', 0, 0);
INSERT INTO `auth_resources` VALUES (936, '/table/info/recover/page/{currentPage}', '^/table/info/recover/page/[0-9]+$', '分页查询逻辑删除的系统数据库表信息表数据', 'GET', '2024-01-02 21:39:34', 0, '2024-01-02 21:39:34', 0, 0);
INSERT INTO `auth_resources` VALUES (937, '/table/info/page/{currentPage}', '^/table/info/page/[0-9]+$', '分页查询系统数据库表信息数据', 'GET', '2024-01-02 21:39:34', 0, '2024-01-02 21:39:34', 0, 0);
INSERT INTO `auth_resources` VALUES (938, '/table/info/code/generation/{id}', '^/table/info/code/generation/[0-9]+$', '生成代码', 'POST', '2024-01-02 21:39:34', 0, '2024-01-02 21:39:34', 0, 0);
INSERT INTO `auth_resources` VALUES (939, '/table/info/not/list', '^/table/info/not/list$', '获取还没有插入数据库中的数据库表信息', 'GET', '2024-01-02 21:39:34', 0, '2024-01-02 21:39:34', 0, 0);
INSERT INTO `auth_resources` VALUES (940, '/table/info', '^/table/info$', '[通用方法]插入一条对应实体类的数据库记录', 'POST', '2024-01-02 21:39:34', 0, '2024-01-02 21:39:34', 0, 0);
INSERT INTO `auth_resources` VALUES (941, '/table/info', '^/table/info$', '[通用方法]更新一条对应实体类的数据库记录', 'PUT', '2024-01-02 21:39:34', 0, '2024-01-02 21:39:34', 0, 0);
INSERT INTO `auth_resources` VALUES (942, '/table/info/{id}', '^/table/info/[0-9]+$', '[通用方法]通过主键删除一条对应实体类的数据库记录', 'DELETE', '2024-01-02 21:39:34', 0, '2024-01-02 21:39:34', 0, 0);
INSERT INTO `auth_resources` VALUES (943, '/table/info/{id}', '^/table/info/[0-9]+$', '[通用方法]通过主键获取一条对应实体类的数据库记录', 'GET', '2024-01-02 21:39:34', 0, '2024-01-02 21:39:34', 0, 0);
INSERT INTO `auth_resources` VALUES (944, '/operation/log/list', '^/operation/log/list$', '查询所有的系统操作日志表数据', 'GET', '2024-01-04 22:02:48', 0, '2024-01-04 22:02:48', 0, 0);
INSERT INTO `auth_resources` VALUES (945, '/operation/log/page/{currentPage}', '^/operation/log/page/[0-9]+$', '分页查询系统操作日志表数据', 'GET', '2024-01-04 22:02:48', 0, '2024-01-04 22:02:48', 0, 0);
INSERT INTO `auth_resources` VALUES (946, '/operation/log/export/excel', '^/operation/log/export/excel$', '导出操作日志列表数据的Excel文件', 'GET', '2024-01-04 22:02:48', 0, '2024-01-04 22:02:48', 0, 0);
INSERT INTO `auth_resources` VALUES (947, '/operation/log/recover/page/{currentPage}', '^/operation/log/recover/page/[0-9]+$', '分页查询逻辑删除的系统操作日志表数据', 'GET', '2024-01-04 22:02:48', 0, '2024-01-04 22:02:48', 0, 0);
INSERT INTO `auth_resources` VALUES (948, '/operation/log/recover/{id}', '^/operation/log/recover/[0-9]+$', '通过主键恢复逻辑删除的系统操作日志表数据', 'PUT', '2024-01-04 22:02:48', 0, '2024-01-04 22:02:48', 0, 0);
INSERT INTO `auth_resources` VALUES (949, '/operation/log/recover/{id}', '^/operation/log/recover/[0-9]+$', '通过主键彻底删除一条系统操作日志表数据', 'DELETE', '2024-01-04 22:02:48', 0, '2024-01-04 22:02:48', 0, 0);
INSERT INTO `auth_resources` VALUES (950, '/operation/log', '^/operation/log$', '[通用方法]插入一条对应实体类的数据库记录', 'POST', '2024-01-04 22:02:48', 0, '2024-01-04 22:02:48', 0, 0);
INSERT INTO `auth_resources` VALUES (951, '/operation/log/{id}', '^/operation/log/[0-9]+$', '[通用方法]通过主键删除一条对应实体类的数据库记录', 'DELETE', '2024-01-04 22:02:48', 0, '2024-01-04 22:02:48', 0, 0);
INSERT INTO `auth_resources` VALUES (952, '/operation/log', '^/operation/log$', '[通用方法]更新一条对应实体类的数据库记录', 'PUT', '2024-01-04 22:02:48', 0, '2024-01-04 22:02:48', 0, 0);
INSERT INTO `auth_resources` VALUES (953, '/operation/log/{id}', '^/operation/log/[0-9]+$', '[通用方法]通过主键获取一条对应实体类的数据库记录', 'GET', '2024-01-04 22:02:48', 0, '2024-01-04 22:02:48', 0, 0);
INSERT INTO `auth_resources` VALUES (954, '/menu/list', '^/menu/list$', '查询系统菜单表数据', 'GET', '2024-01-07 18:15:55', 0, '2024-01-07 18:15:55', 0, 0);
INSERT INTO `auth_resources` VALUES (955, '/menu/tree', '^/menu/tree$', '查询系统菜单表并构建树状结构', 'GET', '2024-01-07 21:32:27', 0, '2024-01-07 21:32:27', 0, 0);
INSERT INTO `auth_resources` VALUES (956, '/config/const/list', '^/config/const/list$', '查询所有的系统配置常量表数据', 'GET', '2024-01-07 22:57:50', 0, '2024-01-07 23:00:19', 1, 1);
INSERT INTO `auth_resources` VALUES (957, '/organ/tree', '^/organ/tree$', '查询系统组织机构表数据并构建树状结构', 'GET', '2024-01-13 15:16:30', 0, '2024-01-13 15:16:30', 0, 0);
INSERT INTO `auth_resources` VALUES (958, '/table/info/code/generate/{id}', '^/table/info/code/generate/[0-9]+$', '生成代码', 'POST', '2024-01-17 22:06:00', 0, '2024-01-17 22:06:00', 0, 0);
INSERT INTO `auth_resources` VALUES (959, '/organ/move', '^/organ/move$', '移动系统组织机构表树状结构节点', 'GET', '2024-01-18 23:31:28', 0, '2024-01-18 23:31:28', 0, 0);
INSERT INTO `auth_resources` VALUES (960, '/organ/move', '^/organ/move$', '移动系统组织机构表树状结构节点', 'PUT', '2024-01-18 23:33:29', 0, '2024-01-18 23:33:29', 0, 0);
INSERT INTO `auth_resources` VALUES (961, '/menu/move', '^/menu/move$', '移动系统菜单树状结构节点', 'PUT', '2024-01-20 09:38:35', 0, '2024-01-20 09:38:35', 0, 0);
INSERT INTO `auth_resources` VALUES (962, '/server/chart', '^/server/chart$', '获取系统服务器的CPU，内存，JVM饼图信息', 'GET', '2024-01-24 22:02:47', 0, '2024-01-24 22:02:47', 0, 0);

-- ----------------------------
-- Table structure for auth_resources_role
-- ----------------------------
DROP TABLE IF EXISTS `auth_resources_role`;
CREATE TABLE `auth_resources_role`  (
  `id` int(11) NOT NULL AUTO_INCREMENT COMMENT '主键',
  `resources_id` int(11) NOT NULL COMMENT '资源主键',
  `role_id` int(11) NOT NULL COMMENT '角色主键',
  `create_time` datetime(0) NOT NULL DEFAULT CURRENT_TIMESTAMP COMMENT '数据库数据插入时间',
  `create_user_id` int(11) NOT NULL DEFAULT 0 COMMENT '数据库数据插入用户主键',
  `update_time` datetime(0) NOT NULL DEFAULT CURRENT_TIMESTAMP ON UPDATE CURRENT_TIMESTAMP(0) COMMENT '数据库数据更新时间',
  `update_user_id` int(11) NOT NULL DEFAULT 0 COMMENT '数据库数据更新用户主键',
  `deleted` tinyint(1) NOT NULL DEFAULT 0 COMMENT '逻辑删除标识，0为正常，1为逻辑删除，默认为0',
  PRIMARY KEY (`id`) USING BTREE
) ENGINE = InnoDB AUTO_INCREMENT = 1130 CHARACTER SET = utf8mb4 COLLATE = utf8mb4_general_ci COMMENT = '资源角色关系表' ROW_FORMAT = Compact;

-- ----------------------------
-- Records of auth_resources_role
-- ----------------------------
INSERT INTO `auth_resources_role` VALUES (891, 776, 1, '2024-01-01 23:45:54', 0, '2024-01-01 23:45:54', 0, 0);
INSERT INTO `auth_resources_role` VALUES (892, 777, 1, '2024-01-01 23:45:54', 0, '2024-01-01 23:45:54', 0, 0);
INSERT INTO `auth_resources_role` VALUES (893, 778, 1, '2024-01-01 23:45:54', 0, '2024-01-01 23:45:54', 0, 0);
INSERT INTO `auth_resources_role` VALUES (894, 779, 1, '2024-01-01 23:45:54', 0, '2024-01-01 23:45:54', 0, 0);
INSERT INTO `auth_resources_role` VALUES (895, 780, 1, '2024-01-01 23:45:54', 0, '2024-01-01 23:45:54', 0, 0);
INSERT INTO `auth_resources_role` VALUES (896, 781, 1, '2024-01-01 23:45:54', 0, '2024-01-01 23:45:54', 0, 0);
INSERT INTO `auth_resources_role` VALUES (897, 782, 1, '2024-01-01 23:45:54', 0, '2024-01-01 23:45:54', 0, 0);
INSERT INTO `auth_resources_role` VALUES (898, 783, 1, '2024-01-01 23:45:54', 0, '2024-01-01 23:45:54', 0, 0);
INSERT INTO `auth_resources_role` VALUES (899, 784, 1, '2024-01-01 23:45:54', 0, '2024-01-01 23:45:54', 0, 0);
INSERT INTO `auth_resources_role` VALUES (900, 785, 1, '2024-01-01 23:45:54', 0, '2024-01-01 23:45:54', 0, 0);
INSERT INTO `auth_resources_role` VALUES (901, 786, 1, '2024-01-01 23:45:54', 0, '2024-01-01 23:45:54', 0, 0);
INSERT INTO `auth_resources_role` VALUES (902, 787, 1, '2024-01-01 23:45:54', 0, '2024-01-01 23:45:54', 0, 0);
INSERT INTO `auth_resources_role` VALUES (903, 788, 1, '2024-01-01 23:45:54', 0, '2024-01-01 23:45:54', 0, 0);
INSERT INTO `auth_resources_role` VALUES (904, 789, 1, '2024-01-01 23:45:54', 0, '2024-01-01 23:45:54', 0, 0);
INSERT INTO `auth_resources_role` VALUES (905, 790, 1, '2024-01-01 23:45:54', 0, '2024-01-01 23:45:54', 0, 0);
INSERT INTO `auth_resources_role` VALUES (906, 791, 1, '2024-01-01 23:45:54', 0, '2024-01-01 23:45:54', 0, 0);
INSERT INTO `auth_resources_role` VALUES (907, 792, 1, '2024-01-01 23:45:54', 0, '2024-01-01 23:45:54', 0, 0);
INSERT INTO `auth_resources_role` VALUES (908, 793, 1, '2024-01-01 23:45:54', 0, '2024-01-01 23:45:54', 0, 0);
INSERT INTO `auth_resources_role` VALUES (909, 794, 1, '2024-01-01 23:45:54', 0, '2024-01-01 23:45:54', 0, 0);
INSERT INTO `auth_resources_role` VALUES (910, 795, 1, '2024-01-01 23:45:54', 0, '2024-01-01 23:45:54', 0, 0);
INSERT INTO `auth_resources_role` VALUES (911, 796, 1, '2024-01-01 23:45:54', 0, '2024-01-01 23:45:54', 0, 0);
INSERT INTO `auth_resources_role` VALUES (912, 797, 1, '2024-01-01 23:45:54', 0, '2024-01-01 23:45:54', 0, 0);
INSERT INTO `auth_resources_role` VALUES (913, 798, 1, '2024-01-01 23:45:54', 0, '2024-01-01 23:45:54', 0, 0);
INSERT INTO `auth_resources_role` VALUES (914, 799, 1, '2024-01-01 23:45:54', 0, '2024-01-01 23:45:54', 0, 0);
INSERT INTO `auth_resources_role` VALUES (915, 800, 1, '2024-01-01 23:45:54', 0, '2024-01-01 23:45:54', 0, 0);
INSERT INTO `auth_resources_role` VALUES (916, 801, 1, '2024-01-01 23:45:54', 0, '2024-01-01 23:45:54', 0, 0);
INSERT INTO `auth_resources_role` VALUES (917, 802, 1, '2024-01-01 23:45:54', 0, '2024-01-01 23:45:54', 0, 0);
INSERT INTO `auth_resources_role` VALUES (918, 803, 1, '2024-01-01 23:45:54', 0, '2024-01-01 23:45:54', 0, 0);
INSERT INTO `auth_resources_role` VALUES (919, 804, 1, '2024-01-01 23:45:54', 0, '2024-01-01 23:45:54', 0, 0);
INSERT INTO `auth_resources_role` VALUES (920, 805, 1, '2024-01-01 23:45:54', 0, '2024-01-01 23:45:54', 0, 0);
INSERT INTO `auth_resources_role` VALUES (921, 806, 1, '2024-01-01 23:45:54', 0, '2024-01-01 23:45:54', 0, 0);
INSERT INTO `auth_resources_role` VALUES (922, 807, 1, '2024-01-01 23:45:54', 0, '2024-01-01 23:45:54', 0, 0);
INSERT INTO `auth_resources_role` VALUES (923, 808, 1, '2024-01-01 23:45:54', 0, '2024-01-01 23:45:54', 0, 0);
INSERT INTO `auth_resources_role` VALUES (924, 809, 1, '2024-01-01 23:45:54', 0, '2024-01-01 23:45:54', 0, 0);
INSERT INTO `auth_resources_role` VALUES (925, 810, 1, '2024-01-01 23:45:54', 0, '2024-01-01 23:45:54', 0, 0);
INSERT INTO `auth_resources_role` VALUES (926, 811, 1, '2024-01-01 23:45:54', 0, '2024-01-01 23:45:54', 0, 0);
INSERT INTO `auth_resources_role` VALUES (927, 812, 1, '2024-01-01 23:45:54', 0, '2024-01-01 23:45:54', 0, 0);
INSERT INTO `auth_resources_role` VALUES (928, 813, 1, '2024-01-01 23:45:54', 0, '2024-01-01 23:45:54', 0, 0);
INSERT INTO `auth_resources_role` VALUES (929, 814, 1, '2024-01-01 23:45:54', 0, '2024-01-01 23:45:54', 0, 0);
INSERT INTO `auth_resources_role` VALUES (930, 815, 1, '2024-01-01 23:45:54', 0, '2024-01-01 23:45:54', 0, 0);
INSERT INTO `auth_resources_role` VALUES (931, 816, 1, '2024-01-01 23:45:54', 0, '2024-01-01 23:45:54', 0, 0);
INSERT INTO `auth_resources_role` VALUES (932, 817, 1, '2024-01-01 23:45:54', 0, '2024-01-01 23:45:54', 0, 0);
INSERT INTO `auth_resources_role` VALUES (933, 818, 1, '2024-01-01 23:45:54', 0, '2024-01-01 23:45:54', 0, 0);
INSERT INTO `auth_resources_role` VALUES (934, 819, 1, '2024-01-01 23:45:54', 0, '2024-01-01 23:45:54', 0, 0);
INSERT INTO `auth_resources_role` VALUES (935, 820, 1, '2024-01-01 23:45:54', 0, '2024-01-01 23:45:54', 0, 0);
INSERT INTO `auth_resources_role` VALUES (936, 821, 1, '2024-01-01 23:45:54', 0, '2024-01-01 23:45:54', 0, 0);
INSERT INTO `auth_resources_role` VALUES (937, 822, 1, '2024-01-01 23:45:54', 0, '2024-01-01 23:45:54', 0, 0);
INSERT INTO `auth_resources_role` VALUES (938, 823, 1, '2024-01-01 23:45:54', 0, '2024-01-01 23:45:54', 0, 0);
INSERT INTO `auth_resources_role` VALUES (939, 824, 1, '2024-01-01 23:45:54', 0, '2024-01-01 23:45:54', 0, 0);
INSERT INTO `auth_resources_role` VALUES (940, 825, 1, '2024-01-01 23:45:54', 0, '2024-01-01 23:45:54', 0, 0);
INSERT INTO `auth_resources_role` VALUES (941, 826, 1, '2024-01-01 23:45:54', 0, '2024-01-01 23:45:54', 0, 0);
INSERT INTO `auth_resources_role` VALUES (942, 827, 1, '2024-01-01 23:45:54', 0, '2024-01-01 23:45:54', 0, 0);
INSERT INTO `auth_resources_role` VALUES (943, 828, 1, '2024-01-01 23:45:54', 0, '2024-01-01 23:45:54', 0, 0);
INSERT INTO `auth_resources_role` VALUES (944, 829, 1, '2024-01-01 23:45:54', 0, '2024-01-01 23:45:54', 0, 0);
INSERT INTO `auth_resources_role` VALUES (945, 830, 1, '2024-01-01 23:45:54', 0, '2024-01-01 23:45:54', 0, 0);
INSERT INTO `auth_resources_role` VALUES (946, 831, 1, '2024-01-01 23:45:54', 0, '2024-01-01 23:45:54', 0, 0);
INSERT INTO `auth_resources_role` VALUES (947, 832, 1, '2024-01-01 23:45:54', 0, '2024-01-01 23:45:54', 0, 0);
INSERT INTO `auth_resources_role` VALUES (948, 833, 1, '2024-01-01 23:45:54', 0, '2024-01-01 23:45:54', 0, 0);
INSERT INTO `auth_resources_role` VALUES (949, 834, 1, '2024-01-01 23:45:54', 0, '2024-01-01 23:45:54', 0, 0);
INSERT INTO `auth_resources_role` VALUES (950, 835, 1, '2024-01-01 23:45:54', 0, '2024-01-01 23:45:54', 0, 0);
INSERT INTO `auth_resources_role` VALUES (951, 836, 1, '2024-01-01 23:45:54', 0, '2024-01-01 23:45:54', 0, 0);
INSERT INTO `auth_resources_role` VALUES (952, 837, 1, '2024-01-01 23:45:54', 0, '2024-01-01 23:45:54', 0, 0);
INSERT INTO `auth_resources_role` VALUES (953, 838, 1, '2024-01-01 23:45:55', 0, '2024-01-01 23:45:55', 0, 0);
INSERT INTO `auth_resources_role` VALUES (954, 839, 1, '2024-01-01 23:45:55', 0, '2024-01-01 23:45:55', 0, 0);
INSERT INTO `auth_resources_role` VALUES (955, 840, 1, '2024-01-01 23:45:55', 0, '2024-01-01 23:45:55', 0, 0);
INSERT INTO `auth_resources_role` VALUES (956, 841, 1, '2024-01-01 23:45:55', 0, '2024-01-01 23:45:55', 0, 0);
INSERT INTO `auth_resources_role` VALUES (957, 842, 1, '2024-01-01 23:45:55', 0, '2024-01-01 23:45:55', 0, 0);
INSERT INTO `auth_resources_role` VALUES (958, 843, 1, '2024-01-01 23:45:55', 0, '2024-01-01 23:45:55', 0, 0);
INSERT INTO `auth_resources_role` VALUES (959, 844, 1, '2024-01-01 23:45:55', 0, '2024-01-01 23:45:55', 0, 0);
INSERT INTO `auth_resources_role` VALUES (960, 845, 1, '2024-01-01 23:45:55', 0, '2024-01-01 23:45:55', 0, 0);
INSERT INTO `auth_resources_role` VALUES (961, 846, 1, '2024-01-01 23:45:55', 0, '2024-01-01 23:45:55', 0, 0);
INSERT INTO `auth_resources_role` VALUES (962, 847, 1, '2024-01-01 23:45:55', 0, '2024-01-01 23:45:55', 0, 0);
INSERT INTO `auth_resources_role` VALUES (963, 848, 1, '2024-01-01 23:45:55', 0, '2024-01-01 23:45:55', 0, 0);
INSERT INTO `auth_resources_role` VALUES (964, 849, 1, '2024-01-01 23:45:55', 0, '2024-01-01 23:45:55', 0, 0);
INSERT INTO `auth_resources_role` VALUES (965, 850, 1, '2024-01-01 23:45:55', 0, '2024-01-01 23:45:55', 0, 0);
INSERT INTO `auth_resources_role` VALUES (966, 851, 1, '2024-01-01 23:45:55', 0, '2024-01-01 23:45:55', 0, 0);
INSERT INTO `auth_resources_role` VALUES (967, 852, 1, '2024-01-01 23:45:55', 0, '2024-01-01 23:45:55', 0, 0);
INSERT INTO `auth_resources_role` VALUES (968, 853, 1, '2024-01-01 23:45:55', 0, '2024-01-01 23:45:55', 0, 0);
INSERT INTO `auth_resources_role` VALUES (969, 854, 1, '2024-01-01 23:45:55', 0, '2024-01-01 23:45:55', 0, 0);
INSERT INTO `auth_resources_role` VALUES (970, 855, 1, '2024-01-01 23:45:55', 0, '2024-01-01 23:45:55', 0, 0);
INSERT INTO `auth_resources_role` VALUES (971, 856, 1, '2024-01-01 23:45:55', 0, '2024-01-01 23:45:55', 0, 0);
INSERT INTO `auth_resources_role` VALUES (972, 857, 1, '2024-01-01 23:45:55', 0, '2024-01-01 23:45:55', 0, 0);
INSERT INTO `auth_resources_role` VALUES (973, 858, 1, '2024-01-01 23:45:55', 0, '2024-01-01 23:45:55', 0, 0);
INSERT INTO `auth_resources_role` VALUES (974, 859, 1, '2024-01-01 23:45:55', 0, '2024-01-01 23:45:55', 0, 0);
INSERT INTO `auth_resources_role` VALUES (975, 860, 1, '2024-01-01 23:45:55', 0, '2024-01-01 23:45:55', 0, 0);
INSERT INTO `auth_resources_role` VALUES (976, 861, 1, '2024-01-01 23:45:55', 0, '2024-01-01 23:45:55', 0, 0);
INSERT INTO `auth_resources_role` VALUES (977, 862, 1, '2024-01-01 23:45:55', 0, '2024-01-01 23:45:55', 0, 0);
INSERT INTO `auth_resources_role` VALUES (978, 863, 1, '2024-01-01 23:45:55', 0, '2024-01-01 23:45:55', 0, 0);
INSERT INTO `auth_resources_role` VALUES (979, 864, 1, '2024-01-01 23:45:55', 0, '2024-01-01 23:45:55', 0, 0);
INSERT INTO `auth_resources_role` VALUES (980, 865, 1, '2024-01-01 23:45:55', 0, '2024-01-01 23:45:55', 0, 0);
INSERT INTO `auth_resources_role` VALUES (981, 866, 1, '2024-01-01 23:45:55', 0, '2024-01-01 23:45:55', 0, 0);
INSERT INTO `auth_resources_role` VALUES (982, 867, 1, '2024-01-01 23:45:55', 0, '2024-01-01 23:45:55', 0, 0);
INSERT INTO `auth_resources_role` VALUES (983, 868, 1, '2024-01-01 23:45:55', 0, '2024-01-01 23:45:55', 0, 0);
INSERT INTO `auth_resources_role` VALUES (984, 869, 1, '2024-01-01 23:45:55', 0, '2024-01-01 23:45:55', 0, 0);
INSERT INTO `auth_resources_role` VALUES (985, 870, 1, '2024-01-01 23:45:55', 0, '2024-01-01 23:45:55', 0, 0);
INSERT INTO `auth_resources_role` VALUES (986, 871, 1, '2024-01-01 23:45:55', 0, '2024-01-01 23:45:55', 0, 0);
INSERT INTO `auth_resources_role` VALUES (987, 872, 1, '2024-01-01 23:45:55', 0, '2024-01-01 23:45:55', 0, 0);
INSERT INTO `auth_resources_role` VALUES (988, 873, 1, '2024-01-01 23:45:55', 0, '2024-01-01 23:45:55', 0, 0);
INSERT INTO `auth_resources_role` VALUES (989, 874, 1, '2024-01-01 23:45:55', 0, '2024-01-01 23:45:55', 0, 0);
INSERT INTO `auth_resources_role` VALUES (990, 875, 1, '2024-01-01 23:45:55', 0, '2024-01-01 23:45:55', 0, 0);
INSERT INTO `auth_resources_role` VALUES (991, 876, 1, '2024-01-01 23:45:55', 0, '2024-01-01 23:45:55', 0, 0);
INSERT INTO `auth_resources_role` VALUES (992, 877, 1, '2024-01-01 23:45:55', 0, '2024-01-01 23:45:55', 0, 0);
INSERT INTO `auth_resources_role` VALUES (993, 878, 1, '2024-01-01 23:45:55', 0, '2024-01-01 23:45:55', 0, 0);
INSERT INTO `auth_resources_role` VALUES (994, 879, 1, '2024-01-01 23:45:55', 0, '2024-01-01 23:45:55', 0, 0);
INSERT INTO `auth_resources_role` VALUES (995, 880, 1, '2024-01-01 23:45:55', 0, '2024-01-01 23:45:55', 0, 0);
INSERT INTO `auth_resources_role` VALUES (996, 881, 1, '2024-01-01 23:45:55', 0, '2024-01-01 23:45:55', 0, 0);
INSERT INTO `auth_resources_role` VALUES (997, 882, 1, '2024-01-01 23:45:55', 0, '2024-01-01 23:45:55', 0, 0);
INSERT INTO `auth_resources_role` VALUES (998, 883, 1, '2024-01-01 23:45:55', 0, '2024-01-01 23:45:55', 0, 0);
INSERT INTO `auth_resources_role` VALUES (999, 884, 1, '2024-01-01 23:45:55', 0, '2024-01-01 23:45:55', 0, 0);
INSERT INTO `auth_resources_role` VALUES (1000, 885, 1, '2024-01-01 23:45:55', 0, '2024-01-01 23:45:55', 0, 0);
INSERT INTO `auth_resources_role` VALUES (1001, 886, 1, '2024-01-01 23:45:55', 0, '2024-01-01 23:45:55', 0, 0);
INSERT INTO `auth_resources_role` VALUES (1002, 887, 1, '2024-01-01 23:45:55', 0, '2024-01-01 23:45:55', 0, 0);
INSERT INTO `auth_resources_role` VALUES (1003, 888, 1, '2024-01-01 23:45:55', 0, '2024-01-01 23:45:55', 0, 0);
INSERT INTO `auth_resources_role` VALUES (1004, 889, 1, '2024-01-01 23:45:55', 0, '2024-01-01 23:45:55', 0, 0);
INSERT INTO `auth_resources_role` VALUES (1005, 890, 1, '2024-01-01 23:45:55', 0, '2024-01-01 23:45:55', 0, 0);
INSERT INTO `auth_resources_role` VALUES (1006, 891, 1, '2024-01-01 23:45:55', 0, '2024-01-01 23:45:55', 0, 0);
INSERT INTO `auth_resources_role` VALUES (1007, 892, 1, '2024-01-01 23:45:55', 0, '2024-01-01 23:45:55', 0, 0);
INSERT INTO `auth_resources_role` VALUES (1008, 893, 1, '2024-01-01 23:45:55', 0, '2024-01-01 23:45:55', 0, 0);
INSERT INTO `auth_resources_role` VALUES (1009, 894, 1, '2024-01-01 23:45:55', 0, '2024-01-01 23:45:55', 0, 0);
INSERT INTO `auth_resources_role` VALUES (1010, 895, 1, '2024-01-01 23:45:55', 0, '2024-01-01 23:45:55', 0, 0);
INSERT INTO `auth_resources_role` VALUES (1011, 896, 1, '2024-01-01 23:45:55', 0, '2024-01-01 23:45:55', 0, 0);
INSERT INTO `auth_resources_role` VALUES (1012, 897, 1, '2024-01-01 23:45:55', 0, '2024-01-01 23:45:55', 0, 0);
INSERT INTO `auth_resources_role` VALUES (1013, 898, 1, '2024-01-01 23:45:55', 0, '2024-01-01 23:45:55', 0, 0);
INSERT INTO `auth_resources_role` VALUES (1014, 899, 1, '2024-01-01 23:45:55', 0, '2024-01-01 23:45:55', 0, 0);
INSERT INTO `auth_resources_role` VALUES (1015, 900, 1, '2024-01-01 23:45:55', 0, '2024-01-01 23:45:55', 0, 0);
INSERT INTO `auth_resources_role` VALUES (1016, 901, 1, '2024-01-01 23:45:55', 0, '2024-01-01 23:45:55', 0, 0);
INSERT INTO `auth_resources_role` VALUES (1017, 902, 1, '2024-01-01 23:45:55', 0, '2024-01-01 23:45:55', 0, 0);
INSERT INTO `auth_resources_role` VALUES (1018, 903, 1, '2024-01-01 23:45:55', 0, '2024-01-01 23:45:55', 0, 0);
INSERT INTO `auth_resources_role` VALUES (1019, 904, 1, '2024-01-01 23:45:55', 0, '2024-01-01 23:45:55', 0, 0);
INSERT INTO `auth_resources_role` VALUES (1020, 905, 1, '2024-01-01 23:45:55', 0, '2024-01-01 23:45:55', 0, 0);
INSERT INTO `auth_resources_role` VALUES (1021, 906, 1, '2024-01-01 23:45:55', 0, '2024-01-01 23:45:55', 0, 0);
INSERT INTO `auth_resources_role` VALUES (1022, 907, 1, '2024-01-01 23:45:55', 0, '2024-01-01 23:45:55', 0, 0);
INSERT INTO `auth_resources_role` VALUES (1023, 908, 1, '2024-01-01 23:45:55', 0, '2024-01-01 23:45:55', 0, 0);
INSERT INTO `auth_resources_role` VALUES (1024, 909, 1, '2024-01-01 23:45:55', 0, '2024-01-01 23:45:55', 0, 0);
INSERT INTO `auth_resources_role` VALUES (1025, 910, 1, '2024-01-01 23:45:55', 0, '2024-01-01 23:45:55', 0, 0);
INSERT INTO `auth_resources_role` VALUES (1026, 911, 1, '2024-01-01 23:45:55', 0, '2024-01-01 23:45:55', 0, 0);
INSERT INTO `auth_resources_role` VALUES (1027, 912, 1, '2024-01-01 23:45:55', 0, '2024-01-01 23:45:55', 0, 0);
INSERT INTO `auth_resources_role` VALUES (1028, 913, 1, '2024-01-01 23:45:55', 0, '2024-01-01 23:45:55', 0, 0);
INSERT INTO `auth_resources_role` VALUES (1029, 914, 1, '2024-01-01 23:45:55', 0, '2024-01-01 23:45:55', 0, 0);
INSERT INTO `auth_resources_role` VALUES (1030, 915, 1, '2024-01-01 23:45:55', 0, '2024-01-01 23:45:55', 0, 0);
INSERT INTO `auth_resources_role` VALUES (1031, 916, 1, '2024-01-01 23:45:55', 0, '2024-01-01 23:45:55', 0, 0);
INSERT INTO `auth_resources_role` VALUES (1032, 917, 1, '2024-01-01 23:45:55', 0, '2024-01-01 23:45:55', 0, 0);
INSERT INTO `auth_resources_role` VALUES (1033, 918, 1, '2024-01-01 23:45:55', 0, '2024-01-01 23:45:55', 0, 0);
INSERT INTO `auth_resources_role` VALUES (1034, 919, 1, '2024-01-01 23:45:55', 0, '2024-01-01 23:45:55', 0, 0);
INSERT INTO `auth_resources_role` VALUES (1035, 920, 1, '2024-01-01 23:45:55', 0, '2024-01-01 23:45:55', 0, 0);
INSERT INTO `auth_resources_role` VALUES (1036, 921, 1, '2024-01-01 23:45:55', 0, '2024-01-01 23:45:55', 0, 0);
INSERT INTO `auth_resources_role` VALUES (1037, 922, 1, '2024-01-01 23:45:55', 0, '2024-01-01 23:45:55', 0, 0);
INSERT INTO `auth_resources_role` VALUES (1038, 804, 3, '2024-01-02 21:13:30', 1, '2024-01-02 21:13:30', 1, 0);
INSERT INTO `auth_resources_role` VALUES (1039, 905, 3, '2024-01-02 21:13:48', 1, '2024-01-02 21:13:48', 1, 0);
INSERT INTO `auth_resources_role` VALUES (1040, 923, 1, '2024-01-02 21:39:34', 0, '2024-01-02 21:39:34', 0, 0);
INSERT INTO `auth_resources_role` VALUES (1041, 924, 1, '2024-01-02 21:39:34', 0, '2024-01-02 21:39:34', 0, 0);
INSERT INTO `auth_resources_role` VALUES (1042, 925, 1, '2024-01-02 21:39:34', 0, '2024-01-02 21:39:34', 0, 0);
INSERT INTO `auth_resources_role` VALUES (1043, 926, 1, '2024-01-02 21:39:34', 0, '2024-01-02 21:39:34', 0, 0);
INSERT INTO `auth_resources_role` VALUES (1044, 927, 1, '2024-01-02 21:39:34', 0, '2024-01-02 21:39:34', 0, 0);
INSERT INTO `auth_resources_role` VALUES (1045, 928, 1, '2024-01-02 21:39:34', 0, '2024-01-02 21:39:34', 0, 0);
INSERT INTO `auth_resources_role` VALUES (1046, 929, 1, '2024-01-02 21:39:34', 0, '2024-01-02 21:39:34', 0, 0);
INSERT INTO `auth_resources_role` VALUES (1047, 930, 1, '2024-01-02 21:39:34', 0, '2024-01-02 21:39:34', 0, 0);
INSERT INTO `auth_resources_role` VALUES (1048, 931, 1, '2024-01-02 21:39:34', 0, '2024-01-02 21:39:34', 0, 0);
INSERT INTO `auth_resources_role` VALUES (1049, 932, 1, '2024-01-02 21:39:34', 0, '2024-01-02 21:39:34', 0, 0);
INSERT INTO `auth_resources_role` VALUES (1050, 933, 1, '2024-01-02 21:39:34', 0, '2024-01-02 21:39:34', 0, 0);
INSERT INTO `auth_resources_role` VALUES (1051, 934, 1, '2024-01-02 21:39:34', 0, '2024-01-02 21:39:34', 0, 0);
INSERT INTO `auth_resources_role` VALUES (1052, 935, 1, '2024-01-02 21:39:34', 0, '2024-01-02 21:39:34', 0, 0);
INSERT INTO `auth_resources_role` VALUES (1053, 936, 1, '2024-01-02 21:39:34', 0, '2024-01-02 21:39:34', 0, 0);
INSERT INTO `auth_resources_role` VALUES (1054, 937, 1, '2024-01-02 21:39:34', 0, '2024-01-02 21:39:34', 0, 0);
INSERT INTO `auth_resources_role` VALUES (1055, 938, 1, '2024-01-02 21:39:34', 0, '2024-01-02 21:39:34', 0, 0);
INSERT INTO `auth_resources_role` VALUES (1056, 939, 1, '2024-01-02 21:39:34', 0, '2024-01-02 21:39:34', 0, 0);
INSERT INTO `auth_resources_role` VALUES (1057, 940, 1, '2024-01-02 21:39:34', 0, '2024-01-02 21:39:34', 0, 0);
INSERT INTO `auth_resources_role` VALUES (1058, 941, 1, '2024-01-02 21:39:34', 0, '2024-01-02 21:39:34', 0, 0);
INSERT INTO `auth_resources_role` VALUES (1059, 942, 1, '2024-01-02 21:39:34', 0, '2024-01-02 21:39:34', 0, 0);
INSERT INTO `auth_resources_role` VALUES (1060, 943, 1, '2024-01-02 21:39:34', 0, '2024-01-02 21:39:34', 0, 0);
INSERT INTO `auth_resources_role` VALUES (1061, 944, 1, '2024-01-04 22:02:48', 0, '2024-01-04 22:02:48', 0, 0);
INSERT INTO `auth_resources_role` VALUES (1062, 945, 1, '2024-01-04 22:02:48', 0, '2024-01-04 22:02:48', 0, 0);
INSERT INTO `auth_resources_role` VALUES (1063, 946, 1, '2024-01-04 22:02:48', 0, '2024-01-04 22:02:48', 0, 0);
INSERT INTO `auth_resources_role` VALUES (1064, 947, 1, '2024-01-04 22:02:48', 0, '2024-01-04 22:02:48', 0, 0);
INSERT INTO `auth_resources_role` VALUES (1065, 948, 1, '2024-01-04 22:02:48', 0, '2024-01-04 22:02:48', 0, 0);
INSERT INTO `auth_resources_role` VALUES (1066, 949, 1, '2024-01-04 22:02:48', 0, '2024-01-04 22:02:48', 0, 0);
INSERT INTO `auth_resources_role` VALUES (1067, 950, 1, '2024-01-04 22:02:48', 0, '2024-01-04 22:02:48', 0, 0);
INSERT INTO `auth_resources_role` VALUES (1068, 951, 1, '2024-01-04 22:02:48', 0, '2024-01-04 22:02:48', 0, 0);
INSERT INTO `auth_resources_role` VALUES (1069, 952, 1, '2024-01-04 22:02:48', 0, '2024-01-04 22:02:48', 0, 0);
INSERT INTO `auth_resources_role` VALUES (1070, 953, 1, '2024-01-04 22:02:48', 0, '2024-01-04 22:02:48', 0, 0);
INSERT INTO `auth_resources_role` VALUES (1071, 777, 3, '2024-01-04 22:59:42', 1, '2024-01-04 22:59:42', 1, 0);
INSERT INTO `auth_resources_role` VALUES (1072, 778, 3, '2024-01-04 22:59:44', 1, '2024-01-04 22:59:44', 1, 0);
INSERT INTO `auth_resources_role` VALUES (1073, 783, 3, '2024-01-04 22:59:46', 1, '2024-01-04 22:59:46', 1, 0);
INSERT INTO `auth_resources_role` VALUES (1074, 776, 3, '2024-01-04 23:06:05', 1, '2024-01-04 23:06:05', 1, 0);
INSERT INTO `auth_resources_role` VALUES (1075, 779, 3, '2024-01-04 23:06:07', 1, '2024-01-04 23:06:07', 1, 0);
INSERT INTO `auth_resources_role` VALUES (1076, 781, 3, '2024-01-04 23:06:08', 1, '2024-01-04 23:06:08', 1, 0);
INSERT INTO `auth_resources_role` VALUES (1077, 784, 3, '2024-01-04 23:06:10', 1, '2024-01-04 23:06:10', 1, 0);
INSERT INTO `auth_resources_role` VALUES (1078, 787, 3, '2024-01-04 23:06:12', 1, '2024-01-04 23:06:12', 1, 0);
INSERT INTO `auth_resources_role` VALUES (1079, 789, 3, '2024-01-04 23:06:14', 1, '2024-01-04 23:06:14', 1, 0);
INSERT INTO `auth_resources_role` VALUES (1080, 790, 3, '2024-01-04 23:06:16', 1, '2024-01-04 23:06:16', 1, 0);
INSERT INTO `auth_resources_role` VALUES (1081, 791, 3, '2024-01-04 23:06:18', 1, '2024-01-04 23:06:18', 1, 0);
INSERT INTO `auth_resources_role` VALUES (1082, 792, 3, '2024-01-04 23:06:20', 1, '2024-01-04 23:06:20', 1, 0);
INSERT INTO `auth_resources_role` VALUES (1083, 793, 3, '2024-01-04 23:06:22', 1, '2024-01-04 23:06:22', 1, 0);
INSERT INTO `auth_resources_role` VALUES (1084, 795, 3, '2024-01-04 23:06:23', 1, '2024-01-04 23:06:23', 1, 0);
INSERT INTO `auth_resources_role` VALUES (1085, 797, 3, '2024-01-04 23:06:25', 1, '2024-01-04 23:06:25', 1, 0);
INSERT INTO `auth_resources_role` VALUES (1086, 800, 3, '2024-01-04 23:06:26', 1, '2024-01-04 23:06:26', 1, 0);
INSERT INTO `auth_resources_role` VALUES (1087, 806, 3, '2024-01-04 23:06:30', 1, '2024-01-04 23:06:30', 1, 0);
INSERT INTO `auth_resources_role` VALUES (1088, 808, 3, '2024-01-04 23:06:31', 1, '2024-01-04 23:06:31', 1, 0);
INSERT INTO `auth_resources_role` VALUES (1089, 810, 3, '2024-01-04 23:07:11', 1, '2024-01-04 23:07:11', 1, 0);
INSERT INTO `auth_resources_role` VALUES (1090, 818, 3, '2024-01-04 23:07:13', 1, '2024-01-04 23:07:13', 1, 0);
INSERT INTO `auth_resources_role` VALUES (1091, 820, 3, '2024-01-04 23:07:15', 1, '2024-01-04 23:07:15', 1, 0);
INSERT INTO `auth_resources_role` VALUES (1092, 829, 3, '2024-01-04 23:07:17', 1, '2024-01-04 23:07:17', 1, 0);
INSERT INTO `auth_resources_role` VALUES (1093, 831, 3, '2024-01-04 23:07:18', 1, '2024-01-04 23:07:18', 1, 0);
INSERT INTO `auth_resources_role` VALUES (1095, 841, 3, '2024-01-04 23:07:22', 1, '2024-01-04 23:07:22', 1, 0);
INSERT INTO `auth_resources_role` VALUES (1096, 843, 3, '2024-01-04 23:07:23', 1, '2024-01-04 23:07:23', 1, 0);
INSERT INTO `auth_resources_role` VALUES (1097, 857, 3, '2024-01-04 23:07:25', 1, '2024-01-04 23:07:25', 1, 0);
INSERT INTO `auth_resources_role` VALUES (1098, 859, 3, '2024-01-04 23:07:29', 1, '2024-01-04 23:07:29', 1, 0);
INSERT INTO `auth_resources_role` VALUES (1099, 869, 3, '2024-01-04 23:07:31', 1, '2024-01-04 23:07:31', 1, 0);
INSERT INTO `auth_resources_role` VALUES (1100, 871, 3, '2024-01-04 23:07:32', 1, '2024-01-04 23:07:32', 1, 0);
INSERT INTO `auth_resources_role` VALUES (1101, 880, 3, '2024-01-04 23:07:39', 1, '2024-01-04 23:07:39', 1, 0);
INSERT INTO `auth_resources_role` VALUES (1102, 882, 3, '2024-01-04 23:07:40', 1, '2024-01-04 23:07:40', 1, 0);
INSERT INTO `auth_resources_role` VALUES (1103, 894, 3, '2024-01-04 23:07:42', 1, '2024-01-04 23:07:42', 1, 0);
INSERT INTO `auth_resources_role` VALUES (1104, 896, 3, '2024-01-04 23:07:44', 1, '2024-01-04 23:07:44', 1, 0);
INSERT INTO `auth_resources_role` VALUES (1105, 907, 3, '2024-01-04 23:07:45', 1, '2024-01-04 23:07:45', 1, 0);
INSERT INTO `auth_resources_role` VALUES (1106, 909, 3, '2024-01-04 23:07:47', 1, '2024-01-04 23:07:47', 1, 0);
INSERT INTO `auth_resources_role` VALUES (1107, 927, 3, '2024-01-04 23:07:48', 1, '2024-01-04 23:07:48', 1, 0);
INSERT INTO `auth_resources_role` VALUES (1108, 928, 3, '2024-01-04 23:07:50', 1, '2024-01-04 23:07:50', 1, 0);
INSERT INTO `auth_resources_role` VALUES (1109, 936, 3, '2024-01-04 23:07:52', 1, '2024-01-04 23:07:52', 1, 0);
INSERT INTO `auth_resources_role` VALUES (1110, 937, 3, '2024-01-04 23:07:54', 1, '2024-01-04 23:07:54', 1, 0);
INSERT INTO `auth_resources_role` VALUES (1111, 945, 3, '2024-01-04 23:07:56', 1, '2024-01-04 23:07:56', 1, 0);
INSERT INTO `auth_resources_role` VALUES (1112, 947, 3, '2024-01-04 23:07:57', 1, '2024-01-04 23:07:57', 1, 0);
INSERT INTO `auth_resources_role` VALUES (1113, 838, 3, '2024-01-04 23:08:28', 1, '2024-01-04 23:08:28', 1, 0);
INSERT INTO `auth_resources_role` VALUES (1114, 839, 3, '2024-01-04 23:08:29', 1, '2024-01-04 23:08:29', 1, 0);
INSERT INTO `auth_resources_role` VALUES (1115, 840, 3, '2024-01-04 23:08:30', 1, '2024-01-04 23:08:30', 1, 0);
INSERT INTO `auth_resources_role` VALUES (1116, 844, 3, '2024-01-04 23:08:32', 1, '2024-01-04 23:08:32', 1, 0);
INSERT INTO `auth_resources_role` VALUES (1118, 845, 3, '2024-01-04 23:08:38', 1, '2024-01-04 23:08:38', 1, 0);
INSERT INTO `auth_resources_role` VALUES (1119, 846, 3, '2024-01-04 23:08:40', 1, '2024-01-04 23:08:40', 1, 0);
INSERT INTO `auth_resources_role` VALUES (1120, 851, 3, '2024-01-04 23:08:41', 1, '2024-01-04 23:08:41', 1, 0);
INSERT INTO `auth_resources_role` VALUES (1121, 954, 1, '2024-01-07 18:15:55', 0, '2024-01-07 18:15:55', 0, 0);
INSERT INTO `auth_resources_role` VALUES (1122, 955, 1, '2024-01-07 21:32:27', 0, '2024-01-07 21:32:27', 0, 0);
INSERT INTO `auth_resources_role` VALUES (1123, 956, 1, '2024-01-07 22:57:50', 0, '2024-01-07 22:57:50', 0, 0);
INSERT INTO `auth_resources_role` VALUES (1124, 957, 1, '2024-01-13 15:16:30', 0, '2024-01-13 15:16:30', 0, 0);
INSERT INTO `auth_resources_role` VALUES (1125, 958, 1, '2024-01-17 22:06:00', 0, '2024-01-17 22:06:00', 0, 0);
INSERT INTO `auth_resources_role` VALUES (1126, 959, 1, '2024-01-18 23:31:28', 0, '2024-01-18 23:31:28', 0, 0);
INSERT INTO `auth_resources_role` VALUES (1127, 960, 1, '2024-01-18 23:33:29', 0, '2024-01-18 23:33:29', 0, 0);
INSERT INTO `auth_resources_role` VALUES (1128, 961, 1, '2024-01-20 09:38:35', 0, '2024-01-20 09:38:35', 0, 0);
INSERT INTO `auth_resources_role` VALUES (1129, 962, 1, '2024-01-24 22:02:47', 0, '2024-01-24 22:02:47', 0, 0);

-- ----------------------------
-- Table structure for auth_role
-- ----------------------------
DROP TABLE IF EXISTS `auth_role`;
CREATE TABLE `auth_role`  (
  `id` int(11) NOT NULL AUTO_INCREMENT COMMENT '主键',
  `name` varchar(50) CHARACTER SET utf8 COLLATE utf8_general_ci NOT NULL COMMENT '角色名称',
  `description` varchar(255) CHARACTER SET utf8 COLLATE utf8_general_ci NOT NULL COMMENT '角色描述信息',
  `acquiescence` tinyint(1) NOT NULL DEFAULT 0 COMMENT '是否为默认角色，所有角色中只允许一个角色值为1(true)',
  `create_time` datetime(0) NOT NULL DEFAULT CURRENT_TIMESTAMP COMMENT '数据库数据插入时间',
  `create_user_id` int(11) NOT NULL DEFAULT 0 COMMENT '数据库数据插入用户主键',
  `update_time` datetime(0) NOT NULL DEFAULT CURRENT_TIMESTAMP ON UPDATE CURRENT_TIMESTAMP(0) COMMENT '数据库数据更新时间',
  `update_user_id` int(11) NOT NULL DEFAULT 0 COMMENT '数据库数据更新用户主键',
  `deleted` tinyint(1) NOT NULL DEFAULT 0 COMMENT '逻辑删除标识，0为正常，1为逻辑删除，默认为0',
  PRIMARY KEY (`id`) USING BTREE
) ENGINE = InnoDB AUTO_INCREMENT = 5 CHARACTER SET = utf8mb4 COLLATE = utf8mb4_general_ci COMMENT = '系统角色表' ROW_FORMAT = Compact;

-- ----------------------------
-- Records of auth_role
-- ----------------------------
INSERT INTO `auth_role` VALUES (1, 'root', 'root权限，系统的最高权限', 0, '2021-01-03 16:22:28', 0, '2021-06-14 19:10:20', 1, 0);
INSERT INTO `auth_role` VALUES (2, 'admin', 'admin权限，管理员权限', 0, '2021-01-03 16:33:03', 0, '2024-01-21 10:02:39', 1, 0);
INSERT INTO `auth_role` VALUES (3, 'user', '普通用户权限', 1, '2021-01-03 16:33:03', 0, '2024-01-01 21:46:12', 22, 0);
INSERT INTO `auth_role` VALUES (4, '回收站角色', '回收站角色', 0, '2024-01-26 22:21:07', 1, '2024-01-26 22:21:10', 1, 1);

-- ----------------------------
-- Table structure for auth_user
-- ----------------------------
DROP TABLE IF EXISTS `auth_user`;
CREATE TABLE `auth_user`  (
  `id` int(11) NOT NULL AUTO_INCREMENT COMMENT '账号在线人数',
  `username` varchar(50) CHARACTER SET utf8 COLLATE utf8_general_ci NOT NULL COMMENT '用户名称',
  `password` varchar(255) CHARACTER SET utf8 COLLATE utf8_general_ci NOT NULL COMMENT '用户密码',
  `enabled` tinyint(1) NOT NULL DEFAULT 1 COMMENT '账号是否启用，1为启用，0为禁用，默认为1',
  `locked` tinyint(1) NOT NULL DEFAULT 0 COMMENT '账号是否锁定，1为锁定，0为未锁定，默认为0',
  `account_expire` tinyint(1) NOT NULL DEFAULT 0 COMMENT '账号是否过期，1为过期，0为未过期，默认为0',
  `password_expire` tinyint(1) NOT NULL DEFAULT 0 COMMENT '密码是否过期，1为过期，0为未过期，默认为0',
  `type` varchar(50) CHARACTER SET utf8mb4 COLLATE utf8mb4_general_ci NOT NULL COMMENT '用户账号类型',
  `create_time` datetime(0) NOT NULL DEFAULT CURRENT_TIMESTAMP COMMENT '数据库数据插入时间',
  `create_user_id` int(11) NOT NULL DEFAULT 0 COMMENT '数据库数据插入用户主键',
  `update_time` datetime(0) NOT NULL DEFAULT CURRENT_TIMESTAMP ON UPDATE CURRENT_TIMESTAMP(0) COMMENT '数据库数据更新时间',
  `update_user_id` int(11) NOT NULL DEFAULT 0 COMMENT '数据库数据更新用户主键',
  `deleted` tinyint(1) NOT NULL DEFAULT 0 COMMENT '逻辑删除标识，0为正常，1为逻辑删除，默认为0',
  PRIMARY KEY (`id`) USING BTREE
) ENGINE = InnoDB AUTO_INCREMENT = 25 CHARACTER SET = utf8mb4 COLLATE = utf8mb4_general_ci COMMENT = '系统用户表' ROW_FORMAT = Compact;

-- ----------------------------
-- Records of auth_user
-- ----------------------------
INSERT INTO `auth_user` VALUES (1, 'root', 'bcb15f821479b4d5772bd0ca866c00ad5f926e3580720659cc80d39c9d09802a', 1, 0, 0, 0, 'PASSWORD', '2021-01-03 16:22:28', 0, '2024-01-01 21:03:39', 22, 0);
INSERT INTO `auth_user` VALUES (2, '零', 'bcb15f821479b4d5772bd0ca866c00ad5f926e3580720659cc80d39c9d09802a', 1, 0, 0, 0, 'PASSWORD', '2021-01-03 16:42:46', 1, '2024-01-07 14:02:29', 1, 0);
INSERT INTO `auth_user` VALUES (3, '天帝', 'bcb15f821479b4d5772bd0ca866c00ad5f926e3580720659cc80d39c9d09802a', 1, 0, 0, 0, 'PASSWORD', '2021-01-03 16:42:57', 1, '2024-01-01 21:03:39', 1, 0);
INSERT INTO `auth_user` VALUES (4, '彦', 'bcb15f821479b4d5772bd0ca866c00ad5f926e3580720659cc80d39c9d09802a', 1, 0, 0, 0, 'PASSWORD', '2021-01-03 16:43:06', 1, '2024-01-06 23:44:18', 1, 0);
INSERT INTO `auth_user` VALUES (5, '懒羊羊', 'bcb15f821479b4d5772bd0ca866c00ad5f926e3580720659cc80d39c9d09802a', 1, 0, 0, 0, 'PASSWORD', '2021-01-03 16:43:13', 1, '2024-01-07 14:35:54', 1, 0);
INSERT INTO `auth_user` VALUES (6, '修罗铠甲', 'bcb15f821479b4d5772bd0ca866c00ad5f926e3580720659cc80d39c9d09802a', 1, 0, 0, 0, 'PASSWORD', '2021-01-03 16:43:20', 1, '2024-01-01 21:03:39', 1, 0);
INSERT INTO `auth_user` VALUES (7, '喜羊羊', 'bcb15f821479b4d5772bd0ca866c00ad5f926e3580720659cc80d39c9d09802a', 1, 0, 0, 0, 'PASSWORD', '2021-01-03 16:43:33', 1, '2024-01-01 21:03:39', 1, 0);
INSERT INTO `auth_user` VALUES (8, '凉冰', 'bcb15f821479b4d5772bd0ca866c00ad5f926e3580720659cc80d39c9d09802a', 1, 0, 0, 0, 'PASSWORD', '2021-01-03 16:43:41', 1, '2024-01-01 21:03:39', 1, 0);
INSERT INTO `auth_user` VALUES (9, '凯莎女王', 'bcb15f821479b4d5772bd0ca866c00ad5f926e3580720659cc80d39c9d09802a', 1, 0, 0, 0, 'PASSWORD', '2021-01-03 16:43:51', 1, '2024-01-01 21:03:39', 1, 0);
INSERT INTO `auth_user` VALUES (10, '鹤熙', 'bcb15f821479b4d5772bd0ca866c00ad5f926e3580720659cc80d39c9d09802a', 1, 1, 0, 0, 'PASSWORD', '2021-01-03 16:43:59', 1, '2024-01-21 17:11:44', 1, 0);
INSERT INTO `auth_user` VALUES (11, '死神卡尔', 'bcb15f821479b4d5772bd0ca866c00ad5f926e3580720659cc80d39c9d09802a', 1, 0, 0, 0, 'PASSWORD', '2021-01-03 16:44:04', 1, '2024-01-01 21:03:39', 1, 0);
INSERT INTO `auth_user` VALUES (12, '帝蕾娜', 'bcb15f821479b4d5772bd0ca866c00ad5f926e3580720659cc80d39c9d09802a', 1, 0, 0, 0, 'PASSWORD', '2021-01-03 16:44:10', 1, '2024-01-01 21:03:39', 1, 0);
INSERT INTO `auth_user` VALUES (13, '刑天铠甲', 'bcb15f821479b4d5772bd0ca866c00ad5f926e3580720659cc80d39c9d09802a', 1, 0, 0, 0, 'PASSWORD', '2021-01-03 16:44:22', 1, '2024-01-01 21:03:39', 1, 0);
INSERT INTO `auth_user` VALUES (14, '飞影铠甲', 'bcb15f821479b4d5772bd0ca866c00ad5f926e3580720659cc80d39c9d09802a', 1, 0, 0, 0, 'PASSWORD', '2021-01-03 16:44:28', 1, '2024-01-01 21:03:39', 1, 0);
INSERT INTO `auth_user` VALUES (15, '孙悟空', 'bcb15f821479b4d5772bd0ca866c00ad5f926e3580720659cc80d39c9d09802a', 1, 0, 0, 0, 'PASSWORD', '2021-01-03 16:44:41', 1, '2024-01-01 21:03:39', 1, 0);
INSERT INTO `auth_user` VALUES (16, '天下谁人不识君', 'bcb15f821479b4d5772bd0ca866c00ad5f926e3580720659cc80d39c9d09802a', 1, 0, 0, 0, 'PASSWORD', '2021-01-03 16:44:49', 1, '2024-01-01 21:03:39', 1, 0);
INSERT INTO `auth_user` VALUES (17, '泽塔奥特曼', 'bcb15f821479b4d5772bd0ca866c00ad5f926e3580720659cc80d39c9d09802a', 1, 0, 0, 0, 'PASSWORD', '2021-01-03 16:44:56', 1, '2024-01-01 21:03:39', 1, 0);
INSERT INTO `auth_user` VALUES (18, '天使凯拉', 'bcb15f821479b4d5772bd0ca866c00ad5f926e3580720659cc80d39c9d09802a', 1, 0, 0, 0, 'PASSWORD', '2021-01-03 16:45:01', 1, '2024-01-01 21:03:39', 1, 0);
INSERT INTO `auth_user` VALUES (19, '波波', 'bcb15f821479b4d5772bd0ca866c00ad5f926e3580720659cc80d39c9d09802a', 1, 0, 0, 0, 'PASSWORD', '2021-01-03 16:45:07', 1, '2024-01-01 21:03:39', 1, 0);
INSERT INTO `auth_user` VALUES (20, '刘老板', 'bcb15f821479b4d5772bd0ca866c00ad5f926e3580720659cc80d39c9d09802a', 1, 0, 0, 0, 'PASSWORD', '2021-01-03 16:45:15', 1, '2024-01-01 21:03:39', 1, 0);
INSERT INTO `auth_user` VALUES (21, '池总', 'bcb15f821479b4d5772bd0ca866c00ad5f926e3580720659cc80d39c9d09802a', 1, 0, 0, 0, 'PASSWORD', '2021-01-03 16:45:33', 1, '2024-01-01 21:03:39', 1, 0);
INSERT INTO `auth_user` VALUES (22, 'user', 'bcb15f821479b4d5772bd0ca866c00ad5f926e3580720659cc80d39c9d09802a', 1, 0, 0, 0, 'PASSWORD', '2021-01-03 16:45:45', 1, '2024-01-01 21:03:39', 1, 0);
INSERT INTO `auth_user` VALUES (23, '赛罗奥特曼', 'bcb15f821479b4d5772bd0ca866c00ad5f926e3580720659cc80d39c9d09802a', 1, 0, 0, 0, 'PASSWORD', '2021-01-16 22:49:41', 1, '2024-01-20 19:13:02', 1, 1);
INSERT INTO `auth_user` VALUES (24, 'herenpeng', 'bcb15f821479b4d5772bd0ca866c00ad5f926e3580720659cc80d39c9d09802a', 1, 0, 0, 0, 'GITHUB', '2021-04-10 18:14:03', 0, '2023-12-31 17:09:35', 0, 0);

-- ----------------------------
-- Table structure for auth_user_info
-- ----------------------------
DROP TABLE IF EXISTS `auth_user_info`;
CREATE TABLE `auth_user_info`  (
  `id` int(11) NOT NULL AUTO_INCREMENT COMMENT '主键',
  `name` varchar(50) CHARACTER SET utf8mb4 COLLATE utf8mb4_general_ci NULL DEFAULT NULL COMMENT '用户姓名',
  `gender` tinyint(1) NULL DEFAULT NULL COMMENT '用户性别，1（true）为男，0（false）为女',
  `mobile` varchar(50) CHARACTER SET utf8mb4 COLLATE utf8mb4_general_ci NULL DEFAULT NULL COMMENT '用户手机号码',
  `mail` varchar(50) CHARACTER SET utf8mb4 COLLATE utf8mb4_general_ci NULL DEFAULT NULL COMMENT '用户邮箱地址',
  `birthday` date NULL DEFAULT NULL COMMENT '用户出生日期',
  `id_number` varchar(50) CHARACTER SET utf8mb4 COLLATE utf8mb4_general_ci NULL DEFAULT NULL COMMENT '用户身份证号码',
  `qq` varchar(50) CHARACTER SET utf8mb4 COLLATE utf8mb4_general_ci NULL DEFAULT NULL COMMENT '用户QQ号码',
  `we_chat` varchar(50) CHARACTER SET utf8mb4 COLLATE utf8mb4_general_ci NULL DEFAULT NULL COMMENT '用户微信号码',
  `avatar` varchar(500) CHARACTER SET utf8mb4 COLLATE utf8mb4_general_ci NULL DEFAULT NULL COMMENT '用户头像路径',
  `create_time` datetime(0) NOT NULL DEFAULT CURRENT_TIMESTAMP COMMENT '数据库数据插入时间',
  `create_user_id` int(11) NOT NULL DEFAULT 0 COMMENT '数据库数据插入用户主键',
  `update_time` datetime(0) NOT NULL DEFAULT CURRENT_TIMESTAMP ON UPDATE CURRENT_TIMESTAMP(0) COMMENT '数据库数据更新时间',
  `update_user_id` int(11) NOT NULL DEFAULT 0 COMMENT '数据库数据更新用户主键',
  `deleted` tinyint(1) NOT NULL DEFAULT 0 COMMENT '逻辑删除标识，0为正常，1为逻辑删除，默认为0',
  PRIMARY KEY (`id`) USING BTREE
) ENGINE = InnoDB AUTO_INCREMENT = 25 CHARACTER SET = utf8mb4 COLLATE = utf8mb4_general_ci COMMENT = '系统用户信息表' ROW_FORMAT = Compact;

-- ----------------------------
-- Records of auth_user_info
-- ----------------------------
INSERT INTO `auth_user_info` VALUES (1, '何任鹏', 1, '17345671234', '2519832582@qq.com', '2021-01-17', '360733202101014219', '2519832582', 'H2519832582', 'http://127.0.0.1:10000/api/image/2021/11/6/507bcc9a-1531-4aae-b2fb-43ff844fdc94.jpg', '2021-01-12 22:54:06', 1, '2024-01-20 21:43:13', 1, 0);
INSERT INTO `auth_user_info` VALUES (2, NULL, NULL, NULL, NULL, NULL, NULL, NULL, NULL, NULL, '2021-01-16 22:42:51', 0, '2021-01-16 22:42:51', 0, 0);
INSERT INTO `auth_user_info` VALUES (3, NULL, NULL, NULL, NULL, NULL, NULL, NULL, NULL, NULL, '2021-01-16 22:42:53', 0, '2021-01-16 22:42:53', 0, 0);
INSERT INTO `auth_user_info` VALUES (4, NULL, NULL, NULL, NULL, NULL, NULL, NULL, NULL, NULL, '2021-01-16 22:42:56', 0, '2021-01-16 22:42:56', 0, 0);
INSERT INTO `auth_user_info` VALUES (5, NULL, NULL, NULL, NULL, NULL, NULL, NULL, NULL, NULL, '2021-01-16 22:44:07', 0, '2021-01-16 22:44:07', 0, 0);
INSERT INTO `auth_user_info` VALUES (6, NULL, NULL, NULL, NULL, NULL, NULL, NULL, NULL, NULL, '2021-01-16 22:44:07', 0, '2021-01-16 22:44:07', 0, 0);
INSERT INTO `auth_user_info` VALUES (7, NULL, NULL, NULL, NULL, NULL, NULL, NULL, NULL, NULL, '2021-01-16 22:44:07', 0, '2021-01-16 22:44:07', 0, 0);
INSERT INTO `auth_user_info` VALUES (8, NULL, NULL, NULL, NULL, NULL, NULL, NULL, NULL, NULL, '2021-01-16 22:44:07', 0, '2021-01-16 22:44:07', 0, 0);
INSERT INTO `auth_user_info` VALUES (9, NULL, NULL, NULL, NULL, NULL, NULL, NULL, NULL, NULL, '2021-01-16 22:44:07', 0, '2021-01-16 22:44:07', 0, 0);
INSERT INTO `auth_user_info` VALUES (10, NULL, NULL, NULL, NULL, NULL, NULL, NULL, NULL, NULL, '2021-01-16 22:44:07', 0, '2021-01-16 22:44:07', 0, 0);
INSERT INTO `auth_user_info` VALUES (11, NULL, NULL, NULL, NULL, NULL, NULL, NULL, NULL, NULL, '2021-01-16 22:44:07', 0, '2021-01-16 22:44:07', 0, 0);
INSERT INTO `auth_user_info` VALUES (12, NULL, NULL, NULL, NULL, NULL, NULL, NULL, NULL, NULL, '2021-01-16 22:44:07', 0, '2021-01-16 22:44:07', 0, 0);
INSERT INTO `auth_user_info` VALUES (13, NULL, NULL, NULL, NULL, NULL, NULL, NULL, NULL, NULL, '2021-01-16 22:44:07', 0, '2021-01-16 22:44:07', 0, 0);
INSERT INTO `auth_user_info` VALUES (14, NULL, NULL, NULL, NULL, NULL, NULL, NULL, NULL, NULL, '2021-01-16 22:44:07', 0, '2021-01-16 22:44:07', 0, 0);
INSERT INTO `auth_user_info` VALUES (15, NULL, NULL, NULL, NULL, NULL, NULL, NULL, NULL, NULL, '2021-01-16 22:44:30', 0, '2021-01-16 22:44:30', 0, 0);
INSERT INTO `auth_user_info` VALUES (16, NULL, NULL, NULL, NULL, NULL, NULL, NULL, NULL, NULL, '2021-01-16 22:44:30', 0, '2021-01-16 22:44:30', 0, 0);
INSERT INTO `auth_user_info` VALUES (17, NULL, NULL, NULL, NULL, NULL, NULL, NULL, NULL, NULL, '2021-01-16 22:44:30', 0, '2021-01-16 22:44:30', 0, 0);
INSERT INTO `auth_user_info` VALUES (18, NULL, NULL, NULL, NULL, NULL, NULL, NULL, NULL, NULL, '2021-01-16 22:44:30', 0, '2021-01-16 22:44:30', 0, 0);
INSERT INTO `auth_user_info` VALUES (19, NULL, NULL, NULL, NULL, NULL, NULL, NULL, NULL, NULL, '2021-01-16 22:44:30', 0, '2021-01-16 22:44:30', 0, 0);
INSERT INTO `auth_user_info` VALUES (20, NULL, NULL, NULL, NULL, NULL, NULL, NULL, NULL, NULL, '2021-01-16 22:44:30', 0, '2021-01-16 22:44:30', 0, 0);
INSERT INTO `auth_user_info` VALUES (21, NULL, NULL, NULL, NULL, NULL, NULL, NULL, NULL, NULL, '2021-01-16 22:44:30', 0, '2021-01-16 22:44:30', 0, 0);
INSERT INTO `auth_user_info` VALUES (22, NULL, 1, NULL, 'he.ren.peng@qq.com', NULL, NULL, NULL, NULL, 'http://127.0.0.1:10000/api/image/2021/11/2/4401b2ef-0179-40f3-ab4c-3909a85a938b.jpg', '2021-01-16 22:44:30', 0, '2021-11-02 23:05:59', 22, 0);
INSERT INTO `auth_user_info` VALUES (23, NULL, NULL, NULL, NULL, NULL, NULL, NULL, NULL, NULL, '2021-01-16 22:49:41', 1, '2021-01-16 22:49:41', 1, 0);
INSERT INTO `auth_user_info` VALUES (24, NULL, NULL, NULL, NULL, NULL, NULL, NULL, NULL, 'https://avatars.githubusercontent.com/u/60246991?v=4', '2021-04-10 18:14:03', 0, '2021-04-10 18:14:03', 0, 0);

-- ----------------------------
-- Table structure for auth_user_role
-- ----------------------------
DROP TABLE IF EXISTS `auth_user_role`;
CREATE TABLE `auth_user_role`  (
  `id` int(11) NOT NULL AUTO_INCREMENT COMMENT '主键',
  `user_id` int(11) NOT NULL COMMENT '用户主键',
  `role_id` int(11) NOT NULL COMMENT '角色主键',
  `create_time` datetime(0) NOT NULL DEFAULT CURRENT_TIMESTAMP COMMENT '数据库数据插入时间',
  `create_user_id` int(11) NOT NULL DEFAULT 0 COMMENT '数据库数据插入用户主键',
  `update_time` datetime(0) NOT NULL DEFAULT CURRENT_TIMESTAMP ON UPDATE CURRENT_TIMESTAMP(0) COMMENT '数据库数据更新时间',
  `update_user_id` int(11) NOT NULL DEFAULT 0 COMMENT '数据库数据更新用户主键',
  `deleted` tinyint(1) NOT NULL DEFAULT 0 COMMENT '逻辑删除标识，0为正常，1为逻辑删除，默认为0',
  PRIMARY KEY (`id`) USING BTREE
) ENGINE = InnoDB AUTO_INCREMENT = 26 CHARACTER SET = utf8mb4 COLLATE = utf8mb4_general_ci COMMENT = '用户角色关系表' ROW_FORMAT = Compact;

-- ----------------------------
-- Records of auth_user_role
-- ----------------------------
INSERT INTO `auth_user_role` VALUES (1, 1, 1, '2021-04-10 17:33:52', 0, '2021-04-10 17:33:52', 0, 0);
INSERT INTO `auth_user_role` VALUES (2, 2, 3, '2021-04-10 17:35:48', 1, '2021-04-10 17:35:48', 1, 0);
INSERT INTO `auth_user_role` VALUES (3, 3, 3, '2021-04-10 17:35:50', 1, '2021-04-10 17:35:50', 1, 0);
INSERT INTO `auth_user_role` VALUES (4, 4, 3, '2021-04-10 17:35:52', 1, '2021-04-10 17:35:52', 1, 0);
INSERT INTO `auth_user_role` VALUES (5, 5, 3, '2021-04-10 17:35:53', 1, '2021-04-10 17:35:53', 1, 0);
INSERT INTO `auth_user_role` VALUES (6, 6, 3, '2021-04-10 17:35:56', 1, '2021-04-10 17:35:56', 1, 0);
INSERT INTO `auth_user_role` VALUES (7, 7, 3, '2021-04-10 17:35:58', 1, '2021-04-10 17:35:58', 1, 0);
INSERT INTO `auth_user_role` VALUES (8, 8, 3, '2021-04-10 17:36:00', 1, '2021-04-10 17:36:00', 1, 0);
INSERT INTO `auth_user_role` VALUES (9, 9, 3, '2021-04-10 17:36:02', 1, '2021-04-10 17:36:02', 1, 0);
INSERT INTO `auth_user_role` VALUES (10, 10, 3, '2021-04-10 17:36:03', 1, '2021-04-10 17:36:03', 1, 0);
INSERT INTO `auth_user_role` VALUES (11, 11, 3, '2021-04-10 17:36:06', 1, '2021-04-10 17:36:06', 1, 0);
INSERT INTO `auth_user_role` VALUES (12, 12, 3, '2021-04-10 17:36:08', 1, '2021-04-10 17:36:08', 1, 0);
INSERT INTO `auth_user_role` VALUES (13, 13, 3, '2021-04-10 17:36:09', 1, '2021-04-10 17:36:09', 1, 0);
INSERT INTO `auth_user_role` VALUES (14, 14, 3, '2021-04-10 17:36:10', 1, '2021-04-10 17:36:10', 1, 0);
INSERT INTO `auth_user_role` VALUES (15, 15, 3, '2021-04-10 17:36:12', 1, '2021-04-10 17:36:12', 1, 0);
INSERT INTO `auth_user_role` VALUES (16, 16, 3, '2021-04-10 17:36:13', 1, '2021-04-10 17:36:13', 1, 0);
INSERT INTO `auth_user_role` VALUES (17, 17, 3, '2021-04-10 17:36:15', 1, '2021-04-10 17:36:15', 1, 0);
INSERT INTO `auth_user_role` VALUES (18, 18, 3, '2021-04-10 17:36:16', 1, '2021-04-10 17:36:16', 1, 0);
INSERT INTO `auth_user_role` VALUES (19, 19, 3, '2021-04-10 17:36:18', 1, '2021-04-10 17:36:18', 1, 0);
INSERT INTO `auth_user_role` VALUES (20, 20, 3, '2021-04-10 17:36:19', 1, '2021-04-10 17:36:19', 1, 0);
INSERT INTO `auth_user_role` VALUES (21, 21, 3, '2021-04-10 17:36:22', 1, '2021-04-10 17:36:22', 1, 0);
INSERT INTO `auth_user_role` VALUES (22, 22, 3, '2021-04-10 17:36:24', 1, '2021-04-10 17:36:24', 1, 0);
INSERT INTO `auth_user_role` VALUES (23, 24, 3, '2021-04-10 18:14:03', 0, '2021-04-10 18:14:03', 0, 0);
INSERT INTO `auth_user_role` VALUES (25, 23, 3, '2024-01-20 19:12:59', 1, '2024-01-20 19:12:59', 1, 0);

-- ----------------------------
-- Table structure for dev_table_column
-- ----------------------------
DROP TABLE IF EXISTS `dev_table_column`;
CREATE TABLE `dev_table_column`  (
  `id` int(11) NOT NULL AUTO_INCREMENT COMMENT '主键',
  `name` varchar(50) CHARACTER SET utf8 COLLATE utf8_general_ci NOT NULL COMMENT '字段名称',
  `database_type` varchar(50) CHARACTER SET utf8 COLLATE utf8_general_ci NOT NULL COMMENT '字段类型',
  `comment` varchar(255) CHARACTER SET utf8 COLLATE utf8_general_ci NOT NULL COMMENT '字段注释',
  `java_name` varchar(50) CHARACTER SET utf8 COLLATE utf8_general_ci NOT NULL COMMENT 'Java属性名称',
  `java_type` varchar(50) CHARACTER SET utf8 COLLATE utf8_general_ci NOT NULL COMMENT '数据类型对应的Java类型',
  `jdbc_type` varchar(50) CHARACTER SET utf8 COLLATE utf8_general_ci NOT NULL COMMENT '数据类型对应的jdbc类型',
  `query` tinyint(1) NOT NULL DEFAULT 0 COMMENT '是否为查询字段',
  `sort` int(11) NOT NULL COMMENT '字段排序顺序，数据库默认升序排序',
  `table_info_id` int(11) NOT NULL COMMENT '表信息主键，关联dev_table_info表的主键',
  `create_time` datetime(0) NOT NULL DEFAULT CURRENT_TIMESTAMP COMMENT '数据库数据插入时间',
  `create_user_id` int(11) NOT NULL DEFAULT 0 COMMENT '数据库数据插入用户主键',
  `update_time` datetime(0) NOT NULL DEFAULT CURRENT_TIMESTAMP ON UPDATE CURRENT_TIMESTAMP(0) COMMENT '数据库数据更新时间',
  `update_user_id` int(11) NOT NULL DEFAULT 0 COMMENT '数据库数据更新用户主键',
  `deleted` tinyint(1) NOT NULL DEFAULT 0 COMMENT '逻辑删除标识，0为正常，1为逻辑删除，默认为0',
  PRIMARY KEY (`id`) USING BTREE
) ENGINE = InnoDB AUTO_INCREMENT = 68 CHARACTER SET = utf8mb4 COLLATE = utf8mb4_general_ci COMMENT = '系统数据库表字段信息表' ROW_FORMAT = Compact;

-- ----------------------------
-- Records of dev_table_column
-- ----------------------------
INSERT INTO `dev_table_column` VALUES (1, 'id', 'int(11)', '主键', 'id', 'Integer', 'INTEGER', 0, 1, 1, '2021-04-16 20:33:26', 1, '2021-04-16 20:33:26', 1, 0);
INSERT INTO `dev_table_column` VALUES (2, 'user_id', 'int(11)', '登录用户主键', 'userId', 'Integer', 'INTEGER', 0, 2, 1, '2021-04-16 20:33:26', 1, '2021-04-16 20:33:26', 1, 0);
INSERT INTO `dev_table_column` VALUES (3, 'ip', 'varchar(50)', '登录的IP地址', 'ip', 'String', 'VARCHAR', 0, 3, 1, '2021-04-16 20:33:26', 1, '2021-04-16 20:33:26', 1, 0);
INSERT INTO `dev_table_column` VALUES (4, 'country', 'varchar(100)', '登录现实地址，国家', 'country', 'String', 'VARCHAR', 0, 4, 1, '2021-04-16 20:33:26', 1, '2021-04-16 20:33:26', 1, 0);
INSERT INTO `dev_table_column` VALUES (5, 'region', 'varchar(100)', '登录现实地址，区域，省', 'region', 'String', 'VARCHAR', 0, 5, 1, '2021-04-16 20:33:26', 1, '2021-04-16 20:33:26', 1, 0);
INSERT INTO `dev_table_column` VALUES (6, 'city', 'varchar(100)', '登录现实地址，城市', 'city', 'String', 'VARCHAR', 0, 6, 1, '2021-04-16 20:33:26', 1, '2021-04-16 20:33:26', 1, 0);
INSERT INTO `dev_table_column` VALUES (7, 'isp', 'varchar(100)', '因特网提供商', 'isp', 'String', 'VARCHAR', 0, 7, 1, '2021-04-16 20:33:26', 1, '2021-04-16 20:33:26', 1, 0);
INSERT INTO `dev_table_column` VALUES (8, 'login_time', 'datetime', '登录时间', 'loginTime', 'Date', 'TIMESTAMP', 0, 8, 1, '2021-04-16 20:33:26', 1, '2021-04-16 20:33:26', 1, 0);
INSERT INTO `dev_table_column` VALUES (9, 'token_id', 'varchar(100)', 'tokenId', 'tokenId', 'String', 'VARCHAR', 0, 9, 1, '2021-04-16 20:33:26', 1, '2021-04-16 20:33:26', 1, 0);
INSERT INTO `dev_table_column` VALUES (10, 'logout_time', 'datetime', '登出时间，默认为登录时间+token失效时间，登出时更新', 'logoutTime', 'Date', 'TIMESTAMP', 0, 10, 1, '2021-04-16 20:33:26', 1, '2021-04-16 20:33:26', 1, 0);
INSERT INTO `dev_table_column` VALUES (11, 'logout', 'tinyint(1)', '是否主动登出，默认为0', 'logout', 'Boolean', 'BOOLEAN', 0, 11, 1, '2021-04-16 20:33:26', 1, '2021-04-16 20:33:26', 1, 0);
INSERT INTO `dev_table_column` VALUES (12, 'create_time', 'datetime', '数据库数据插入时间', 'createTime', 'Date', 'TIMESTAMP', 0, 12, 1, '2021-04-16 20:33:26', 1, '2021-04-16 20:33:26', 1, 0);
INSERT INTO `dev_table_column` VALUES (13, 'create_user_id', 'int(11)', '数据库数据插入用户主键', 'createUserId', 'Integer', 'INTEGER', 0, 13, 1, '2021-04-16 20:33:26', 1, '2021-04-16 20:33:26', 1, 0);
INSERT INTO `dev_table_column` VALUES (14, 'update_time', 'datetime', '数据库数据更新时间', 'updateTime', 'Date', 'TIMESTAMP', 0, 14, 1, '2021-04-16 20:33:26', 1, '2021-04-16 20:33:26', 1, 0);
INSERT INTO `dev_table_column` VALUES (15, 'update_user_id', 'int(11)', '数据库数据更新用户主键', 'updateUserId', 'Integer', 'INTEGER', 0, 15, 1, '2021-04-16 20:33:26', 1, '2021-04-16 20:33:26', 1, 0);
INSERT INTO `dev_table_column` VALUES (16, 'deleted', 'tinyint(1)', '逻辑删除标识，0为正常，1为逻辑删除，默认为0', 'deleted', 'Boolean', 'BOOLEAN', 0, 16, 1, '2021-04-16 20:33:26', 1, '2021-04-16 20:33:26', 1, 0);
INSERT INTO `dev_table_column` VALUES (17, 'id', 'int(11)', '主键', 'id', 'Integer', 'INTEGER', 0, 1, 2, '2021-06-05 21:07:26', 22, '2021-06-05 21:07:26', 22, 0);
INSERT INTO `dev_table_column` VALUES (18, 'key', 'varchar(50)', '常量键值，标识，唯一', 'key', 'String', 'VARCHAR', 1, 2, 2, '2021-06-05 21:07:26', 22, '2021-06-05 21:09:03', 22, 0);
INSERT INTO `dev_table_column` VALUES (19, 'description', 'varchar(255)', '键值描述信息', 'description', 'String', 'VARCHAR', 1, 3, 2, '2021-06-05 21:07:26', 22, '2021-06-05 21:09:06', 22, 0);
INSERT INTO `dev_table_column` VALUES (20, 'default_value', 'varchar(50)', '系统配置的默认值', 'defaultValue', 'String', 'VARCHAR', 0, 4, 2, '2021-06-05 21:07:26', 22, '2021-06-05 21:07:26', 22, 0);
INSERT INTO `dev_table_column` VALUES (21, 'create_time', 'datetime', '数据库数据插入时间', 'createTime', 'Date', 'TIMESTAMP', 0, 5, 2, '2021-06-05 21:07:26', 22, '2021-06-05 21:07:26', 22, 0);
INSERT INTO `dev_table_column` VALUES (22, 'create_user_id', 'int(11)', '数据库数据插入用户主键', 'createUserId', 'Integer', 'INTEGER', 0, 6, 2, '2021-06-05 21:07:26', 22, '2021-06-05 21:07:26', 22, 0);
INSERT INTO `dev_table_column` VALUES (23, 'update_time', 'datetime', '数据库数据更新时间', 'updateTime', 'Date', 'TIMESTAMP', 0, 7, 2, '2021-06-05 21:07:26', 22, '2021-06-05 21:07:26', 22, 0);
INSERT INTO `dev_table_column` VALUES (24, 'update_user_id', 'int(11)', '数据库数据更新用户主键', 'updateUserId', 'Integer', 'INTEGER', 0, 8, 2, '2021-06-05 21:07:26', 22, '2021-06-05 21:07:26', 22, 0);
INSERT INTO `dev_table_column` VALUES (25, 'deleted', 'tinyint(1)', '逻辑删除标识，0为正常，1为逻辑删除，默认为0', 'deleted', 'Boolean', 'BOOLEAN', 0, 9, 2, '2021-06-05 21:07:27', 22, '2021-06-05 21:07:27', 22, 0);
INSERT INTO `dev_table_column` VALUES (26, 'id', 'int(11)', '主键', 'id', 'Integer', 'INTEGER', 0, 1, 3, '2021-06-05 22:27:41', 1, '2021-06-05 22:27:41', 1, 0);
INSERT INTO `dev_table_column` VALUES (27, 'key', 'varchar(50)', '常量键值，标识，唯一', 'key', 'String', 'VARCHAR', 1, 2, 3, '2021-06-05 22:27:41', 1, '2021-06-05 22:29:25', 1, 0);
INSERT INTO `dev_table_column` VALUES (28, 'description', 'varchar(255)', '键值描述信息', 'description', 'String', 'VARCHAR', 1, 3, 3, '2021-06-05 22:27:41', 1, '2021-06-05 22:29:28', 1, 0);
INSERT INTO `dev_table_column` VALUES (29, 'default_value', 'varchar(50)', '系统配置的默认值', 'defaultValue', 'String', 'VARCHAR', 0, 4, 3, '2021-06-05 22:27:41', 1, '2021-06-05 22:27:41', 1, 0);
INSERT INTO `dev_table_column` VALUES (30, 'userable', 'tinyint(1)', '用户可配置，true为可配置，false为不可配置', 'userable', 'Boolean', 'BOOLEAN', 1, 5, 3, '2021-06-05 22:27:41', 1, '2021-06-05 22:29:32', 1, 0);
INSERT INTO `dev_table_column` VALUES (31, 'create_time', 'datetime', '数据库数据插入时间', 'createTime', 'Date', 'TIMESTAMP', 0, 6, 3, '2021-06-05 22:27:41', 1, '2021-06-05 22:27:41', 1, 0);
INSERT INTO `dev_table_column` VALUES (32, 'create_user_id', 'int(11)', '数据库数据插入用户主键', 'createUserId', 'Integer', 'INTEGER', 0, 7, 3, '2021-06-05 22:27:41', 1, '2021-06-05 22:27:41', 1, 0);
INSERT INTO `dev_table_column` VALUES (33, 'update_time', 'datetime', '数据库数据更新时间', 'updateTime', 'Date', 'TIMESTAMP', 0, 8, 3, '2021-06-05 22:27:41', 1, '2021-06-05 22:27:41', 1, 0);
INSERT INTO `dev_table_column` VALUES (34, 'update_user_id', 'int(11)', '数据库数据更新用户主键', 'updateUserId', 'Integer', 'INTEGER', 0, 9, 3, '2021-06-05 22:27:41', 1, '2021-06-05 22:27:41', 1, 0);
INSERT INTO `dev_table_column` VALUES (35, 'deleted', 'tinyint(1)', '逻辑删除标识，0为正常，1为逻辑删除，默认为0', 'deleted', 'Boolean', 'BOOLEAN', 0, 10, 3, '2021-06-05 22:27:41', 1, '2021-06-05 22:27:41', 1, 0);
INSERT INTO `dev_table_column` VALUES (36, 'id', 'int(11)', '主键', 'id', 'Integer', 'INTEGER', 0, 1, 4, '2021-06-06 17:37:53', 1, '2021-06-06 17:37:53', 1, 0);
INSERT INTO `dev_table_column` VALUES (37, 'user_id', 'int(11)', '用户主键', 'userId', 'Integer', 'INTEGER', 1, 2, 4, '2021-06-06 17:37:53', 1, '2021-06-06 17:42:15', 1, 0);
INSERT INTO `dev_table_column` VALUES (38, 'config_id', 'int(11)', '配置主键', 'configId', 'Integer', 'INTEGER', 1, 3, 4, '2021-06-06 17:37:53', 1, '2021-06-06 17:42:20', 1, 0);
INSERT INTO `dev_table_column` VALUES (39, 'value', 'varchar(50)', '用户配置值', 'value', 'String', 'VARCHAR', 0, 4, 4, '2021-06-06 17:37:53', 1, '2021-06-06 17:37:53', 1, 0);
INSERT INTO `dev_table_column` VALUES (40, 'create_time', 'datetime', '数据库数据插入时间', 'createTime', 'Date', 'TIMESTAMP', 0, 5, 4, '2021-06-06 17:37:53', 1, '2021-06-06 17:37:53', 1, 0);
INSERT INTO `dev_table_column` VALUES (41, 'create_user_id', 'int(11)', '数据库数据插入用户主键', 'createUserId', 'Integer', 'INTEGER', 0, 6, 4, '2021-06-06 17:37:53', 1, '2021-06-06 17:37:53', 1, 0);
INSERT INTO `dev_table_column` VALUES (42, 'update_time', 'datetime', '数据库数据更新时间', 'updateTime', 'Date', 'TIMESTAMP', 0, 7, 4, '2021-06-06 17:37:53', 1, '2021-06-06 17:37:53', 1, 0);
INSERT INTO `dev_table_column` VALUES (43, 'update_user_id', 'int(11)', '数据库数据更新用户主键', 'updateUserId', 'Integer', 'INTEGER', 0, 8, 4, '2021-06-06 17:37:53', 1, '2021-06-06 17:37:53', 1, 0);
INSERT INTO `dev_table_column` VALUES (44, 'deleted', 'tinyint(1)', '逻辑删除标识，0为正常，1为逻辑删除，默认为0', 'deleted', 'Boolean', 'BOOLEAN', 0, 9, 4, '2021-06-06 17:37:53', 1, '2021-06-06 17:37:53', 1, 0);
INSERT INTO `dev_table_column` VALUES (45, 'id', 'int', '主键', 'id', 'Integer', 'INTEGER', 0, 1, 5, '2023-09-03 16:19:53', 22, '2023-09-03 16:19:53', 22, 0);
INSERT INTO `dev_table_column` VALUES (46, 'name', 'varchar', '组织机构名称', 'name', 'String', 'VARCHAR', 1, 2, 5, '2023-09-03 16:19:53', 22, '2023-09-03 16:30:39', 1, 0);
INSERT INTO `dev_table_column` VALUES (47, 'sort', 'int', '组织机构排序', 'sort', 'Integer', 'INTEGER', 0, 3, 5, '2023-09-03 16:19:53', 22, '2023-09-03 16:30:46', 1, 0);
INSERT INTO `dev_table_column` VALUES (48, 'parent_id', 'int', '父级组织机构主键，如果为顶级组织机构，值为0', 'parentId', 'Integer', 'INTEGER', 0, 4, 5, '2023-09-03 16:19:53', 22, '2023-09-03 16:19:53', 22, 0);
INSERT INTO `dev_table_column` VALUES (49, 'create_time', 'datetime', '数据库数据插入时间', 'createTime', 'Date', 'TIMESTAMP', 0, 5, 5, '2023-09-03 16:19:53', 22, '2023-09-03 16:19:53', 22, 0);
INSERT INTO `dev_table_column` VALUES (50, 'create_user_id', 'int', '数据库数据插入用户主键', 'createUserId', 'Integer', 'INTEGER', 0, 6, 5, '2023-09-03 16:19:54', 22, '2023-09-03 16:19:54', 22, 0);
INSERT INTO `dev_table_column` VALUES (51, 'update_time', 'datetime', '数据库数据更新时间', 'updateTime', 'Date', 'TIMESTAMP', 0, 7, 5, '2023-09-03 16:19:54', 22, '2023-09-03 16:19:54', 22, 0);
INSERT INTO `dev_table_column` VALUES (52, 'update_user_id', 'int', '数据库数据更新用户主键', 'updateUserId', 'Integer', 'INTEGER', 0, 8, 5, '2023-09-03 16:19:54', 22, '2023-09-03 16:19:54', 22, 0);
INSERT INTO `dev_table_column` VALUES (53, 'deleted', 'tinyint', '逻辑删除标识，0为正常，1为逻辑删除，默认为0', 'deleted', 'Boolean', 'BOOLEAN', 0, 9, 5, '2023-09-03 16:19:54', 22, '2023-09-03 16:19:54', 22, 0);
INSERT INTO `dev_table_column` VALUES (54, 'id', 'int', '主键', 'id', 'Integer', 'INTEGER', 0, 1, 6, '2024-01-20 10:18:29', 1, '2024-01-20 10:18:29', 1, 0);
INSERT INTO `dev_table_column` VALUES (55, 'path', 'varchar', '菜单路由路径', 'path', 'String', 'VARCHAR', 0, 2, 6, '2024-01-20 10:18:29', 1, '2024-01-20 10:18:29', 1, 0);
INSERT INTO `dev_table_column` VALUES (56, 'name', 'varchar', '菜单模块名称', 'name', 'String', 'VARCHAR', 0, 3, 6, '2024-01-20 10:18:29', 1, '2024-01-20 10:18:29', 1, 0);
INSERT INTO `dev_table_column` VALUES (57, 'meta_title', 'varchar', '菜单名称', 'metaTitle', 'String', 'VARCHAR', 0, 4, 6, '2024-01-20 10:18:29', 1, '2024-01-20 10:18:29', 1, 0);
INSERT INTO `dev_table_column` VALUES (58, 'meta_icon', 'varchar', '菜单图标', 'metaIcon', 'String', 'VARCHAR', 0, 5, 6, '2024-01-20 10:18:29', 1, '2024-01-20 10:18:29', 1, 0);
INSERT INTO `dev_table_column` VALUES (59, 'sort', 'int', '菜单排序', 'sort', 'Integer', 'INTEGER', 0, 6, 6, '2024-01-20 10:18:29', 1, '2024-01-20 10:18:29', 1, 0);
INSERT INTO `dev_table_column` VALUES (60, 'hidden', 'tinyint', '菜单是否隐藏，0(false)为正常，1(true)为隐藏', 'hidden', 'Boolean', 'BOOLEAN', 0, 7, 6, '2024-01-20 10:18:29', 1, '2024-01-20 10:18:29', 1, 0);
INSERT INTO `dev_table_column` VALUES (61, 'enabled', 'tinyint', '菜单是否启用，0(false)为禁用，1(true)为启用', 'enabled', 'Boolean', 'BOOLEAN', 0, 8, 6, '2024-01-20 10:18:29', 1, '2024-01-20 10:18:29', 1, 0);
INSERT INTO `dev_table_column` VALUES (62, 'parent_id', 'int', '父级菜单主键，如果为顶级菜单，值为0', 'parentId', 'Integer', 'INTEGER', 0, 9, 6, '2024-01-20 10:18:29', 1, '2024-01-20 10:18:29', 1, 0);
INSERT INTO `dev_table_column` VALUES (63, 'create_time', 'datetime', '数据库数据插入时间', 'createTime', 'Date', 'TIMESTAMP', 0, 10, 6, '2024-01-20 10:18:29', 1, '2024-01-20 10:18:29', 1, 0);
INSERT INTO `dev_table_column` VALUES (64, 'create_user_id', 'int', '数据库数据插入用户主键', 'createUserId', 'Integer', 'INTEGER', 0, 11, 6, '2024-01-20 10:18:29', 1, '2024-01-20 10:18:29', 1, 0);
INSERT INTO `dev_table_column` VALUES (65, 'update_time', 'datetime', '数据库数据更新时间', 'updateTime', 'Date', 'TIMESTAMP', 0, 12, 6, '2024-01-20 10:18:29', 1, '2024-01-20 10:18:29', 1, 0);
INSERT INTO `dev_table_column` VALUES (66, 'update_user_id', 'int', '数据库数据更新用户主键', 'updateUserId', 'Integer', 'INTEGER', 0, 13, 6, '2024-01-20 10:18:29', 1, '2024-01-20 10:18:29', 1, 0);
INSERT INTO `dev_table_column` VALUES (67, 'deleted', 'tinyint', '逻辑删除标识，0为正常，1为逻辑删除，默认为0', 'deleted', 'Boolean', 'BOOLEAN', 0, 14, 6, '2024-01-20 10:18:29', 1, '2024-01-20 10:18:29', 1, 0);

-- ----------------------------
-- Table structure for dev_table_info
-- ----------------------------
DROP TABLE IF EXISTS `dev_table_info`;
CREATE TABLE `dev_table_info`  (
  `id` int(11) NOT NULL AUTO_INCREMENT COMMENT '主键',
  `name` varchar(50) CHARACTER SET utf8 COLLATE utf8_general_ci NOT NULL COMMENT '表名称',
  `comment` varchar(50) CHARACTER SET utf8 COLLATE utf8_general_ci NOT NULL COMMENT '表注释',
  `entity_name` varchar(50) CHARACTER SET utf8 COLLATE utf8_general_ci NOT NULL COMMENT '实体类名称',
  `request_mapping` varchar(50) CHARACTER SET utf8mb4 COLLATE utf8mb4_general_ci NOT NULL COMMENT '类请求路径',
  `java_package_name` varchar(50) CHARACTER SET utf8 COLLATE utf8_general_ci NOT NULL COMMENT '包前缀名称',
  `java_code_path` varchar(50) CHARACTER SET utf8 COLLATE utf8_general_ci NOT NULL COMMENT 'Java代码生成路径',
  `vue_code_path` varchar(50) CHARACTER SET utf8mb4 COLLATE utf8mb4_general_ci NOT NULL COMMENT 'vue代码生成路径',
  `vue_package` varchar(50) CHARACTER SET utf8mb4 COLLATE utf8mb4_general_ci NOT NULL COMMENT 'vue包路径',
  `tree` tinyint(1) NOT NULL COMMENT '是否为树状结构',
  `cover` tinyint(1) NOT NULL COMMENT '是否覆盖同名文件',
  `code_author` varchar(50) CHARACTER SET utf8 COLLATE utf8_general_ci NOT NULL COMMENT '代码作者',
  `create_time` datetime(0) NOT NULL DEFAULT CURRENT_TIMESTAMP COMMENT '数据库数据插入时间',
  `create_user_id` int(11) NOT NULL DEFAULT 0 COMMENT '数据库数据插入用户主键',
  `update_time` datetime(0) NOT NULL DEFAULT CURRENT_TIMESTAMP ON UPDATE CURRENT_TIMESTAMP(0) COMMENT '数据库数据更新时间',
  `update_user_id` int(11) NOT NULL DEFAULT 0 COMMENT '数据库数据更新用户主键',
  `deleted` tinyint(1) NOT NULL DEFAULT 0 COMMENT '逻辑删除标识，0为正常，1为逻辑删除，默认为0',
  PRIMARY KEY (`id`) USING BTREE
) ENGINE = InnoDB AUTO_INCREMENT = 7 CHARACTER SET = utf8mb4 COLLATE = utf8mb4_general_ci COMMENT = '系统数据库表信息表' ROW_FORMAT = Compact;

-- ----------------------------
-- Records of dev_table_info
-- ----------------------------
INSERT INTO `dev_table_info` VALUES (1, 'auth_login_log', '系统账号登录日志表', 'LoginLog', 'login/log', 'com.auth', 'G:\\\\', 'G:\\\\', 'development', 0, 0, 'herenpeng', '2021-04-16 20:33:26', 1, '2023-09-03 16:20:03', 1, 1);
INSERT INTO `dev_table_info` VALUES (2, 'sys_config_const', '系统配置常量表', 'ConfigConst', 'config/const', 'com.zero.sys', 'F:\\IdeaCode\\zero-admin\\zero-sys', 'F:\\Js\\zero-admin-vue', 'system.config', 0, 0, 'herenpeng', '2021-06-05 21:07:26', 22, '2021-06-05 22:26:11', 22, 1);
INSERT INTO `dev_table_info` VALUES (3, 'sys_config_const', '系统配置常量表', 'ConfigConst', 'config/const', 'com.zero.sys', 'F:\\IdeaCode\\zero-admin\\zero-sys', 'F:\\Js\\zero-admin-vue', 'system.config', 0, 0, 'herenpeng', '2021-06-05 22:27:40', 1, '2023-09-03 16:20:06', 1, 1);
INSERT INTO `dev_table_info` VALUES (4, 'sys_user_config', '系统用户配置表', 'UserConfig', 'user/config', 'com.zero.sys', 'F:\\IdeaCode\\zero-admin\\zero-sys', 'F:\\Js\\zero-admin-vue', 'system.user-config', 0, 0, 'herenpeng', '2021-06-06 17:37:53', 1, '2023-09-03 16:20:09', 1, 1);
INSERT INTO `dev_table_info` VALUES (5, 'sys_organ', '系统组织机构表', 'Organ', 'organ', 'com.zero.sys', 'F:\\IdeaCode\\zero-admin\\zero-sys', 'F:\\Js\\zero-admin-vue', 'data.organ', 1, 0, 'herenpeng', '2023-09-03 16:19:53', 22, '2024-01-20 19:00:34', 1, 0);
INSERT INTO `dev_table_info` VALUES (6, 'sys_menu', '系统菜单表', 'Menu', 'menu', 'com.zero.sys', 'F:\\IdeaCode\\zero-admin\\zero-sys', 'F:\\Js\\zero-admin-vue', 'data.menu', 1, 1, 'root', '2024-01-20 10:18:29', 1, '2024-01-20 19:00:55', 1, 1);

-- ----------------------------
-- Table structure for oauth_github_user
-- ----------------------------
DROP TABLE IF EXISTS `oauth_github_user`;
CREATE TABLE `oauth_github_user`  (
  `id` int(11) NOT NULL AUTO_INCREMENT COMMENT '主键',
  `login` varchar(255) CHARACTER SET utf8mb4 COLLATE utf8mb4_general_ci NOT NULL COMMENT 'Github用户名称',
  `user_id` int(11) NOT NULL COMMENT '用户表主键',
  `github_id` int(11) NOT NULL COMMENT 'Github用户主键',
  `node_id` varchar(255) CHARACTER SET utf8mb4 COLLATE utf8mb4_general_ci NOT NULL COMMENT 'Github Node主键',
  `url` varchar(255) CHARACTER SET utf8mb4 COLLATE utf8mb4_general_ci NOT NULL COMMENT 'Github 用户信息api请求路径',
  `html_url` varchar(255) CHARACTER SET utf8mb4 COLLATE utf8mb4_general_ci NOT NULL COMMENT 'Github 用户主页路径',
  `type` varchar(50) CHARACTER SET utf8mb4 COLLATE utf8mb4_general_ci NOT NULL COMMENT 'Github 用户类型',
  `public_repos` int(11) NOT NULL COMMENT 'Github 公开的仓库个数',
  `avatar_url` varchar(255) CHARACTER SET utf8mb4 COLLATE utf8mb4_general_ci NULL DEFAULT NULL COMMENT '用户头像路径',
  `public_gists` int(11) NOT NULL COMMENT 'public_gists',
  `gravatar_id` int(11) NULL DEFAULT NULL COMMENT 'gravatar_id',
  `followers_url` varchar(255) CHARACTER SET utf8mb4 COLLATE utf8mb4_general_ci NULL DEFAULT NULL COMMENT 'followers_url',
  `site_admin` tinyint(1) NOT NULL DEFAULT 0 COMMENT 'site_admin',
  `following_url` varchar(255) CHARACTER SET utf8mb4 COLLATE utf8mb4_general_ci NULL DEFAULT NULL COMMENT 'following_url',
  `gists_url` varchar(255) CHARACTER SET utf8mb4 COLLATE utf8mb4_general_ci NULL DEFAULT NULL COMMENT 'gists_url',
  `starred_url` varchar(255) CHARACTER SET utf8mb4 COLLATE utf8mb4_general_ci NULL DEFAULT NULL COMMENT 'starred_url',
  `subscriptions_url` varchar(255) CHARACTER SET utf8mb4 COLLATE utf8mb4_general_ci NULL DEFAULT NULL COMMENT 'subscriptions_url',
  `organizations_url` varchar(255) CHARACTER SET utf8mb4 COLLATE utf8mb4_general_ci NULL DEFAULT NULL COMMENT 'organizations_url',
  `repos_url` varchar(255) CHARACTER SET utf8mb4 COLLATE utf8mb4_general_ci NULL DEFAULT NULL COMMENT 'repos_url',
  `events_url` varchar(255) CHARACTER SET utf8mb4 COLLATE utf8mb4_general_ci NULL DEFAULT NULL COMMENT 'events_url',
  `received_events_url` varchar(255) CHARACTER SET utf8mb4 COLLATE utf8mb4_general_ci NULL DEFAULT NULL COMMENT 'received_events_url',
  `name` varchar(255) CHARACTER SET utf8mb4 COLLATE utf8mb4_general_ci NULL DEFAULT NULL COMMENT 'name',
  `company` varchar(255) CHARACTER SET utf8mb4 COLLATE utf8mb4_general_ci NULL DEFAULT NULL COMMENT 'company',
  `blog` varchar(255) CHARACTER SET utf8mb4 COLLATE utf8mb4_general_ci NULL DEFAULT NULL COMMENT 'blog',
  `location` varchar(255) CHARACTER SET utf8mb4 COLLATE utf8mb4_general_ci NULL DEFAULT NULL COMMENT 'location',
  `email` varchar(255) CHARACTER SET utf8mb4 COLLATE utf8mb4_general_ci NULL DEFAULT NULL COMMENT '邮箱',
  `hireable` varchar(255) CHARACTER SET utf8mb4 COLLATE utf8mb4_general_ci NULL DEFAULT NULL COMMENT 'hireable',
  `bio` varchar(255) CHARACTER SET utf8mb4 COLLATE utf8mb4_general_ci NULL DEFAULT NULL COMMENT 'bio',
  `twitter_username` varchar(255) CHARACTER SET utf8mb4 COLLATE utf8mb4_general_ci NULL DEFAULT NULL COMMENT 'twitter_username',
  `followers` int(11) NOT NULL COMMENT 'followers',
  `following` int(11) NOT NULL COMMENT 'following',
  `created_at` datetime(0) NOT NULL COMMENT 'Github账号创建时间',
  `updated_at` datetime(0) NOT NULL COMMENT 'Github最后更新时间',
  `create_time` datetime(0) NOT NULL DEFAULT CURRENT_TIMESTAMP COMMENT '数据库数据插入时间',
  `create_user_id` int(11) NOT NULL DEFAULT 0 COMMENT '数据库数据插入用户主键',
  `update_time` datetime(0) NOT NULL DEFAULT CURRENT_TIMESTAMP ON UPDATE CURRENT_TIMESTAMP(0) COMMENT '数据库数据更新时间',
  `update_user_id` int(11) NOT NULL DEFAULT 0 COMMENT '数据库数据更新用户主键',
  `deleted` tinyint(1) NOT NULL DEFAULT 0 COMMENT '逻辑删除标识，0为正常，1为逻辑删除，默认为0',
  PRIMARY KEY (`id`) USING BTREE
) ENGINE = InnoDB AUTO_INCREMENT = 2 CHARACTER SET = utf8mb4 COLLATE = utf8mb4_general_ci COMMENT = 'Github用户信息表' ROW_FORMAT = Compact;

-- ----------------------------
-- Records of oauth_github_user
-- ----------------------------
INSERT INTO `oauth_github_user` VALUES (1, 'herenpeng', 24, 60246991, 'MDQ6VXNlcjYwMjQ2OTkx', 'https://api.github.com/users/herenpeng', 'https://github.com/herenpeng', 'User', 11, 'https://avatars.githubusercontent.com/u/60246991?v=4', 0, NULL, 'https://api.github.com/users/herenpeng/followers', 0, 'https://api.github.com/users/herenpeng/following{/other_user}', 'https://api.github.com/users/herenpeng/gists{/gist_id}', 'https://api.github.com/users/herenpeng/starred{/owner}{/repo}', 'https://api.github.com/users/herenpeng/subscriptions', 'https://api.github.com/users/herenpeng/orgs', 'https://api.github.com/users/herenpeng/repos', 'https://api.github.com/users/herenpeng/events{/privacy}', 'https://api.github.com/users/herenpeng/received_events', NULL, NULL, '', NULL, NULL, NULL, NULL, NULL, 1, 0, '2020-01-24 02:49:20', '2021-04-10 04:56:20', '2021-04-10 18:14:03', 0, '2021-04-10 18:14:03', 0, 0);

-- ----------------------------
-- Table structure for sys_config_const
-- ----------------------------
DROP TABLE IF EXISTS `sys_config_const`;
CREATE TABLE `sys_config_const`  (
  `id` int(11) NOT NULL AUTO_INCREMENT COMMENT '主键',
  `key` varchar(50) CHARACTER SET utf8mb4 COLLATE utf8mb4_general_ci NOT NULL COMMENT '常量键值，标识，唯一',
  `description` varchar(255) CHARACTER SET utf8mb4 COLLATE utf8mb4_general_ci NOT NULL COMMENT '键值描述信息',
  `default_value` varchar(50) CHARACTER SET utf8mb4 COLLATE utf8mb4_general_ci NOT NULL COMMENT '系统配置的默认值',
  `userable` tinyint(1) NOT NULL COMMENT '用户可配置，true为可配置，false为不可配置',
  `create_time` datetime(0) NOT NULL DEFAULT CURRENT_TIMESTAMP COMMENT '数据库数据插入时间',
  `create_user_id` int(11) NOT NULL DEFAULT 0 COMMENT '数据库数据插入用户主键',
  `update_time` datetime(0) NOT NULL DEFAULT CURRENT_TIMESTAMP ON UPDATE CURRENT_TIMESTAMP(0) COMMENT '数据库数据更新时间',
  `update_user_id` int(11) NOT NULL DEFAULT 0 COMMENT '数据库数据更新用户主键',
  `deleted` tinyint(1) NOT NULL DEFAULT 0 COMMENT '逻辑删除标识，0为正常，1为逻辑删除，默认为0',
  PRIMARY KEY (`id`, `key`) USING BTREE,
  UNIQUE INDEX `key_unique_index`(`key`) USING BTREE COMMENT 'key值唯一索引'
) ENGINE = InnoDB AUTO_INCREMENT = 9 CHARACTER SET = utf8mb4 COLLATE = utf8mb4_general_ci COMMENT = '系统配置常量表' ROW_FORMAT = Compact;

-- ----------------------------
-- Records of sys_config_const
-- ----------------------------
INSERT INTO `sys_config_const` VALUES (1, 'RECORD_NUMBER', '网站ICP备案信息', '赣ICP备2020014777号', 0, '2021-06-06 11:41:48', 1, '2021-06-27 09:42:03', 1, 0);
INSERT INTO `sys_config_const` VALUES (2, 'SHOW_SETTINGS', '是否显示设置浮标', 'true', 0, '2021-06-27 09:42:38', 0, '2021-11-06 22:43:05', 1, 0);
INSERT INTO `sys_config_const` VALUES (3, 'THEME_COLOR', '主题颜色', '#1890FF', 1, '2021-06-06 17:10:03', 1, '2021-06-26 16:52:57', 1, 0);
INSERT INTO `sys_config_const` VALUES (4, 'TAGS_VIEW', '开启页面顶部标签', 'true', 1, '2021-06-26 22:04:03', 1, '2021-06-26 22:17:17', 1, 0);
INSERT INTO `sys_config_const` VALUES (7, 'FIXED_HEADER', '固定顶部显示栏', 'true', 1, '2021-06-27 09:32:08', 1, '2021-06-27 09:32:08', 1, 0);
INSERT INTO `sys_config_const` VALUES (8, 'SIDEBAR_LOGO', '显示侧边栏LOGO', 'false', 1, '2021-06-27 09:32:29', 1, '2021-06-27 09:32:29', 1, 0);

-- ----------------------------
-- Table structure for sys_menu
-- ----------------------------
DROP TABLE IF EXISTS `sys_menu`;
CREATE TABLE `sys_menu`  (
  `id` int(11) NOT NULL AUTO_INCREMENT COMMENT '主键',
  `path` varchar(100) CHARACTER SET utf8 COLLATE utf8_general_ci NOT NULL COMMENT '菜单路由路径',
  `name` varchar(50) CHARACTER SET utf8 COLLATE utf8_general_ci NOT NULL COMMENT '菜单模块名称',
  `meta_title` varchar(100) CHARACTER SET utf8 COLLATE utf8_general_ci NOT NULL COMMENT '菜单名称',
  `meta_icon` varchar(100) CHARACTER SET utf8 COLLATE utf8_general_ci NOT NULL COMMENT '菜单图标',
  `sort` int(11) NOT NULL COMMENT '菜单排序',
  `hidden` tinyint(1) NOT NULL COMMENT '菜单是否隐藏，0(false)为正常，1(true)为隐藏',
  `enabled` tinyint(1) NOT NULL COMMENT '菜单是否启用，0(false)为禁用，1(true)为启用',
  `parent_id` int(11) NOT NULL COMMENT '父级菜单主键，如果为顶级菜单，值为0',
  `create_time` datetime(0) NOT NULL DEFAULT CURRENT_TIMESTAMP COMMENT '数据库数据插入时间',
  `create_user_id` int(11) NOT NULL DEFAULT 0 COMMENT '数据库数据插入用户主键',
  `update_time` datetime(0) NOT NULL DEFAULT CURRENT_TIMESTAMP ON UPDATE CURRENT_TIMESTAMP(0) COMMENT '数据库数据更新时间',
  `update_user_id` int(11) NOT NULL DEFAULT 0 COMMENT '数据库数据更新用户主键',
  `deleted` tinyint(1) NOT NULL DEFAULT 0 COMMENT '逻辑删除标识，0为正常，1为逻辑删除，默认为0',
  PRIMARY KEY (`id`) USING BTREE
) ENGINE = InnoDB AUTO_INCREMENT = 38 CHARACTER SET = utf8mb4 COLLATE = utf8mb4_general_ci COMMENT = '系统菜单表' ROW_FORMAT = Compact;

-- ----------------------------
-- Records of sys_menu
-- ----------------------------
INSERT INTO `sys_menu` VALUES (1, '/data', 'Data', '数据管理', 'el-icon-s-help', 1, 0, 1, 0, '2020-11-15 23:25:21', 0, '2024-01-07 12:20:57', 1, 0);
INSERT INTO `sys_menu` VALUES (2, 'user', 'User', '用户管理', 'el-icon-user', 1, 0, 1, 1, '2020-11-15 23:28:06', 0, '2024-01-06 18:07:09', 1, 0);
INSERT INTO `sys_menu` VALUES (3, 'role', 'Role', '角色管理', 'el-icon-discount', 2, 0, 1, 1, '2020-11-17 23:32:23', 0, '2024-01-06 18:12:19', 1, 0);
INSERT INTO `sys_menu` VALUES (4, 'resources', 'Resources', '资源管理', 'el-icon-star-on', 3, 0, 1, 1, '2020-11-17 23:53:50', 0, '2024-01-06 18:12:27', 1, 0);
INSERT INTO `sys_menu` VALUES (5, 'menu', 'Menu', '菜单管理', 'el-icon-guide', 4, 0, 1, 1, '2020-11-17 23:54:27', 0, '2024-01-06 18:12:32', 1, 0);
INSERT INTO `sys_menu` VALUES (6, 'file-manage', 'FileManage', '文件管理', 'el-icon-folder-opened', 6, 0, 1, 1, '2021-01-30 18:40:45', 1, '2024-01-06 18:12:48', 1, 0);
INSERT INTO `sys_menu` VALUES (7, '/monitor', 'Monitor', '系统监控', 'el-icon-view', 2, 0, 1, 0, '2020-11-17 23:56:14', 0, '2024-01-06 09:42:52', 1, 0);
INSERT INTO `sys_menu` VALUES (8, 'server', 'Server', '服务器监控', 'el-icon-monitor', 1, 0, 1, 7, '2020-11-17 23:57:27', 0, '2024-01-06 18:24:35', 1, 0);
INSERT INTO `sys_menu` VALUES (9, 'login-log', 'LoginLog', '登录日志', 'el-icon-sunny', 2, 0, 1, 7, '2021-02-18 07:46:54', 0, '2024-01-06 18:24:40', 1, 0);
INSERT INTO `sys_menu` VALUES (10, 'operation-log', 'OperationLog', '操作日志', 'el-icon-tickets', 3, 0, 1, 7, '2020-11-17 23:58:00', 0, '2024-01-06 18:24:44', 1, 0);
INSERT INTO `sys_menu` VALUES (11, '/setting', 'Setting', '系统设置', 'el-icon-setting', 3, 0, 1, 0, '2020-12-28 20:53:06', 1, '2024-01-04 23:02:05', 1, 0);
INSERT INTO `sys_menu` VALUES (13, 'user-info', 'UserInfo', '用户信息', 'el-icon-edit', 2, 0, 1, 11, '2021-01-04 19:51:21', 1, '2024-01-06 18:24:51', 1, 0);
INSERT INTO `sys_menu` VALUES (14, '/recover', 'Recover', '回收站', 'el-icon-delete-solid', 5, 0, 1, 0, '2020-11-29 22:13:02', 1, '2024-01-17 23:13:11', 1, 0);
INSERT INTO `sys_menu` VALUES (15, 'user', 'RecoverUser', '用户管理', 'el-icon-user-solid', 1, 0, 1, 30, '2020-11-29 22:16:53', 1, '2024-01-21 10:12:58', 1, 0);
INSERT INTO `sys_menu` VALUES (16, 'role', 'RecoverRole', '角色管理', 'el-icon-price-tag', 2, 0, 1, 30, '2020-11-30 22:32:29', 1, '2024-01-21 10:13:04', 1, 0);
INSERT INTO `sys_menu` VALUES (17, 'resources', 'RecoverResources', '资源管理', 'el-icon-star-off', 3, 0, 1, 30, '2020-12-01 19:46:53', 1, '2024-01-21 10:13:12', 1, 0);
INSERT INTO `sys_menu` VALUES (18, 'menu', 'RecoverMenu', '菜单管理', 'el-icon-guide', 4, 0, 1, 30, '2020-12-01 20:39:18', 1, '2024-01-21 10:13:20', 1, 0);
INSERT INTO `sys_menu` VALUES (19, 'file-manage', 'RecoverFileManage', '文件管理', 'el-icon-folder', 6, 0, 1, 30, '2021-02-02 22:32:12', 1, '2024-01-21 10:13:29', 1, 0);
INSERT INTO `sys_menu` VALUES (20, 'operation-log', 'RecoverOperationLog', '操作日志', 'el-icon-tickets', 2, 0, 1, 31, '2020-12-01 22:36:03', 1, '2024-01-21 10:12:26', 1, 0);
INSERT INTO `sys_menu` VALUES (21, 'login-log', 'RecoverLoginLog', '登录日志', 'el-icon-sunrise-1', 1, 0, 1, 31, '2021-02-18 09:01:25', 0, '2024-01-21 10:12:16', 1, 0);
INSERT INTO `sys_menu` VALUES (22, 'code-generate', 'RecoverCodeGenerate', '代码生成', 'el-icon-refresh-right', 1, 0, 1, 32, '2020-12-01 22:45:52', 1, '2024-01-17 23:25:15', 1, 0);
INSERT INTO `sys_menu` VALUES (23, '/dev', 'Dev', '系统开发', 'el-icon-monitor', 4, 0, 1, 0, '2020-11-17 23:59:02', 0, '2024-01-17 22:33:33', 1, 0);
INSERT INTO `sys_menu` VALUES (24, 'code-generate', 'CodeGenerate', '代码生成', 'el-icon-refresh-right', 1, 0, 1, 23, '2020-11-17 23:59:58', 0, '2024-01-17 22:13:03', 1, 0);
INSERT INTO `sys_menu` VALUES (25, 'code-setting', 'CodeSetting', '代码设置', 'el-icon-tickets', 2, 1, 1, 23, '2021-03-28 15:40:24', 1, '2024-01-20 09:39:41', 1, 0);
INSERT INTO `sys_menu` VALUES (26, 'http://127.0.0.1:10000/api/swagger-ui/index.html', 'Swagger2', '项目文档', 'el-icon-notebook-2', 3, 0, 1, 23, '2020-11-18 00:03:34', 0, '2024-01-20 09:39:41', 1, 0);
INSERT INTO `sys_menu` VALUES (27, 'config', 'Config', '系统配置', 'el-icon-setting', 3, 0, 1, 11, '2021-06-05 22:38:42', 1, '2024-01-07 12:20:50', 1, 0);
INSERT INTO `sys_menu` VALUES (28, 'user-config', 'UserConfig', '用户配置', 'el-icon-picture-outline-round', 4, 0, 1, 11, '2021-06-06 21:50:42', 1, '2024-01-06 18:25:03', 1, 0);
INSERT INTO `sys_menu` VALUES (29, 'organ', 'Organ', '组织机构', 'el-icon-s-home', 5, 0, 1, 1, '2023-09-03 16:23:14', 1, '2024-01-06 18:12:40', 1, 0);
INSERT INTO `sys_menu` VALUES (30, 'data', 'RecoverData', '数据管理', 'el-icon-mobile-phone', 1, 0, 1, 14, '2024-01-05 21:47:41', 1, '2024-01-17 23:24:22', 1, 0);
INSERT INTO `sys_menu` VALUES (31, 'monitor', 'RecoverMonitor', '系统监控', 'el-icon-s-help', 2, 0, 1, 14, '2024-01-06 09:57:23', 1, '2024-01-17 23:24:56', 1, 0);
INSERT INTO `sys_menu` VALUES (32, 'dev', 'RecoverDev', '系统开发', 'el-icon-monitor', 3, 0, 1, 14, '2024-01-17 22:21:36', 1, '2024-01-20 22:46:45', 1, 0);
INSERT INTO `sys_menu` VALUES (36, 'organ', 'RecoverOrgan', '组织机构', 'el-icon-s-home', 5, 0, 1, 30, '2024-01-20 22:51:31', 0, '2024-01-20 23:05:17', 1, 0);
INSERT INTO `sys_menu` VALUES (37, 'recover', 'Recover', '回收站数据', 'el-icon-goods', 1, 0, 1, 0, '2024-01-26 22:20:19', 1, '2024-01-26 22:20:30', 1, 1);

-- ----------------------------
-- Table structure for sys_menu_role
-- ----------------------------
DROP TABLE IF EXISTS `sys_menu_role`;
CREATE TABLE `sys_menu_role`  (
  `id` int(11) NOT NULL AUTO_INCREMENT COMMENT '主键',
  `menu_id` int(11) NOT NULL COMMENT '菜单主键',
  `role_id` int(11) NULL DEFAULT NULL COMMENT '角色主键',
  `create_time` datetime(0) NOT NULL DEFAULT CURRENT_TIMESTAMP COMMENT '数据库数据插入时间',
  `create_user_id` int(11) NOT NULL DEFAULT 0 COMMENT '数据库数据插入用户主键',
  `update_time` datetime(0) NOT NULL DEFAULT CURRENT_TIMESTAMP ON UPDATE CURRENT_TIMESTAMP(0) COMMENT '数据库数据更新时间',
  `update_user_id` int(11) NOT NULL DEFAULT 0 COMMENT '数据库数据更新用户主键',
  `deleted` tinyint(1) NOT NULL DEFAULT 0 COMMENT '逻辑删除标识，0为正常，1为逻辑删除，默认为0',
  PRIMARY KEY (`id`) USING BTREE
) ENGINE = InnoDB AUTO_INCREMENT = 67 CHARACTER SET = utf8mb4 COLLATE = utf8mb4_general_ci COMMENT = '系统菜单角色关系表' ROW_FORMAT = Compact;

-- ----------------------------
-- Records of sys_menu_role
-- ----------------------------
INSERT INTO `sys_menu_role` VALUES (1, 1, 1, '2021-04-10 17:33:52', 0, '2021-04-10 17:33:52', 0, 0);
INSERT INTO `sys_menu_role` VALUES (2, 2, 1, '2021-04-10 17:33:52', 0, '2021-04-10 17:33:52', 0, 0);
INSERT INTO `sys_menu_role` VALUES (3, 3, 1, '2021-04-10 17:33:52', 0, '2021-04-10 17:33:52', 0, 0);
INSERT INTO `sys_menu_role` VALUES (4, 4, 1, '2021-04-10 17:33:52', 0, '2021-04-10 17:33:52', 0, 0);
INSERT INTO `sys_menu_role` VALUES (5, 5, 1, '2021-04-10 17:33:52', 0, '2021-04-10 17:33:52', 0, 0);
INSERT INTO `sys_menu_role` VALUES (6, 6, 1, '2021-04-10 17:33:52', 0, '2021-04-10 17:33:52', 0, 0);
INSERT INTO `sys_menu_role` VALUES (7, 7, 1, '2021-04-10 17:33:52', 0, '2021-04-10 17:33:52', 0, 0);
INSERT INTO `sys_menu_role` VALUES (8, 8, 1, '2021-04-10 17:33:52', 0, '2021-04-10 17:33:52', 0, 0);
INSERT INTO `sys_menu_role` VALUES (9, 9, 1, '2021-04-10 17:33:52', 0, '2021-04-10 17:33:52', 0, 0);
INSERT INTO `sys_menu_role` VALUES (10, 10, 1, '2021-04-10 17:33:52', 0, '2021-04-10 17:33:52', 0, 0);
INSERT INTO `sys_menu_role` VALUES (11, 11, 1, '2021-04-10 17:33:52', 0, '2021-04-10 17:33:52', 0, 0);
INSERT INTO `sys_menu_role` VALUES (13, 13, 1, '2021-04-10 17:33:52', 0, '2021-04-10 17:33:52', 0, 0);
INSERT INTO `sys_menu_role` VALUES (14, 14, 1, '2021-04-10 17:33:52', 0, '2021-04-10 17:33:52', 0, 0);
INSERT INTO `sys_menu_role` VALUES (15, 15, 1, '2021-04-10 17:33:52', 0, '2021-04-10 17:33:52', 0, 0);
INSERT INTO `sys_menu_role` VALUES (16, 16, 1, '2021-04-10 17:33:52', 0, '2021-04-10 17:33:52', 0, 0);
INSERT INTO `sys_menu_role` VALUES (17, 17, 1, '2021-04-10 17:33:52', 0, '2021-04-10 17:33:52', 0, 0);
INSERT INTO `sys_menu_role` VALUES (18, 18, 1, '2021-04-10 17:33:52', 0, '2021-04-10 17:33:52', 0, 0);
INSERT INTO `sys_menu_role` VALUES (19, 19, 1, '2021-04-10 17:33:52', 0, '2021-04-10 17:33:52', 0, 0);
INSERT INTO `sys_menu_role` VALUES (20, 20, 1, '2021-04-10 17:33:52', 0, '2021-04-10 17:33:52', 0, 0);
INSERT INTO `sys_menu_role` VALUES (21, 21, 1, '2021-04-10 17:33:52', 0, '2021-04-10 17:33:52', 0, 0);
INSERT INTO `sys_menu_role` VALUES (22, 22, 1, '2021-04-10 17:33:52', 0, '2021-04-10 17:33:52', 0, 0);
INSERT INTO `sys_menu_role` VALUES (23, 23, 1, '2021-04-10 17:33:52', 0, '2021-04-10 17:33:52', 0, 0);
INSERT INTO `sys_menu_role` VALUES (24, 24, 1, '2021-04-10 17:33:52', 0, '2021-04-10 17:33:52', 0, 0);
INSERT INTO `sys_menu_role` VALUES (26, 26, 1, '2021-04-10 17:33:52', 0, '2021-04-10 17:33:52', 0, 0);
INSERT INTO `sys_menu_role` VALUES (27, 1, 3, '2021-04-10 17:36:40', 1, '2021-04-10 17:36:40', 1, 0);
INSERT INTO `sys_menu_role` VALUES (28, 2, 3, '2021-04-10 17:36:41', 1, '2021-04-10 17:36:41', 1, 0);
INSERT INTO `sys_menu_role` VALUES (29, 3, 3, '2021-04-10 17:36:43', 1, '2021-04-10 17:36:43', 1, 0);
INSERT INTO `sys_menu_role` VALUES (30, 4, 3, '2021-04-10 17:36:45', 1, '2021-04-10 17:36:45', 1, 0);
INSERT INTO `sys_menu_role` VALUES (31, 5, 3, '2021-04-10 17:36:47', 1, '2021-04-10 17:36:47', 1, 0);
INSERT INTO `sys_menu_role` VALUES (32, 6, 3, '2021-04-10 17:36:48', 1, '2021-04-10 17:36:48', 1, 0);
INSERT INTO `sys_menu_role` VALUES (33, 7, 3, '2021-04-10 17:36:53', 1, '2021-04-10 17:36:53', 1, 0);
INSERT INTO `sys_menu_role` VALUES (34, 8, 3, '2021-04-10 17:36:55', 1, '2021-04-10 17:36:55', 1, 0);
INSERT INTO `sys_menu_role` VALUES (35, 9, 3, '2021-04-10 17:36:57', 1, '2021-04-10 17:36:57', 1, 0);
INSERT INTO `sys_menu_role` VALUES (36, 10, 3, '2021-04-10 17:37:00', 1, '2021-04-10 17:37:00', 1, 0);
INSERT INTO `sys_menu_role` VALUES (37, 11, 3, '2021-04-10 17:37:05', 1, '2021-04-10 17:37:05', 1, 0);
INSERT INTO `sys_menu_role` VALUES (40, 24, 3, '2021-04-10 17:37:12', 1, '2021-04-10 17:37:12', 1, 0);
INSERT INTO `sys_menu_role` VALUES (42, 26, 3, '2021-04-10 17:37:15', 1, '2021-04-10 17:37:15', 1, 0);
INSERT INTO `sys_menu_role` VALUES (43, 14, 3, '2021-04-10 17:37:19', 1, '2021-04-10 17:37:19', 1, 0);
INSERT INTO `sys_menu_role` VALUES (44, 15, 3, '2021-04-10 17:37:20', 1, '2021-04-10 17:37:20', 1, 0);
INSERT INTO `sys_menu_role` VALUES (45, 16, 3, '2021-04-10 17:37:24', 1, '2021-04-10 17:37:24', 1, 0);
INSERT INTO `sys_menu_role` VALUES (46, 19, 3, '2021-04-10 17:37:31', 1, '2021-04-10 17:37:31', 1, 0);
INSERT INTO `sys_menu_role` VALUES (47, 21, 3, '2021-04-10 17:37:34', 1, '2021-04-10 17:37:34', 1, 0);
INSERT INTO `sys_menu_role` VALUES (48, 20, 3, '2021-04-10 17:37:37', 1, '2021-04-10 17:37:37', 1, 0);
INSERT INTO `sys_menu_role` VALUES (49, 23, 3, '2021-04-10 17:52:56', 1, '2021-04-10 17:52:56', 1, 0);
INSERT INTO `sys_menu_role` VALUES (50, 27, 1, '2021-06-05 22:41:12', 1, '2021-06-05 22:41:12', 1, 0);
INSERT INTO `sys_menu_role` VALUES (51, 28, 1, '2021-06-06 21:50:46', 1, '2021-06-06 21:50:46', 1, 0);
INSERT INTO `sys_menu_role` VALUES (52, 29, 1, '2023-09-03 16:27:17', 1, '2023-09-03 16:27:17', 1, 0);
INSERT INTO `sys_menu_role` VALUES (53, 29, 3, '2023-09-03 16:27:19', 1, '2023-09-03 16:27:19', 1, 0);
INSERT INTO `sys_menu_role` VALUES (55, 13, 3, '2024-01-04 23:09:54', 1, '2024-01-04 23:09:54', 1, 0);
INSERT INTO `sys_menu_role` VALUES (56, 28, 3, '2024-01-04 23:09:56', 1, '2024-01-04 23:09:56', 1, 0);
INSERT INTO `sys_menu_role` VALUES (57, 30, 1, '2024-01-05 21:47:50', 1, '2024-01-05 21:47:50', 1, 0);
INSERT INTO `sys_menu_role` VALUES (58, 30, 3, '2024-01-05 21:47:51', 1, '2024-01-05 21:47:51', 1, 0);
INSERT INTO `sys_menu_role` VALUES (59, 31, 1, '2024-01-06 09:57:27', 1, '2024-01-06 09:57:27', 1, 0);
INSERT INTO `sys_menu_role` VALUES (60, 31, 3, '2024-01-06 09:57:28', 1, '2024-01-06 09:57:28', 1, 0);
INSERT INTO `sys_menu_role` VALUES (61, 25, 1, '2024-01-06 18:48:12', 1, '2024-01-06 18:48:12', 1, 0);
INSERT INTO `sys_menu_role` VALUES (62, 25, 3, '2024-01-06 19:14:22', 1, '2024-01-06 19:14:22', 1, 0);
INSERT INTO `sys_menu_role` VALUES (63, 32, 1, '2024-01-17 22:23:53', 1, '2024-01-17 22:23:53', 1, 0);
INSERT INTO `sys_menu_role` VALUES (64, 33, 1, '2024-01-17 23:31:21', 1, '2024-01-17 23:31:21', 1, 0);
INSERT INTO `sys_menu_role` VALUES (65, 36, 1, '2024-01-20 23:05:08', 1, '2024-01-20 23:05:08', 1, 0);

-- ----------------------------
-- Table structure for sys_operation_log
-- ----------------------------
DROP TABLE IF EXISTS `sys_operation_log`;
CREATE TABLE `sys_operation_log`  (
  `id` int(11) NOT NULL AUTO_INCREMENT COMMENT '日志主键',
  `operation_user_id` int(11) NOT NULL COMMENT '操作日志用户主键',
  `access_time` datetime(0) NOT NULL COMMENT '访问时间',
  `ip` varchar(20) CHARACTER SET utf8 COLLATE utf8_general_ci NOT NULL COMMENT '访问ip地址',
  `uri` varchar(50) CHARACTER SET utf8 COLLATE utf8_general_ci NOT NULL COMMENT '访问的uri',
  `method_type` varchar(100) CHARACTER SET utf8 COLLATE utf8_general_ci NOT NULL COMMENT '方法类型',
  `method` varchar(100) CHARACTER SET utf8 COLLATE utf8_general_ci NOT NULL COMMENT '访问方法',
  `request_args` varchar(500) CHARACTER SET utf8mb4 COLLATE utf8mb4_general_ci NULL DEFAULT NULL COMMENT '请求参数',
  `execution_time` bigint(20) NOT NULL DEFAULT 0 COMMENT '执行时间',
  `result` tinyint(1) NOT NULL COMMENT '执行结果标识，1(true)为正常，0(false)为执行异常',
  `description` varchar(255) CHARACTER SET utf8 COLLATE utf8_general_ci NULL DEFAULT NULL COMMENT '日志描述信息',
  `exception_name` varchar(255) CHARACTER SET utf8 COLLATE utf8_general_ci NULL DEFAULT NULL COMMENT '异常名称',
  `exception_message` varchar(2500) CHARACTER SET utf8 COLLATE utf8_general_ci NULL DEFAULT NULL COMMENT '异常信息',
  `create_time` datetime(0) NOT NULL DEFAULT CURRENT_TIMESTAMP COMMENT '数据库数据插入时间',
  `create_user_id` int(11) NOT NULL DEFAULT 0 COMMENT '数据库数据插入用户主键',
  `update_time` datetime(0) NOT NULL DEFAULT CURRENT_TIMESTAMP ON UPDATE CURRENT_TIMESTAMP(0) COMMENT '数据库数据更新时间',
  `update_user_id` int(11) NOT NULL DEFAULT 0 COMMENT '数据库数据更新用户主键',
  `deleted` tinyint(1) NOT NULL DEFAULT 0 COMMENT '逻辑删除标识，0为正常，1为逻辑删除，默认为0',
  PRIMARY KEY (`id`) USING BTREE
) ENGINE = InnoDB AUTO_INCREMENT = 4042 CHARACTER SET = utf8mb4 COLLATE = utf8mb4_general_ci COMMENT = '系统操作日志表' ROW_FORMAT = Compact;

-- ----------------------------
-- Records of sys_operation_log
-- ----------------------------
INSERT INTO `sys_operation_log` VALUES (3553, 1, '2024-01-21 11:36:29', '127.0.0.1', '/api/login/log/page/1', 'GET', 'class com.zero.auth.controller.LoginLogController.page', '[1,10,{\"id\":null,\"userId\":null,\"ip\":null,\"country\":null,\"region\":null,\"city\":null,\"isp\":null,\"loginTime\":null,\"tokenId\":null,\"logoutTime\":null,\"logout\":null,\"user\":null,\"queryUsername\":null,\"queryStartDate\":null,\"queryEndDate\":null,\"queryOnline\":null,\"queryAddress\":null}]', 0, 1, '分页查询系统账号登录日志表数据', NULL, NULL, '2024-01-21 11:36:29', 1, '2024-01-21 11:36:29', 1, 0);
INSERT INTO `sys_operation_log` VALUES (3554, 1, '2024-01-21 11:36:31', '127.0.0.1', '/api/operation/log/page/1', 'GET', 'class com.zero.sys.controller.OperationLogController.page', '[1,10,{\"id\":null,\"operationUserId\":null,\"accessTime\":null,\"ip\":null,\"uri\":null,\"methodType\":null,\"method\":null,\"requestArgs\":null,\"executionTime\":null,\"result\":null,\"description\":null,\"exceptionName\":null,\"exceptionMessage\":null,\"user\":null,\"queryUsername\":null,\"queryStartDate\":null,\"queryEndDate\":null}]', 0, 1, '分页查询系统操作日志表数据', NULL, NULL, '2024-01-21 11:36:31', 1, '2024-01-21 11:36:31', 1, 0);
INSERT INTO `sys_operation_log` VALUES (3555, 1, '2024-01-21 11:36:32', '127.0.0.1', '/api/operation/log/page/1', 'GET', 'class com.zero.sys.controller.OperationLogController.page', '[1,10,{\"id\":null,\"operationUserId\":null,\"accessTime\":null,\"ip\":null,\"uri\":null,\"methodType\":null,\"method\":null,\"requestArgs\":null,\"executionTime\":null,\"result\":null,\"description\":null,\"exceptionName\":null,\"exceptionMessage\":null,\"user\":null,\"queryUsername\":null,\"queryStartDate\":null,\"queryEndDate\":null}]', 0, 1, '分页查询系统操作日志表数据', NULL, NULL, '2024-01-21 11:36:31', 1, '2024-01-21 11:36:31', 1, 0);
INSERT INTO `sys_operation_log` VALUES (3556, 1, '2024-01-21 11:36:33', '127.0.0.1', '/api/operation/log/page/1', 'GET', 'class com.zero.sys.controller.OperationLogController.page', '[1,10,{\"id\":null,\"operationUserId\":null,\"accessTime\":null,\"ip\":null,\"uri\":null,\"methodType\":null,\"method\":null,\"requestArgs\":null,\"executionTime\":null,\"result\":null,\"description\":null,\"exceptionName\":null,\"exceptionMessage\":null,\"user\":null,\"queryUsername\":null,\"queryStartDate\":null,\"queryEndDate\":null}]', 0, 1, '分页查询系统操作日志表数据', NULL, NULL, '2024-01-21 11:36:32', 1, '2024-01-21 11:42:12', 1, 1);
INSERT INTO `sys_operation_log` VALUES (3557, 1, '2024-01-21 11:37:25', '127.0.0.1', '/api/operation/log/page/1', 'GET', 'class com.zero.sys.controller.OperationLogController.page', '[1,10,{\"id\":null,\"operationUserId\":null,\"accessTime\":null,\"ip\":null,\"uri\":null,\"methodType\":null,\"method\":null,\"requestArgs\":null,\"executionTime\":null,\"result\":null,\"description\":null,\"exceptionName\":null,\"exceptionMessage\":null,\"user\":null,\"queryUsername\":null,\"queryStartDate\":null,\"queryEndDate\":null}]', 0, 1, '分页查询系统操作日志表数据', NULL, NULL, '2024-01-21 11:37:25', 1, '2024-01-21 11:37:25', 1, 0);
INSERT INTO `sys_operation_log` VALUES (3558, 1, '2024-01-21 11:42:07', '127.0.0.1', '/api/operation/log/recover/page/1', 'GET', 'class com.zero.sys.controller.OperationLogController.recoverPage', '[1,10,{\"id\":null,\"operationUserId\":null,\"accessTime\":null,\"ip\":null,\"uri\":null,\"methodType\":null,\"method\":null,\"requestArgs\":null,\"executionTime\":null,\"result\":null,\"description\":null,\"exceptionName\":null,\"exceptionMessage\":null,\"user\":null,\"queryUsername\":null,\"queryStartDate\":null,\"queryEndDate\":null}]', 0, 1, '分页查询逻辑删除的系统操作日志表数据', NULL, NULL, '2024-01-21 11:42:06', 1, '2024-01-21 11:42:06', 1, 0);
INSERT INTO `sys_operation_log` VALUES (3559, 1, '2024-01-21 11:42:13', '127.0.0.1', '/api/operation/log/3556', 'DELETE', 'class com.zero.sys.controller.OperationLogController.deleteById', '[3556]', 0, 1, '[通用方法]通过主键删除一条对应实体类的数据库记录', NULL, NULL, '2024-01-21 11:42:12', 1, '2024-01-21 11:42:12', 1, 0);
INSERT INTO `sys_operation_log` VALUES (3560, 1, '2024-01-21 11:42:13', '127.0.0.1', '/api/operation/log/page/1', 'GET', 'class com.zero.sys.controller.OperationLogController.page', '[1,10,{\"id\":null,\"operationUserId\":null,\"accessTime\":null,\"ip\":null,\"uri\":null,\"methodType\":null,\"method\":null,\"requestArgs\":null,\"executionTime\":null,\"result\":null,\"description\":null,\"exceptionName\":null,\"exceptionMessage\":null,\"user\":null,\"queryUsername\":null,\"queryStartDate\":null,\"queryEndDate\":null}]', 0, 1, '分页查询系统操作日志表数据', NULL, NULL, '2024-01-21 11:42:12', 1, '2024-01-21 11:42:12', 1, 0);
INSERT INTO `sys_operation_log` VALUES (3561, 1, '2024-01-21 11:42:13', '127.0.0.1', '/api/operation/log/page/1', 'GET', 'class com.zero.sys.controller.OperationLogController.page', '[1,10,{\"id\":null,\"operationUserId\":null,\"accessTime\":null,\"ip\":null,\"uri\":null,\"methodType\":null,\"method\":null,\"requestArgs\":null,\"executionTime\":null,\"result\":null,\"description\":null,\"exceptionName\":null,\"exceptionMessage\":null,\"user\":null,\"queryUsername\":null,\"queryStartDate\":null,\"queryEndDate\":null}]', 0, 1, '分页查询系统操作日志表数据', NULL, NULL, '2024-01-21 11:42:13', 1, '2024-01-21 11:42:13', 1, 0);
INSERT INTO `sys_operation_log` VALUES (3562, 1, '2024-01-21 11:42:15', '127.0.0.1', '/api/operation/log/recover/page/1', 'GET', 'class com.zero.sys.controller.OperationLogController.recoverPage', '[1,10,{\"id\":null,\"operationUserId\":null,\"accessTime\":null,\"ip\":null,\"uri\":null,\"methodType\":null,\"method\":null,\"requestArgs\":null,\"executionTime\":null,\"result\":null,\"description\":null,\"exceptionName\":null,\"exceptionMessage\":null,\"user\":null,\"queryUsername\":null,\"queryStartDate\":null,\"queryEndDate\":null}]', 0, 1, '分页查询逻辑删除的系统操作日志表数据', NULL, NULL, '2024-01-21 11:42:15', 1, '2024-01-21 11:42:15', 1, 0);
INSERT INTO `sys_operation_log` VALUES (3563, 1, '2024-01-21 11:47:33', '127.0.0.1', '/api/menu/routes', 'GET', 'class com.zero.sys.controller.MenuController.routes', NULL, 60, 1, '[动态路由]获取所有启用的系统菜单', NULL, NULL, '2024-01-21 11:47:33', 1, '2024-01-21 11:47:33', 1, 0);
INSERT INTO `sys_operation_log` VALUES (3564, 1, '2024-01-21 11:47:33', '127.0.0.1', '/api/menu/routes', 'GET', 'class com.zero.sys.controller.MenuController.routes', NULL, 74, 1, '[动态路由]获取所有启用的系统菜单', NULL, NULL, '2024-01-21 11:47:33', 1, '2024-01-21 11:47:33', 1, 0);
INSERT INTO `sys_operation_log` VALUES (3565, 1, '2024-01-21 11:47:34', '127.0.0.1', '/api/config/const/keys', 'POST', 'class com.zero.sys.controller.ConfigConstController.keys', '[[\"RECORD_NUMBER\",\"SHOW_SETTINGS\",\"THEME_COLOR\",\"TAGS_VIEW\",\"FIXED_HEADER\",\"SIDEBAR_LOGO\"]]', 112, 1, '批量查询常量键值配置数据', NULL, NULL, '2024-01-21 11:47:34', 1, '2024-01-21 11:47:34', 1, 0);
INSERT INTO `sys_operation_log` VALUES (3566, 1, '2024-01-21 11:47:34', '127.0.0.1', '/api/login/log/recover/page/1', 'GET', 'class com.zero.auth.controller.LoginLogController.recoverPage', '[1,10,{\"id\":null,\"userId\":null,\"ip\":null,\"country\":null,\"region\":null,\"city\":null,\"isp\":null,\"loginTime\":null,\"tokenId\":null,\"logoutTime\":null,\"logout\":null,\"user\":null,\"queryUsername\":null,\"queryStartDate\":null,\"queryEndDate\":null,\"queryOnline\":null,\"queryAddress\":null}]', 286, 1, '分页查询逻辑删除的系统账号登录日志表数据', NULL, NULL, '2024-01-21 11:47:34', 1, '2024-01-21 11:47:34', 1, 0);
INSERT INTO `sys_operation_log` VALUES (3567, 1, '2024-01-21 11:47:38', '127.0.0.1', '/api/operation/log/page/1', 'GET', 'class com.zero.sys.controller.OperationLogController.page', '[1,10,{\"id\":null,\"operationUserId\":null,\"accessTime\":null,\"ip\":null,\"uri\":null,\"methodType\":null,\"method\":null,\"requestArgs\":null,\"executionTime\":null,\"result\":null,\"description\":null,\"exceptionName\":null,\"exceptionMessage\":null,\"user\":null,\"queryUsername\":null,\"queryStartDate\":null,\"queryEndDate\":null}]', 41, 1, '分页查询系统操作日志表数据', NULL, NULL, '2024-01-21 11:47:38', 1, '2024-01-21 11:47:38', 1, 0);
INSERT INTO `sys_operation_log` VALUES (3568, 1, '2024-01-21 11:47:44', '127.0.0.1', '/api/operation/log/page/2', 'GET', 'class com.zero.sys.controller.OperationLogController.page', '[2,10,{\"id\":null,\"operationUserId\":null,\"accessTime\":null,\"ip\":null,\"uri\":null,\"methodType\":null,\"method\":null,\"requestArgs\":null,\"executionTime\":null,\"result\":null,\"description\":null,\"exceptionName\":null,\"exceptionMessage\":null,\"user\":null,\"queryUsername\":null,\"queryStartDate\":null,\"queryEndDate\":null}]', 22, 1, '分页查询系统操作日志表数据', NULL, NULL, '2024-01-21 11:47:43', 1, '2024-01-21 11:47:43', 1, 0);
INSERT INTO `sys_operation_log` VALUES (3569, 1, '2024-01-21 11:48:09', '127.0.0.1', '/api/operation/log/page/1', 'GET', 'class com.zero.sys.controller.OperationLogController.page', '[1,10,{\"id\":null,\"operationUserId\":null,\"accessTime\":null,\"ip\":null,\"uri\":null,\"methodType\":null,\"method\":null,\"requestArgs\":null,\"executionTime\":null,\"result\":null,\"description\":null,\"exceptionName\":null,\"exceptionMessage\":null,\"user\":null,\"queryUsername\":null,\"queryStartDate\":null,\"queryEndDate\":null}]', 75, 1, '分页查询系统操作日志表数据', NULL, NULL, '2024-01-21 11:48:09', 1, '2024-01-21 11:48:09', 1, 0);
INSERT INTO `sys_operation_log` VALUES (3570, 1, '2024-01-21 11:48:10', '127.0.0.1', '/api/operation/log/page/1', 'GET', 'class com.zero.sys.controller.OperationLogController.page', '[1,10,{\"id\":null,\"operationUserId\":null,\"accessTime\":null,\"ip\":null,\"uri\":null,\"methodType\":null,\"method\":null,\"requestArgs\":null,\"executionTime\":null,\"result\":null,\"description\":null,\"exceptionName\":null,\"exceptionMessage\":null,\"user\":null,\"queryUsername\":null,\"queryStartDate\":null,\"queryEndDate\":null}]', 94, 1, '分页查询系统操作日志表数据', NULL, NULL, '2024-01-21 11:48:10', 1, '2024-01-21 11:48:10', 1, 0);
INSERT INTO `sys_operation_log` VALUES (3571, 1, '2024-01-21 11:48:50', '127.0.0.1', '/api/operation/log/page/1', 'GET', 'class com.zero.sys.controller.OperationLogController.page', '[1,10,{\"id\":null,\"operationUserId\":null,\"accessTime\":null,\"ip\":null,\"uri\":null,\"methodType\":null,\"method\":null,\"requestArgs\":null,\"executionTime\":null,\"result\":null,\"description\":null,\"exceptionName\":null,\"exceptionMessage\":null,\"user\":null,\"queryUsername\":null,\"queryStartDate\":null,\"queryEndDate\":null}]', 44, 1, '分页查询系统操作日志表数据', NULL, NULL, '2024-01-21 11:48:50', 1, '2024-01-21 11:48:50', 1, 0);
INSERT INTO `sys_operation_log` VALUES (3572, 1, '2024-01-21 11:48:52', '127.0.0.1', '/api/operation/log/page/2', 'GET', 'class com.zero.sys.controller.OperationLogController.page', '[2,10,{\"id\":null,\"operationUserId\":null,\"accessTime\":null,\"ip\":null,\"uri\":null,\"methodType\":null,\"method\":null,\"requestArgs\":null,\"executionTime\":null,\"result\":null,\"description\":null,\"exceptionName\":null,\"exceptionMessage\":null,\"user\":null,\"queryUsername\":null,\"queryStartDate\":null,\"queryEndDate\":null}]', 35, 1, '分页查询系统操作日志表数据', NULL, NULL, '2024-01-21 11:48:52', 1, '2024-01-21 11:48:52', 1, 0);
INSERT INTO `sys_operation_log` VALUES (3573, 1, '2024-01-21 11:48:54', '127.0.0.1', '/api/operation/log/page/1', 'GET', 'class com.zero.sys.controller.OperationLogController.page', '[1,10,{\"id\":null,\"operationUserId\":null,\"accessTime\":null,\"ip\":null,\"uri\":null,\"methodType\":null,\"method\":null,\"requestArgs\":null,\"executionTime\":null,\"result\":null,\"description\":null,\"exceptionName\":null,\"exceptionMessage\":null,\"user\":null,\"queryUsername\":null,\"queryStartDate\":null,\"queryEndDate\":null}]', 54, 1, '分页查询系统操作日志表数据', NULL, NULL, '2024-01-21 11:48:54', 1, '2024-01-21 11:48:54', 1, 0);
INSERT INTO `sys_operation_log` VALUES (3574, 1, '2024-01-21 11:48:56', '127.0.0.1', '/api/operation/log/page/2', 'GET', 'class com.zero.sys.controller.OperationLogController.page', '[2,10,{\"id\":null,\"operationUserId\":null,\"accessTime\":null,\"ip\":null,\"uri\":null,\"methodType\":null,\"method\":null,\"requestArgs\":null,\"executionTime\":null,\"result\":null,\"description\":null,\"exceptionName\":null,\"exceptionMessage\":null,\"user\":null,\"queryUsername\":null,\"queryStartDate\":null,\"queryEndDate\":null}]', 123, 1, '分页查询系统操作日志表数据', NULL, NULL, '2024-01-21 11:48:55', 1, '2024-01-21 11:48:55', 1, 0);
INSERT INTO `sys_operation_log` VALUES (3575, 1, '2024-01-21 11:51:23', '127.0.0.1', '/api/operation/log/page/1', 'GET', 'class com.zero.sys.controller.OperationLogController.page', '[1,10,{\"id\":null,\"operationUserId\":null,\"accessTime\":null,\"ip\":null,\"uri\":null,\"methodType\":null,\"method\":null,\"requestArgs\":null,\"executionTime\":null,\"result\":null,\"description\":null,\"exceptionName\":null,\"exceptionMessage\":null,\"user\":null,\"queryUsername\":null,\"queryStartDate\":null,\"queryEndDate\":null}]', 79, 1, '分页查询系统操作日志表数据', NULL, NULL, '2024-01-21 11:51:22', 1, '2024-01-21 11:51:22', 1, 0);
INSERT INTO `sys_operation_log` VALUES (3576, 1, '2024-01-21 11:51:24', '127.0.0.1', '/api/operation/log/page/1', 'GET', 'class com.zero.sys.controller.OperationLogController.page', '[1,10,{\"id\":null,\"operationUserId\":null,\"accessTime\":null,\"ip\":null,\"uri\":null,\"methodType\":null,\"method\":null,\"requestArgs\":null,\"executionTime\":null,\"result\":null,\"description\":null,\"exceptionName\":null,\"exceptionMessage\":null,\"user\":null,\"queryUsername\":null,\"queryStartDate\":null,\"queryEndDate\":null}]', 48, 1, '分页查询系统操作日志表数据', NULL, NULL, '2024-01-21 11:51:23', 1, '2024-01-21 11:51:23', 1, 0);
INSERT INTO `sys_operation_log` VALUES (3577, 1, '2024-01-21 11:51:56', '127.0.0.1', '/api/operation/log/page/1', 'GET', 'class com.zero.sys.controller.OperationLogController.page', '[1,10,{\"id\":null,\"operationUserId\":null,\"accessTime\":null,\"ip\":null,\"uri\":null,\"methodType\":null,\"method\":null,\"requestArgs\":null,\"executionTime\":null,\"result\":null,\"description\":null,\"exceptionName\":null,\"exceptionMessage\":null,\"user\":null,\"queryUsername\":null,\"queryStartDate\":null,\"queryEndDate\":null}]', 78, 1, '分页查询系统操作日志表数据', NULL, NULL, '2024-01-21 11:51:55', 1, '2024-01-21 11:51:55', 1, 0);
INSERT INTO `sys_operation_log` VALUES (3578, 1, '2024-01-21 11:51:57', '127.0.0.1', '/api/operation/log/page/1', 'GET', 'class com.zero.sys.controller.OperationLogController.page', '[1,10,{\"id\":null,\"operationUserId\":null,\"accessTime\":null,\"ip\":null,\"uri\":null,\"methodType\":null,\"method\":null,\"requestArgs\":null,\"executionTime\":null,\"result\":null,\"description\":null,\"exceptionName\":null,\"exceptionMessage\":null,\"user\":null,\"queryUsername\":null,\"queryStartDate\":null,\"queryEndDate\":null}]', 47, 1, '分页查询系统操作日志表数据', NULL, NULL, '2024-01-21 11:51:56', 1, '2024-01-21 11:51:56', 1, 0);
INSERT INTO `sys_operation_log` VALUES (3579, 1, '2024-01-21 11:51:58', '127.0.0.1', '/api/operation/log/page/3', 'GET', 'class com.zero.sys.controller.OperationLogController.page', '[3,10,{\"id\":null,\"operationUserId\":null,\"accessTime\":null,\"ip\":null,\"uri\":null,\"methodType\":null,\"method\":null,\"requestArgs\":null,\"executionTime\":null,\"result\":null,\"description\":null,\"exceptionName\":null,\"exceptionMessage\":null,\"user\":null,\"queryUsername\":null,\"queryStartDate\":null,\"queryEndDate\":null}]', 56, 1, '分页查询系统操作日志表数据', NULL, NULL, '2024-01-21 11:51:58', 1, '2024-01-21 11:51:58', 1, 0);
INSERT INTO `sys_operation_log` VALUES (3580, 1, '2024-01-21 11:52:23', '127.0.0.1', '/api/login/log/page/1', 'GET', 'class com.zero.auth.controller.LoginLogController.page', '[1,10,{\"id\":null,\"userId\":null,\"ip\":null,\"country\":null,\"region\":null,\"city\":null,\"isp\":null,\"loginTime\":null,\"tokenId\":null,\"logoutTime\":null,\"logout\":null,\"user\":null,\"queryUsername\":null,\"queryStartDate\":null,\"queryEndDate\":null,\"queryOnline\":null,\"queryAddress\":null}]', 30, 1, '分页查询系统账号登录日志表数据', NULL, NULL, '2024-01-21 11:52:22', 1, '2024-01-21 11:52:22', 1, 0);
INSERT INTO `sys_operation_log` VALUES (3581, 1, '2024-01-21 11:52:24', '127.0.0.1', '/api/login/log/page/1', 'GET', 'class com.zero.auth.controller.LoginLogController.page', '[1,10,{\"id\":null,\"userId\":null,\"ip\":null,\"country\":null,\"region\":null,\"city\":null,\"isp\":null,\"loginTime\":null,\"tokenId\":null,\"logoutTime\":null,\"logout\":null,\"user\":null,\"queryUsername\":null,\"queryStartDate\":null,\"queryEndDate\":null,\"queryOnline\":null,\"queryAddress\":null}]', 28, 1, '分页查询系统账号登录日志表数据', NULL, NULL, '2024-01-21 11:52:24', 1, '2024-01-21 11:52:24', 1, 0);
INSERT INTO `sys_operation_log` VALUES (3582, 1, '2024-01-21 11:55:31', '127.0.0.1', '/api/login/log/page/1', 'GET', 'class com.zero.auth.controller.LoginLogController.page', '[1,10,{\"id\":null,\"userId\":null,\"ip\":null,\"country\":null,\"region\":null,\"city\":null,\"isp\":null,\"loginTime\":null,\"tokenId\":null,\"logoutTime\":null,\"logout\":null,\"user\":null,\"queryUsername\":null,\"queryStartDate\":null,\"queryEndDate\":null,\"queryOnline\":null,\"queryAddress\":null}]', 182, 1, '分页查询系统账号登录日志表数据', NULL, NULL, '2024-01-21 11:55:31', 1, '2024-01-21 11:55:31', 1, 0);
INSERT INTO `sys_operation_log` VALUES (3583, 1, '2024-01-21 12:06:22', '127.0.0.1', '/api/operation/log/page/1', 'GET', 'class com.zero.sys.controller.OperationLogController.page', '[1,10,{\"id\":null,\"operationUserId\":null,\"accessTime\":null,\"ip\":null,\"uri\":null,\"methodType\":null,\"method\":null,\"requestArgs\":null,\"executionTime\":null,\"result\":null,\"description\":null,\"exceptionName\":null,\"exceptionMessage\":null,\"user\":null,\"queryUsername\":null,\"queryStartDate\":null,\"queryEndDate\":null}]', 241, 1, '分页查询系统操作日志表数据', NULL, NULL, '2024-01-21 12:06:21', 1, '2024-01-21 12:06:21', 1, 0);
INSERT INTO `sys_operation_log` VALUES (3584, 1, '2024-01-21 12:06:26', '127.0.0.1', '/api/operation/log/page/2', 'GET', 'class com.zero.sys.controller.OperationLogController.page', '[2,10,{\"id\":null,\"operationUserId\":null,\"accessTime\":null,\"ip\":null,\"uri\":null,\"methodType\":null,\"method\":null,\"requestArgs\":null,\"executionTime\":null,\"result\":null,\"description\":null,\"exceptionName\":null,\"exceptionMessage\":null,\"user\":null,\"queryUsername\":null,\"queryStartDate\":null,\"queryEndDate\":null}]', 51, 1, '分页查询系统操作日志表数据', NULL, NULL, '2024-01-21 12:06:25', 1, '2024-01-21 12:06:25', 1, 0);
INSERT INTO `sys_operation_log` VALUES (3585, 1, '2024-01-21 12:06:26', '127.0.0.1', '/api/operation/log/page/3', 'GET', 'class com.zero.sys.controller.OperationLogController.page', '[3,10,{\"id\":null,\"operationUserId\":null,\"accessTime\":null,\"ip\":null,\"uri\":null,\"methodType\":null,\"method\":null,\"requestArgs\":null,\"executionTime\":null,\"result\":null,\"description\":null,\"exceptionName\":null,\"exceptionMessage\":null,\"user\":null,\"queryUsername\":null,\"queryStartDate\":null,\"queryEndDate\":null}]', 40, 1, '分页查询系统操作日志表数据', NULL, NULL, '2024-01-21 12:06:26', 1, '2024-01-21 12:06:26', 1, 0);
INSERT INTO `sys_operation_log` VALUES (3586, 1, '2024-01-21 12:06:28', '127.0.0.1', '/api/operation/log/page/1', 'GET', 'class com.zero.sys.controller.OperationLogController.page', '[1,10,{\"id\":null,\"operationUserId\":null,\"accessTime\":null,\"ip\":null,\"uri\":null,\"methodType\":null,\"method\":null,\"requestArgs\":null,\"executionTime\":null,\"result\":null,\"description\":null,\"exceptionName\":null,\"exceptionMessage\":null,\"user\":null,\"queryUsername\":null,\"queryStartDate\":null,\"queryEndDate\":null}]', 43, 1, '分页查询系统操作日志表数据', NULL, NULL, '2024-01-21 12:06:27', 1, '2024-01-21 12:06:27', 1, 0);
INSERT INTO `sys_operation_log` VALUES (3587, 1, '2024-01-21 12:06:31', '127.0.0.1', '/api/login/log/page/1', 'GET', 'class com.zero.auth.controller.LoginLogController.page', '[1,10,{\"id\":null,\"userId\":null,\"ip\":null,\"country\":null,\"region\":null,\"city\":null,\"isp\":null,\"loginTime\":null,\"tokenId\":null,\"logoutTime\":null,\"logout\":null,\"user\":null,\"queryUsername\":null,\"queryStartDate\":null,\"queryEndDate\":null,\"queryOnline\":null,\"queryAddress\":null}]', 40, 1, '分页查询系统账号登录日志表数据', NULL, NULL, '2024-01-21 12:06:30', 1, '2024-01-21 12:06:30', 1, 0);
INSERT INTO `sys_operation_log` VALUES (3588, 1, '2024-01-21 12:06:32', '127.0.0.1', '/api/login/log/page/1', 'GET', 'class com.zero.auth.controller.LoginLogController.page', '[1,10,{\"id\":null,\"userId\":null,\"ip\":null,\"country\":null,\"region\":null,\"city\":null,\"isp\":null,\"loginTime\":null,\"tokenId\":null,\"logoutTime\":null,\"logout\":null,\"user\":null,\"queryUsername\":null,\"queryStartDate\":null,\"queryEndDate\":null,\"queryOnline\":null,\"queryAddress\":null}]', 29, 1, '分页查询系统账号登录日志表数据', NULL, NULL, '2024-01-21 12:06:31', 1, '2024-01-21 12:06:31', 1, 0);
INSERT INTO `sys_operation_log` VALUES (3589, 1, '2024-01-21 12:06:32', '127.0.0.1', '/api/login/log/page/1', 'GET', 'class com.zero.auth.controller.LoginLogController.page', '[1,10,{\"id\":null,\"userId\":null,\"ip\":null,\"country\":null,\"region\":null,\"city\":null,\"isp\":null,\"loginTime\":null,\"tokenId\":null,\"logoutTime\":null,\"logout\":null,\"user\":null,\"queryUsername\":null,\"queryStartDate\":null,\"queryEndDate\":null,\"queryOnline\":null,\"queryAddress\":null}]', 38, 1, '分页查询系统账号登录日志表数据', NULL, NULL, '2024-01-21 12:06:32', 1, '2024-01-21 12:06:32', 1, 0);
INSERT INTO `sys_operation_log` VALUES (3590, 1, '2024-01-21 12:06:38', '127.0.0.1', '/api/menu/routes', 'GET', 'class com.zero.sys.controller.MenuController.routes', NULL, 61, 1, '[动态路由]获取所有启用的系统菜单', NULL, NULL, '2024-01-21 12:06:37', 1, '2024-01-21 12:06:37', 1, 0);
INSERT INTO `sys_operation_log` VALUES (3591, 1, '2024-01-21 12:06:39', '127.0.0.1', '/api/index/login/map', 'GET', 'class com.zero.sys.controller.IndexController.loginMap', NULL, 6, 1, '获取系统首页的用户登录地图数据', NULL, NULL, '2024-01-21 12:06:39', 1, '2024-01-21 12:06:39', 1, 0);
INSERT INTO `sys_operation_log` VALUES (3592, 1, '2024-01-21 12:06:39', '127.0.0.1', '/api/config/const/keys', 'POST', 'class com.zero.sys.controller.ConfigConstController.keys', '[[\"RECORD_NUMBER\",\"SHOW_SETTINGS\",\"THEME_COLOR\",\"TAGS_VIEW\",\"FIXED_HEADER\",\"SIDEBAR_LOGO\"]]', 57, 1, '批量查询常量键值配置数据', NULL, NULL, '2024-01-21 12:06:39', 1, '2024-01-21 12:06:39', 1, 0);
INSERT INTO `sys_operation_log` VALUES (3593, 1, '2024-01-21 12:06:39', '127.0.0.1', '/api/index/panel/group', 'GET', 'class com.zero.sys.controller.IndexController.panelGroup', NULL, 8, 1, '获取系统首页的展示数据', NULL, NULL, '2024-01-21 12:06:39', 1, '2024-01-21 12:06:39', 1, 0);
INSERT INTO `sys_operation_log` VALUES (3594, 1, '2024-01-21 12:06:45', '127.0.0.1', '/api/operation/log/page/1', 'GET', 'class com.zero.sys.controller.OperationLogController.page', '[1,10,{\"id\":null,\"operationUserId\":null,\"accessTime\":null,\"ip\":null,\"uri\":null,\"methodType\":null,\"method\":null,\"requestArgs\":null,\"executionTime\":null,\"result\":null,\"description\":null,\"exceptionName\":null,\"exceptionMessage\":null,\"user\":null,\"queryUsername\":null,\"queryStartDate\":null,\"queryEndDate\":null}]', 34, 1, '分页查询系统操作日志表数据', NULL, NULL, '2024-01-21 12:06:44', 1, '2024-01-21 12:06:44', 1, 0);
INSERT INTO `sys_operation_log` VALUES (3595, 1, '2024-01-21 12:06:46', '127.0.0.1', '/api/login/log/page/1', 'GET', 'class com.zero.auth.controller.LoginLogController.page', '[1,10,{\"id\":null,\"userId\":null,\"ip\":null,\"country\":null,\"region\":null,\"city\":null,\"isp\":null,\"loginTime\":null,\"tokenId\":null,\"logoutTime\":null,\"logout\":null,\"user\":null,\"queryUsername\":null,\"queryStartDate\":null,\"queryEndDate\":null,\"queryOnline\":null,\"queryAddress\":null}]', 27, 1, '分页查询系统账号登录日志表数据', NULL, NULL, '2024-01-21 12:06:46', 1, '2024-01-21 12:06:46', 1, 0);
INSERT INTO `sys_operation_log` VALUES (3596, 1, '2024-01-21 12:07:44', '127.0.0.1', '/api/operation/log/page/1', 'GET', 'class com.zero.sys.controller.OperationLogController.page', '[1,10,{\"id\":null,\"operationUserId\":null,\"accessTime\":null,\"ip\":null,\"uri\":null,\"methodType\":null,\"method\":null,\"requestArgs\":null,\"executionTime\":null,\"result\":null,\"description\":null,\"exceptionName\":null,\"exceptionMessage\":null,\"user\":null,\"queryUsername\":null,\"queryStartDate\":null,\"queryEndDate\":null}]', 37, 1, '分页查询系统操作日志表数据', NULL, NULL, '2024-01-21 12:07:43', 1, '2024-01-21 12:07:43', 1, 0);
INSERT INTO `sys_operation_log` VALUES (3597, 1, '2024-01-21 12:12:37', '127.0.0.1', '/api/login/log/page/1', 'GET', 'class com.zero.auth.controller.LoginLogController.page', '[1,10,{\"id\":null,\"userId\":null,\"ip\":null,\"country\":null,\"region\":null,\"city\":null,\"isp\":null,\"loginTime\":null,\"tokenId\":null,\"logoutTime\":null,\"logout\":null,\"user\":null,\"queryUsername\":null,\"queryStartDate\":null,\"queryEndDate\":null,\"queryOnline\":null,\"queryAddress\":null}]', 34, 1, '分页查询系统账号登录日志表数据', NULL, NULL, '2024-01-21 12:12:36', 1, '2024-01-21 12:12:36', 1, 0);
INSERT INTO `sys_operation_log` VALUES (3598, 1, '2024-01-21 12:22:29', '127.0.0.1', '/api/menu/routes', 'GET', 'class com.zero.sys.controller.MenuController.routes', NULL, 102, 1, '[动态路由]获取所有启用的系统菜单', NULL, NULL, '2024-01-21 12:22:29', 1, '2024-01-21 12:22:29', 1, 0);
INSERT INTO `sys_operation_log` VALUES (3599, 1, '2024-01-21 12:22:30', '127.0.0.1', '/api/index/panel/group', 'GET', 'class com.zero.sys.controller.IndexController.panelGroup', NULL, 9, 1, '获取系统首页的展示数据', NULL, NULL, '2024-01-21 12:22:30', 1, '2024-01-21 12:22:30', 1, 0);
INSERT INTO `sys_operation_log` VALUES (3600, 1, '2024-01-21 12:22:30', '127.0.0.1', '/api/index/login/map', 'GET', 'class com.zero.sys.controller.IndexController.loginMap', NULL, 12, 1, '获取系统首页的用户登录地图数据', NULL, NULL, '2024-01-21 12:22:30', 1, '2024-01-21 12:22:30', 1, 0);
INSERT INTO `sys_operation_log` VALUES (3601, 1, '2024-01-21 12:22:30', '127.0.0.1', '/api/config/const/keys', 'POST', 'class com.zero.sys.controller.ConfigConstController.keys', '[[\"RECORD_NUMBER\",\"SHOW_SETTINGS\",\"THEME_COLOR\",\"TAGS_VIEW\",\"FIXED_HEADER\",\"SIDEBAR_LOGO\"]]', 90, 1, '批量查询常量键值配置数据', NULL, NULL, '2024-01-21 12:22:30', 1, '2024-01-21 12:22:30', 1, 0);
INSERT INTO `sys_operation_log` VALUES (3602, 1, '2024-01-21 12:24:55', '127.0.0.1', '/api/user/page/1', 'GET', 'class com.zero.auth.controller.UserController.page', '[1,10,{\"id\":null,\"username\":null,\"password\":null,\"enabled\":null,\"locked\":null,\"accountExpire\":null,\"passwordExpire\":null,\"type\":null,\"roles\":null,\"userInfo\":null,\"onlineLoginLogs\":null,\"queryRoleId\":null}]', 264, 1, '分页查询用户数据', NULL, NULL, '2024-01-21 12:24:55', 1, '2024-01-21 12:24:55', 1, 0);
INSERT INTO `sys_operation_log` VALUES (3603, 1, '2024-01-21 12:49:28', '127.0.0.1', '/api/menu/routes', 'GET', 'class com.zero.sys.controller.MenuController.routes', NULL, 66, 1, '[动态路由]获取所有启用的系统菜单', NULL, NULL, '2024-01-21 12:49:27', 1, '2024-01-21 12:49:27', 1, 0);
INSERT INTO `sys_operation_log` VALUES (3604, 1, '2024-01-21 12:49:30', '127.0.0.1', '/api/index/panel/group', 'GET', 'class com.zero.sys.controller.IndexController.panelGroup', NULL, 8, 1, '获取系统首页的展示数据', NULL, NULL, '2024-01-21 12:49:29', 1, '2024-01-21 12:49:29', 1, 0);
INSERT INTO `sys_operation_log` VALUES (3605, 1, '2024-01-21 12:49:30', '127.0.0.1', '/api/index/login/map', 'GET', 'class com.zero.sys.controller.IndexController.loginMap', NULL, 12, 1, '获取系统首页的用户登录地图数据', NULL, NULL, '2024-01-21 12:49:29', 1, '2024-01-21 12:49:29', 1, 0);
INSERT INTO `sys_operation_log` VALUES (3606, 1, '2024-01-21 12:49:30', '127.0.0.1', '/api/config/const/keys', 'POST', 'class com.zero.sys.controller.ConfigConstController.keys', '[[\"RECORD_NUMBER\",\"SHOW_SETTINGS\",\"THEME_COLOR\",\"TAGS_VIEW\",\"FIXED_HEADER\",\"SIDEBAR_LOGO\"]]', 48, 1, '批量查询常量键值配置数据', NULL, NULL, '2024-01-21 12:49:29', 1, '2024-01-21 12:49:29', 1, 0);
INSERT INTO `sys_operation_log` VALUES (3607, 1, '2024-01-21 12:59:02', '127.0.0.1', '/api/menu/routes', 'GET', 'class com.zero.sys.controller.MenuController.routes', NULL, 63, 1, '[动态路由]获取所有启用的系统菜单', NULL, NULL, '2024-01-21 12:59:02', 1, '2024-01-21 12:59:02', 1, 0);
INSERT INTO `sys_operation_log` VALUES (3608, 1, '2024-01-21 12:59:02', '127.0.0.1', '/api/menu/routes', 'GET', 'class com.zero.sys.controller.MenuController.routes', NULL, 68, 1, '[动态路由]获取所有启用的系统菜单', NULL, NULL, '2024-01-21 12:59:02', 1, '2024-01-21 12:59:02', 1, 0);
INSERT INTO `sys_operation_log` VALUES (3609, 1, '2024-01-21 12:59:03', '127.0.0.1', '/api/config/const/keys', 'POST', 'class com.zero.sys.controller.ConfigConstController.keys', '[[\"RECORD_NUMBER\",\"SHOW_SETTINGS\",\"THEME_COLOR\",\"TAGS_VIEW\",\"FIXED_HEADER\",\"SIDEBAR_LOGO\"]]', 132, 1, '批量查询常量键值配置数据', NULL, NULL, '2024-01-21 12:59:03', 1, '2024-01-21 12:59:03', 1, 0);
INSERT INTO `sys_operation_log` VALUES (3610, 1, '2024-01-21 12:59:03', '127.0.0.1', '/api/login/log/page/1', 'GET', 'class com.zero.auth.controller.LoginLogController.page', '[1,10,{\"id\":null,\"userId\":null,\"ip\":null,\"country\":null,\"region\":null,\"city\":null,\"isp\":null,\"loginTime\":null,\"tokenId\":null,\"mobile\":null,\"browserName\":null,\"browserVersion\":null,\"osName\":null,\"logoutTime\":null,\"logout\":null,\"user\":null,\"queryUsername\":null,\"queryStartDate\":null,\"queryEndDate\":null,\"queryOnline\":null,\"queryAddress\":null}]', 507, 1, '分页查询系统账号登录日志表数据', NULL, NULL, '2024-01-21 12:59:03', 1, '2024-01-21 12:59:03', 1, 0);
INSERT INTO `sys_operation_log` VALUES (3611, 1, '2024-01-21 13:02:25', '127.0.0.1', '/api/login/log/page/1', 'GET', 'class com.zero.auth.controller.LoginLogController.page', '[1,10,{\"id\":null,\"userId\":null,\"ip\":null,\"country\":null,\"region\":null,\"city\":null,\"isp\":null,\"loginTime\":null,\"tokenId\":null,\"mobile\":null,\"browserName\":null,\"browserVersion\":null,\"osName\":null,\"logoutTime\":null,\"logout\":null,\"user\":null,\"queryUsername\":null,\"queryStartDate\":null,\"queryEndDate\":null,\"queryOnline\":null,\"queryAddress\":null}]', 36, 1, '分页查询系统账号登录日志表数据', NULL, NULL, '2024-01-21 13:02:24', 1, '2024-01-21 13:02:24', 1, 0);
INSERT INTO `sys_operation_log` VALUES (3612, 1, '2024-01-21 13:02:53', '127.0.0.1', '/api/login/log/page/1', 'GET', 'class com.zero.auth.controller.LoginLogController.page', '[1,10,{\"id\":null,\"userId\":null,\"ip\":null,\"country\":null,\"region\":null,\"city\":null,\"isp\":null,\"loginTime\":null,\"tokenId\":null,\"mobile\":null,\"browserName\":null,\"browserVersion\":null,\"osName\":null,\"logoutTime\":null,\"logout\":null,\"user\":null,\"queryUsername\":null,\"queryStartDate\":null,\"queryEndDate\":null,\"queryOnline\":null,\"queryAddress\":null}]', 41, 1, '分页查询系统账号登录日志表数据', NULL, NULL, '2024-01-21 13:02:53', 1, '2024-01-21 13:02:53', 1, 0);
INSERT INTO `sys_operation_log` VALUES (3613, 1, '2024-01-21 13:02:54', '127.0.0.1', '/api/login/log/page/1', 'GET', 'class com.zero.auth.controller.LoginLogController.page', '[1,10,{\"id\":null,\"userId\":null,\"ip\":null,\"country\":null,\"region\":null,\"city\":null,\"isp\":null,\"loginTime\":null,\"tokenId\":null,\"mobile\":null,\"browserName\":null,\"browserVersion\":null,\"osName\":null,\"logoutTime\":null,\"logout\":null,\"user\":null,\"queryUsername\":null,\"queryStartDate\":null,\"queryEndDate\":null,\"queryOnline\":null,\"queryAddress\":null}]', 41, 1, '分页查询系统账号登录日志表数据', NULL, NULL, '2024-01-21 13:02:54', 1, '2024-01-21 13:02:54', 1, 0);
INSERT INTO `sys_operation_log` VALUES (3614, 1, '2024-01-21 13:02:55', '127.0.0.1', '/api/login/log/page/1', 'GET', 'class com.zero.auth.controller.LoginLogController.page', '[1,10,{\"id\":null,\"userId\":null,\"ip\":null,\"country\":null,\"region\":null,\"city\":null,\"isp\":null,\"loginTime\":null,\"tokenId\":null,\"mobile\":null,\"browserName\":null,\"browserVersion\":null,\"osName\":null,\"logoutTime\":null,\"logout\":null,\"user\":null,\"queryUsername\":null,\"queryStartDate\":null,\"queryEndDate\":null,\"queryOnline\":null,\"queryAddress\":null}]', 33, 1, '分页查询系统账号登录日志表数据', NULL, NULL, '2024-01-21 13:02:54', 1, '2024-01-21 13:02:54', 1, 0);
INSERT INTO `sys_operation_log` VALUES (3615, 1, '2024-01-21 13:02:56', '127.0.0.1', '/api/menu/routes', 'GET', 'class com.zero.sys.controller.MenuController.routes', NULL, 73, 1, '[动态路由]获取所有启用的系统菜单', NULL, NULL, '2024-01-21 13:02:56', 1, '2024-01-21 13:02:56', 1, 0);
INSERT INTO `sys_operation_log` VALUES (3616, 1, '2024-01-21 13:02:57', '127.0.0.1', '/api/menu/routes', 'GET', 'class com.zero.sys.controller.MenuController.routes', NULL, 63, 1, '[动态路由]获取所有启用的系统菜单', NULL, NULL, '2024-01-21 13:02:56', 1, '2024-01-21 13:02:56', 1, 0);
INSERT INTO `sys_operation_log` VALUES (3617, 1, '2024-01-21 13:02:57', '127.0.0.1', '/api/config/const/keys', 'POST', 'class com.zero.sys.controller.ConfigConstController.keys', '[[\"RECORD_NUMBER\",\"SHOW_SETTINGS\",\"THEME_COLOR\",\"TAGS_VIEW\",\"FIXED_HEADER\",\"SIDEBAR_LOGO\"]]', 80, 1, '批量查询常量键值配置数据', NULL, NULL, '2024-01-21 13:02:57', 1, '2024-01-21 13:02:57', 1, 0);
INSERT INTO `sys_operation_log` VALUES (3618, 1, '2024-01-21 13:02:57', '127.0.0.1', '/api/login/log/page/1', 'GET', 'class com.zero.auth.controller.LoginLogController.page', '[1,10,{\"id\":null,\"userId\":null,\"ip\":null,\"country\":null,\"region\":null,\"city\":null,\"isp\":null,\"loginTime\":null,\"tokenId\":null,\"mobile\":null,\"browserName\":null,\"browserVersion\":null,\"osName\":null,\"logoutTime\":null,\"logout\":null,\"user\":null,\"queryUsername\":null,\"queryStartDate\":null,\"queryEndDate\":null,\"queryOnline\":null,\"queryAddress\":null}]', 123, 1, '分页查询系统账号登录日志表数据', NULL, NULL, '2024-01-21 13:02:57', 1, '2024-01-21 13:02:57', 1, 0);
INSERT INTO `sys_operation_log` VALUES (3619, 1, '2024-01-21 13:03:29', '127.0.0.1', '/api/login/log/page/1', 'GET', 'class com.zero.auth.controller.LoginLogController.page', '[1,10,{\"id\":null,\"userId\":null,\"ip\":null,\"country\":null,\"region\":null,\"city\":null,\"isp\":null,\"loginTime\":null,\"tokenId\":null,\"mobile\":null,\"browserName\":null,\"browserVersion\":null,\"osName\":null,\"logoutTime\":null,\"logout\":null,\"user\":null,\"queryUsername\":null,\"queryStartDate\":null,\"queryEndDate\":null,\"queryOnline\":null,\"queryAddress\":null}]', 237, 1, '分页查询系统账号登录日志表数据', NULL, NULL, '2024-01-21 13:03:29', 1, '2024-01-21 13:03:29', 1, 0);
INSERT INTO `sys_operation_log` VALUES (3620, 1, '2024-01-21 13:04:20', '127.0.0.1', '/api/login/log/page/1', 'GET', 'class com.zero.auth.controller.LoginLogController.page', '[1,10,{\"id\":null,\"userId\":null,\"ip\":null,\"country\":null,\"region\":null,\"city\":null,\"isp\":null,\"loginTime\":null,\"tokenId\":null,\"mobile\":null,\"browserName\":null,\"browserVersion\":null,\"osName\":null,\"logoutTime\":null,\"logout\":null,\"user\":null,\"queryUsername\":null,\"queryStartDate\":null,\"queryEndDate\":null,\"queryOnline\":null,\"queryAddress\":null}]', 261, 1, '分页查询系统账号登录日志表数据', NULL, NULL, '2024-01-21 13:04:20', 1, '2024-01-21 13:04:20', 1, 0);
INSERT INTO `sys_operation_log` VALUES (3621, 1, '2024-01-21 13:04:28', '127.0.0.1', '/api/login/log/page/1', 'GET', 'class com.zero.auth.controller.LoginLogController.page', '[1,10,{\"id\":null,\"userId\":null,\"ip\":null,\"country\":null,\"region\":null,\"city\":null,\"isp\":null,\"loginTime\":null,\"tokenId\":null,\"mobile\":null,\"browserName\":null,\"browserVersion\":null,\"osName\":null,\"logoutTime\":null,\"logout\":null,\"user\":null,\"queryUsername\":null,\"queryStartDate\":null,\"queryEndDate\":null,\"queryOnline\":null,\"queryAddress\":null}]', 70, 1, '分页查询系统账号登录日志表数据', NULL, NULL, '2024-01-21 13:04:27', 1, '2024-01-21 13:04:27', 1, 0);
INSERT INTO `sys_operation_log` VALUES (3622, 1, '2024-01-21 13:04:44', '127.0.0.1', '/api/login/log/page/1', 'GET', 'class com.zero.auth.controller.LoginLogController.page', '[1,10,{\"id\":null,\"userId\":null,\"ip\":null,\"country\":null,\"region\":null,\"city\":null,\"isp\":null,\"loginTime\":null,\"tokenId\":null,\"mobile\":null,\"browserName\":null,\"browserVersion\":null,\"osName\":null,\"logoutTime\":null,\"logout\":null,\"user\":null,\"queryUsername\":null,\"queryStartDate\":null,\"queryEndDate\":null,\"queryOnline\":null,\"queryAddress\":null}]', 77, 1, '分页查询系统账号登录日志表数据', NULL, NULL, '2024-01-21 13:04:43', 1, '2024-01-21 13:04:43', 1, 0);
INSERT INTO `sys_operation_log` VALUES (3623, 1, '2024-01-21 13:04:52', '127.0.0.1', '/api/login/log/page/1', 'GET', 'class com.zero.auth.controller.LoginLogController.page', '[1,10,{\"id\":null,\"userId\":null,\"ip\":null,\"country\":null,\"region\":null,\"city\":null,\"isp\":null,\"loginTime\":null,\"tokenId\":null,\"mobile\":null,\"browserName\":null,\"browserVersion\":null,\"osName\":null,\"logoutTime\":null,\"logout\":null,\"user\":null,\"queryUsername\":null,\"queryStartDate\":null,\"queryEndDate\":null,\"queryOnline\":null,\"queryAddress\":null}]', 34, 1, '分页查询系统账号登录日志表数据', NULL, NULL, '2024-01-21 13:04:52', 1, '2024-01-21 13:04:52', 1, 0);
INSERT INTO `sys_operation_log` VALUES (3624, 1, '2024-01-21 13:05:00', '127.0.0.1', '/api/login/log/page/1', 'GET', 'class com.zero.auth.controller.LoginLogController.page', '[1,10,{\"id\":null,\"userId\":null,\"ip\":null,\"country\":null,\"region\":null,\"city\":null,\"isp\":null,\"loginTime\":null,\"tokenId\":null,\"mobile\":null,\"browserName\":null,\"browserVersion\":null,\"osName\":null,\"logoutTime\":null,\"logout\":null,\"user\":null,\"queryUsername\":null,\"queryStartDate\":null,\"queryEndDate\":null,\"queryOnline\":null,\"queryAddress\":null}]', 81, 1, '分页查询系统账号登录日志表数据', NULL, NULL, '2024-01-21 13:05:00', 1, '2024-01-21 13:05:00', 1, 0);
INSERT INTO `sys_operation_log` VALUES (3625, 1, '2024-01-21 13:05:02', '127.0.0.1', '/api/login/log/page/1', 'GET', 'class com.zero.auth.controller.LoginLogController.page', '[1,10,{\"id\":null,\"userId\":null,\"ip\":null,\"country\":null,\"region\":null,\"city\":null,\"isp\":null,\"loginTime\":null,\"tokenId\":null,\"mobile\":null,\"browserName\":null,\"browserVersion\":null,\"osName\":null,\"logoutTime\":null,\"logout\":null,\"user\":null,\"queryUsername\":null,\"queryStartDate\":null,\"queryEndDate\":null,\"queryOnline\":null,\"queryAddress\":null}]', 43, 1, '分页查询系统账号登录日志表数据', NULL, NULL, '2024-01-21 13:05:01', 1, '2024-01-21 13:05:01', 1, 0);
INSERT INTO `sys_operation_log` VALUES (3626, 1, '2024-01-21 13:05:10', '127.0.0.1', '/api/login/log/page/1', 'GET', 'class com.zero.auth.controller.LoginLogController.page', '[1,10,{\"id\":null,\"userId\":null,\"ip\":null,\"country\":null,\"region\":null,\"city\":null,\"isp\":null,\"loginTime\":null,\"tokenId\":null,\"mobile\":null,\"browserName\":null,\"browserVersion\":null,\"osName\":null,\"logoutTime\":null,\"logout\":null,\"user\":null,\"queryUsername\":null,\"queryStartDate\":null,\"queryEndDate\":null,\"queryOnline\":null,\"queryAddress\":null}]', 44, 1, '分页查询系统账号登录日志表数据', NULL, NULL, '2024-01-21 13:05:10', 1, '2024-01-21 13:05:10', 1, 0);
INSERT INTO `sys_operation_log` VALUES (3627, 1, '2024-01-21 13:05:11', '127.0.0.1', '/api/login/log/page/1', 'GET', 'class com.zero.auth.controller.LoginLogController.page', '[1,10,{\"id\":null,\"userId\":null,\"ip\":null,\"country\":null,\"region\":null,\"city\":null,\"isp\":null,\"loginTime\":null,\"tokenId\":null,\"mobile\":null,\"browserName\":null,\"browserVersion\":null,\"osName\":null,\"logoutTime\":null,\"logout\":null,\"user\":null,\"queryUsername\":null,\"queryStartDate\":null,\"queryEndDate\":null,\"queryOnline\":null,\"queryAddress\":null}]', 45, 1, '分页查询系统账号登录日志表数据', NULL, NULL, '2024-01-21 13:05:11', 1, '2024-01-21 13:05:11', 1, 0);
INSERT INTO `sys_operation_log` VALUES (3628, 1, '2024-01-21 13:05:33', '127.0.0.1', '/api/login/log/page/1', 'GET', 'class com.zero.auth.controller.LoginLogController.page', '[1,10,{\"id\":null,\"userId\":null,\"ip\":null,\"country\":null,\"region\":null,\"city\":null,\"isp\":null,\"loginTime\":null,\"tokenId\":null,\"mobile\":null,\"browserName\":null,\"browserVersion\":null,\"osName\":null,\"logoutTime\":null,\"logout\":null,\"user\":null,\"queryUsername\":null,\"queryStartDate\":null,\"queryEndDate\":null,\"queryOnline\":null,\"queryAddress\":null}]', 44, 1, '分页查询系统账号登录日志表数据', NULL, NULL, '2024-01-21 13:05:32', 1, '2024-01-21 13:05:32', 1, 0);
INSERT INTO `sys_operation_log` VALUES (3629, 1, '2024-01-21 13:05:34', '127.0.0.1', '/api/login/log/page/1', 'GET', 'class com.zero.auth.controller.LoginLogController.page', '[1,10,{\"id\":null,\"userId\":null,\"ip\":null,\"country\":null,\"region\":null,\"city\":null,\"isp\":null,\"loginTime\":null,\"tokenId\":null,\"mobile\":null,\"browserName\":null,\"browserVersion\":null,\"osName\":null,\"logoutTime\":null,\"logout\":null,\"user\":null,\"queryUsername\":null,\"queryStartDate\":null,\"queryEndDate\":null,\"queryOnline\":null,\"queryAddress\":null}]', 56, 1, '分页查询系统账号登录日志表数据', NULL, NULL, '2024-01-21 13:05:33', 1, '2024-01-21 13:05:33', 1, 0);
INSERT INTO `sys_operation_log` VALUES (3630, 1, '2024-01-21 13:05:44', '127.0.0.1', '/api/login/log/page/1', 'GET', 'class com.zero.auth.controller.LoginLogController.page', '[1,10,{\"id\":null,\"userId\":null,\"ip\":null,\"country\":null,\"region\":null,\"city\":null,\"isp\":null,\"loginTime\":null,\"tokenId\":null,\"mobile\":null,\"browserName\":null,\"browserVersion\":null,\"osName\":null,\"logoutTime\":null,\"logout\":null,\"user\":null,\"queryUsername\":null,\"queryStartDate\":null,\"queryEndDate\":null,\"queryOnline\":null,\"queryAddress\":null}]', 37, 1, '分页查询系统账号登录日志表数据', NULL, NULL, '2024-01-21 13:05:44', 1, '2024-01-21 13:05:44', 1, 0);
INSERT INTO `sys_operation_log` VALUES (3631, 1, '2024-01-21 13:05:47', '127.0.0.1', '/api/login/log/page/1', 'GET', 'class com.zero.auth.controller.LoginLogController.page', '[1,10,{\"id\":null,\"userId\":null,\"ip\":null,\"country\":null,\"region\":null,\"city\":null,\"isp\":null,\"loginTime\":null,\"tokenId\":null,\"mobile\":null,\"browserName\":null,\"browserVersion\":null,\"osName\":null,\"logoutTime\":null,\"logout\":null,\"user\":null,\"queryUsername\":null,\"queryStartDate\":null,\"queryEndDate\":null,\"queryOnline\":null,\"queryAddress\":null}]', 42, 1, '分页查询系统账号登录日志表数据', NULL, NULL, '2024-01-21 13:05:46', 1, '2024-01-21 13:05:46', 1, 0);
INSERT INTO `sys_operation_log` VALUES (3632, 1, '2024-01-21 13:06:05', '127.0.0.1', '/api/login/log/page/1', 'GET', 'class com.zero.auth.controller.LoginLogController.page', '[1,10,{\"id\":null,\"userId\":null,\"ip\":null,\"country\":null,\"region\":null,\"city\":null,\"isp\":null,\"loginTime\":null,\"tokenId\":null,\"mobile\":null,\"browserName\":null,\"browserVersion\":null,\"osName\":null,\"logoutTime\":null,\"logout\":null,\"user\":null,\"queryUsername\":null,\"queryStartDate\":null,\"queryEndDate\":null,\"queryOnline\":null,\"queryAddress\":null}]', 40, 1, '分页查询系统账号登录日志表数据', NULL, NULL, '2024-01-21 13:06:04', 1, '2024-01-21 13:06:04', 1, 0);
INSERT INTO `sys_operation_log` VALUES (3633, 1, '2024-01-21 13:06:19', '127.0.0.1', '/api/login/log/page/1', 'GET', 'class com.zero.auth.controller.LoginLogController.page', '[1,10,{\"id\":null,\"userId\":null,\"ip\":null,\"country\":null,\"region\":null,\"city\":null,\"isp\":null,\"loginTime\":null,\"tokenId\":null,\"mobile\":null,\"browserName\":null,\"browserVersion\":null,\"osName\":null,\"logoutTime\":null,\"logout\":null,\"user\":null,\"queryUsername\":null,\"queryStartDate\":null,\"queryEndDate\":null,\"queryOnline\":null,\"queryAddress\":null}]', 1086, 1, '分页查询系统账号登录日志表数据', NULL, NULL, '2024-01-21 13:06:19', 1, '2024-01-21 13:06:19', 1, 0);
INSERT INTO `sys_operation_log` VALUES (3634, 1, '2024-01-21 13:06:25', '127.0.0.1', '/api/login/log/page/1', 'GET', 'class com.zero.auth.controller.LoginLogController.page', '[1,10,{\"id\":null,\"userId\":null,\"ip\":null,\"country\":null,\"region\":null,\"city\":null,\"isp\":null,\"loginTime\":null,\"tokenId\":null,\"mobile\":null,\"browserName\":null,\"browserVersion\":null,\"osName\":null,\"logoutTime\":null,\"logout\":null,\"user\":null,\"queryUsername\":null,\"queryStartDate\":null,\"queryEndDate\":null,\"queryOnline\":null,\"queryAddress\":null}]', 51, 1, '分页查询系统账号登录日志表数据', NULL, NULL, '2024-01-21 13:06:24', 1, '2024-01-21 13:06:24', 1, 0);
INSERT INTO `sys_operation_log` VALUES (3635, 1, '2024-01-21 13:06:32', '127.0.0.1', '/api/login/log/page/1', 'GET', 'class com.zero.auth.controller.LoginLogController.page', '[1,10,{\"id\":null,\"userId\":null,\"ip\":null,\"country\":null,\"region\":null,\"city\":null,\"isp\":null,\"loginTime\":null,\"tokenId\":null,\"mobile\":null,\"browserName\":null,\"browserVersion\":null,\"osName\":null,\"logoutTime\":null,\"logout\":null,\"user\":null,\"queryUsername\":null,\"queryStartDate\":null,\"queryEndDate\":null,\"queryOnline\":null,\"queryAddress\":null}]', 50, 1, '分页查询系统账号登录日志表数据', NULL, NULL, '2024-01-21 13:06:32', 1, '2024-01-21 13:06:32', 1, 0);
INSERT INTO `sys_operation_log` VALUES (3636, 1, '2024-01-21 13:06:33', '127.0.0.1', '/api/login/log/page/1', 'GET', 'class com.zero.auth.controller.LoginLogController.page', '[1,10,{\"id\":null,\"userId\":null,\"ip\":null,\"country\":null,\"region\":null,\"city\":null,\"isp\":null,\"loginTime\":null,\"tokenId\":null,\"mobile\":null,\"browserName\":null,\"browserVersion\":null,\"osName\":null,\"logoutTime\":null,\"logout\":null,\"user\":null,\"queryUsername\":null,\"queryStartDate\":null,\"queryEndDate\":null,\"queryOnline\":null,\"queryAddress\":null}]', 53, 1, '分页查询系统账号登录日志表数据', NULL, NULL, '2024-01-21 13:06:33', 1, '2024-01-21 13:06:33', 1, 0);
INSERT INTO `sys_operation_log` VALUES (3637, 1, '2024-01-21 13:07:11', '127.0.0.1', '/api/login/log/page/1', 'GET', 'class com.zero.auth.controller.LoginLogController.page', '[1,10,{\"id\":null,\"userId\":null,\"ip\":null,\"country\":null,\"region\":null,\"city\":null,\"isp\":null,\"loginTime\":null,\"tokenId\":null,\"mobile\":null,\"browserName\":null,\"browserVersion\":null,\"osName\":null,\"logoutTime\":null,\"logout\":null,\"user\":null,\"queryUsername\":null,\"queryStartDate\":null,\"queryEndDate\":null,\"queryOnline\":null,\"queryAddress\":null}]', 38, 1, '分页查询系统账号登录日志表数据', NULL, NULL, '2024-01-21 13:07:11', 1, '2024-01-21 13:07:11', 1, 0);
INSERT INTO `sys_operation_log` VALUES (3638, 1, '2024-01-21 13:07:18', '127.0.0.1', '/api/login/log/page/1', 'GET', 'class com.zero.auth.controller.LoginLogController.page', '[1,10,{\"id\":null,\"userId\":null,\"ip\":null,\"country\":null,\"region\":null,\"city\":null,\"isp\":null,\"loginTime\":null,\"tokenId\":null,\"mobile\":null,\"browserName\":null,\"browserVersion\":null,\"osName\":null,\"logoutTime\":null,\"logout\":null,\"user\":null,\"queryUsername\":null,\"queryStartDate\":null,\"queryEndDate\":null,\"queryOnline\":null,\"queryAddress\":null}]', 56, 1, '分页查询系统账号登录日志表数据', NULL, NULL, '2024-01-21 13:07:18', 1, '2024-01-21 13:07:18', 1, 0);
INSERT INTO `sys_operation_log` VALUES (3639, 1, '2024-01-21 13:07:20', '127.0.0.1', '/api/login/log/page/1', 'GET', 'class com.zero.auth.controller.LoginLogController.page', '[1,10,{\"id\":null,\"userId\":null,\"ip\":null,\"country\":null,\"region\":null,\"city\":null,\"isp\":null,\"loginTime\":null,\"tokenId\":null,\"mobile\":null,\"browserName\":null,\"browserVersion\":null,\"osName\":null,\"logoutTime\":null,\"logout\":null,\"user\":null,\"queryUsername\":null,\"queryStartDate\":null,\"queryEndDate\":null,\"queryOnline\":null,\"queryAddress\":null}]', 65, 1, '分页查询系统账号登录日志表数据', NULL, NULL, '2024-01-21 13:07:20', 1, '2024-01-21 13:07:20', 1, 0);
INSERT INTO `sys_operation_log` VALUES (3640, 1, '2024-01-21 13:07:22', '127.0.0.1', '/api/user/page/1', 'GET', 'class com.zero.auth.controller.UserController.page', '[1,10,{\"id\":null,\"username\":null,\"password\":null,\"enabled\":null,\"locked\":null,\"accountExpire\":null,\"passwordExpire\":null,\"type\":null,\"roles\":null,\"userInfo\":null,\"onlineLoginLogs\":null,\"queryRoleId\":null}]', 153, 1, '分页查询用户数据', NULL, NULL, '2024-01-21 13:07:22', 1, '2024-01-21 13:07:22', 1, 0);
INSERT INTO `sys_operation_log` VALUES (3641, 1, '2024-01-21 13:07:27', '127.0.0.1', '/api/operation/log/page/1', 'GET', 'class com.zero.sys.controller.OperationLogController.page', '[1,10,{\"id\":null,\"operationUserId\":null,\"accessTime\":null,\"ip\":null,\"uri\":null,\"methodType\":null,\"method\":null,\"requestArgs\":null,\"executionTime\":null,\"result\":null,\"description\":null,\"exceptionName\":null,\"exceptionMessage\":null,\"user\":null,\"queryUsername\":null,\"queryStartDate\":null,\"queryEndDate\":null}]', 113, 1, '分页查询系统操作日志表数据', NULL, NULL, '2024-01-21 13:07:27', 1, '2024-01-21 13:07:27', 1, 0);
INSERT INTO `sys_operation_log` VALUES (3642, 1, '2024-01-21 13:07:36', '127.0.0.1', '/api/login/log/page/1', 'GET', 'class com.zero.auth.controller.LoginLogController.page', '[1,10,{\"id\":null,\"userId\":null,\"ip\":null,\"country\":null,\"region\":null,\"city\":null,\"isp\":null,\"loginTime\":null,\"tokenId\":null,\"mobile\":null,\"browserName\":null,\"browserVersion\":null,\"osName\":null,\"logoutTime\":null,\"logout\":null,\"user\":null,\"queryUsername\":null,\"queryStartDate\":null,\"queryEndDate\":null,\"queryOnline\":null,\"queryAddress\":null}]', 59, 1, '分页查询系统账号登录日志表数据', NULL, NULL, '2024-01-21 13:07:35', 1, '2024-01-21 13:07:35', 1, 0);
INSERT INTO `sys_operation_log` VALUES (3643, 1, '2024-01-21 13:07:37', '127.0.0.1', '/api/login/log/page/1', 'GET', 'class com.zero.auth.controller.LoginLogController.page', '[1,10,{\"id\":null,\"userId\":null,\"ip\":null,\"country\":null,\"region\":null,\"city\":null,\"isp\":null,\"loginTime\":null,\"tokenId\":null,\"mobile\":null,\"browserName\":null,\"browserVersion\":null,\"osName\":null,\"logoutTime\":null,\"logout\":null,\"user\":null,\"queryUsername\":null,\"queryStartDate\":null,\"queryEndDate\":null,\"queryOnline\":null,\"queryAddress\":null}]', 95, 1, '分页查询系统账号登录日志表数据', NULL, NULL, '2024-01-21 13:07:36', 1, '2024-01-21 13:07:36', 1, 0);
INSERT INTO `sys_operation_log` VALUES (3644, 1, '2024-01-21 13:07:41', '127.0.0.1', '/api/login/log/page/1', 'GET', 'class com.zero.auth.controller.LoginLogController.page', '[1,10,{\"id\":null,\"userId\":null,\"ip\":null,\"country\":null,\"region\":null,\"city\":null,\"isp\":null,\"loginTime\":null,\"tokenId\":null,\"mobile\":null,\"browserName\":null,\"browserVersion\":null,\"osName\":null,\"logoutTime\":null,\"logout\":null,\"user\":null,\"queryUsername\":null,\"queryStartDate\":null,\"queryEndDate\":null,\"queryOnline\":null,\"queryAddress\":null}]', 91, 1, '分页查询系统账号登录日志表数据', NULL, NULL, '2024-01-21 13:07:41', 1, '2024-01-21 13:07:41', 1, 0);
INSERT INTO `sys_operation_log` VALUES (3645, 1, '2024-01-21 13:07:43', '127.0.0.1', '/api/login/log/page/1', 'GET', 'class com.zero.auth.controller.LoginLogController.page', '[1,10,{\"id\":null,\"userId\":null,\"ip\":null,\"country\":null,\"region\":null,\"city\":null,\"isp\":null,\"loginTime\":null,\"tokenId\":null,\"mobile\":null,\"browserName\":null,\"browserVersion\":null,\"osName\":null,\"logoutTime\":null,\"logout\":null,\"user\":null,\"queryUsername\":null,\"queryStartDate\":null,\"queryEndDate\":null,\"queryOnline\":null,\"queryAddress\":null}]', 34, 1, '分页查询系统账号登录日志表数据', NULL, NULL, '2024-01-21 13:07:42', 1, '2024-01-21 13:07:42', 1, 0);
INSERT INTO `sys_operation_log` VALUES (3646, 1, '2024-01-21 13:08:04', '127.0.0.1', '/api/login/log/page/1', 'GET', 'class com.zero.auth.controller.LoginLogController.page', '[1,10,{\"id\":null,\"userId\":null,\"ip\":null,\"country\":null,\"region\":null,\"city\":null,\"isp\":null,\"loginTime\":null,\"tokenId\":null,\"mobile\":null,\"browserName\":null,\"browserVersion\":null,\"osName\":null,\"logoutTime\":null,\"logout\":null,\"user\":null,\"queryUsername\":null,\"queryStartDate\":null,\"queryEndDate\":null,\"queryOnline\":null,\"queryAddress\":null}]', 31, 1, '分页查询系统账号登录日志表数据', NULL, NULL, '2024-01-21 13:08:04', 1, '2024-01-21 13:08:04', 1, 0);
INSERT INTO `sys_operation_log` VALUES (3647, 1, '2024-01-21 13:08:05', '127.0.0.1', '/api/login/log/page/1', 'GET', 'class com.zero.auth.controller.LoginLogController.page', '[1,10,{\"id\":null,\"userId\":null,\"ip\":null,\"country\":null,\"region\":null,\"city\":null,\"isp\":null,\"loginTime\":null,\"tokenId\":null,\"mobile\":null,\"browserName\":null,\"browserVersion\":null,\"osName\":null,\"logoutTime\":null,\"logout\":null,\"user\":null,\"queryUsername\":null,\"queryStartDate\":null,\"queryEndDate\":null,\"queryOnline\":null,\"queryAddress\":null}]', 36, 1, '分页查询系统账号登录日志表数据', NULL, NULL, '2024-01-21 13:08:05', 1, '2024-01-21 13:08:05', 1, 0);
INSERT INTO `sys_operation_log` VALUES (3648, 1, '2024-01-21 13:09:22', '127.0.0.1', '/api/login/log/484', 'DELETE', 'class com.zero.auth.controller.LoginLogController.deleteById', '[484]', 21, 1, '[通用方法]通过主键删除一条对应实体类的数据库记录', NULL, NULL, '2024-01-21 13:09:21', 1, '2024-01-21 13:09:21', 1, 0);
INSERT INTO `sys_operation_log` VALUES (3649, 1, '2024-01-21 13:09:22', '127.0.0.1', '/api/login/log/page/1', 'GET', 'class com.zero.auth.controller.LoginLogController.page', '[1,10,{\"id\":null,\"userId\":null,\"ip\":null,\"country\":null,\"region\":null,\"city\":null,\"isp\":null,\"loginTime\":null,\"tokenId\":null,\"mobile\":null,\"browserName\":null,\"browserVersion\":null,\"osName\":null,\"logoutTime\":null,\"logout\":null,\"user\":null,\"queryUsername\":null,\"queryStartDate\":null,\"queryEndDate\":null,\"queryOnline\":null,\"queryAddress\":null}]', 65, 1, '分页查询系统账号登录日志表数据', NULL, NULL, '2024-01-21 13:09:21', 1, '2024-01-21 13:09:21', 1, 0);
INSERT INTO `sys_operation_log` VALUES (3650, 1, '2024-01-21 13:09:28', '127.0.0.1', '/api/login/log/recover/page/1', 'GET', 'class com.zero.auth.controller.LoginLogController.recoverPage', '[1,10,{\"id\":null,\"userId\":null,\"ip\":null,\"country\":null,\"region\":null,\"city\":null,\"isp\":null,\"loginTime\":null,\"tokenId\":null,\"mobile\":null,\"browserName\":null,\"browserVersion\":null,\"osName\":null,\"logoutTime\":null,\"logout\":null,\"user\":null,\"queryUsername\":null,\"queryStartDate\":null,\"queryEndDate\":null,\"queryOnline\":null,\"queryAddress\":null}]', 81, 1, '分页查询逻辑删除的系统账号登录日志表数据', NULL, NULL, '2024-01-21 13:09:27', 1, '2024-01-21 13:09:27', 1, 0);
INSERT INTO `sys_operation_log` VALUES (3651, 1, '2024-01-21 13:10:04', '127.0.0.1', '/api/login/log/recover/page/1', 'GET', 'class com.zero.auth.controller.LoginLogController.recoverPage', '[1,10,{\"id\":null,\"userId\":null,\"ip\":null,\"country\":null,\"region\":null,\"city\":null,\"isp\":null,\"loginTime\":null,\"tokenId\":null,\"mobile\":null,\"browserName\":null,\"browserVersion\":null,\"osName\":null,\"logoutTime\":null,\"logout\":null,\"user\":null,\"queryUsername\":null,\"queryStartDate\":null,\"queryEndDate\":null,\"queryOnline\":null,\"queryAddress\":null}]', 80, 1, '分页查询逻辑删除的系统账号登录日志表数据', NULL, NULL, '2024-01-21 13:10:04', 1, '2024-01-21 13:10:04', 1, 0);
INSERT INTO `sys_operation_log` VALUES (3652, 1, '2024-01-21 13:10:05', '127.0.0.1', '/api/login/log/recover/page/1', 'GET', 'class com.zero.auth.controller.LoginLogController.recoverPage', '[1,10,{\"id\":null,\"userId\":null,\"ip\":null,\"country\":null,\"region\":null,\"city\":null,\"isp\":null,\"loginTime\":null,\"tokenId\":null,\"mobile\":null,\"browserName\":null,\"browserVersion\":null,\"osName\":null,\"logoutTime\":null,\"logout\":null,\"user\":null,\"queryUsername\":null,\"queryStartDate\":null,\"queryEndDate\":null,\"queryOnline\":null,\"queryAddress\":null}]', 40, 1, '分页查询逻辑删除的系统账号登录日志表数据', NULL, NULL, '2024-01-21 13:10:04', 1, '2024-01-21 13:10:04', 1, 0);
INSERT INTO `sys_operation_log` VALUES (3653, 1, '2024-01-21 13:10:05', '127.0.0.1', '/api/login/log/recover/page/1', 'GET', 'class com.zero.auth.controller.LoginLogController.recoverPage', '[1,10,{\"id\":null,\"userId\":null,\"ip\":null,\"country\":null,\"region\":null,\"city\":null,\"isp\":null,\"loginTime\":null,\"tokenId\":null,\"mobile\":null,\"browserName\":null,\"browserVersion\":null,\"osName\":null,\"logoutTime\":null,\"logout\":null,\"user\":null,\"queryUsername\":null,\"queryStartDate\":null,\"queryEndDate\":null,\"queryOnline\":null,\"queryAddress\":null}]', 61, 1, '分页查询逻辑删除的系统账号登录日志表数据', NULL, NULL, '2024-01-21 13:10:05', 1, '2024-01-21 13:10:05', 1, 0);
INSERT INTO `sys_operation_log` VALUES (3654, 1, '2024-01-21 13:10:06', '127.0.0.1', '/api/login/log/recover/page/1', 'GET', 'class com.zero.auth.controller.LoginLogController.recoverPage', '[1,10,{\"id\":null,\"userId\":null,\"ip\":null,\"country\":null,\"region\":null,\"city\":null,\"isp\":null,\"loginTime\":null,\"tokenId\":null,\"mobile\":null,\"browserName\":null,\"browserVersion\":null,\"osName\":null,\"logoutTime\":null,\"logout\":null,\"user\":null,\"queryUsername\":null,\"queryStartDate\":null,\"queryEndDate\":null,\"queryOnline\":null,\"queryAddress\":null}]', 32, 1, '分页查询逻辑删除的系统账号登录日志表数据', NULL, NULL, '2024-01-21 13:10:06', 1, '2024-01-21 13:10:06', 1, 0);
INSERT INTO `sys_operation_log` VALUES (3655, 1, '2024-01-21 13:10:07', '127.0.0.1', '/api/login/log/recover/page/1', 'GET', 'class com.zero.auth.controller.LoginLogController.recoverPage', '[1,10,{\"id\":null,\"userId\":null,\"ip\":null,\"country\":null,\"region\":null,\"city\":null,\"isp\":null,\"loginTime\":null,\"tokenId\":null,\"mobile\":null,\"browserName\":null,\"browserVersion\":null,\"osName\":null,\"logoutTime\":null,\"logout\":null,\"user\":null,\"queryUsername\":null,\"queryStartDate\":null,\"queryEndDate\":null,\"queryOnline\":null,\"queryAddress\":null}]', 39, 1, '分页查询逻辑删除的系统账号登录日志表数据', NULL, NULL, '2024-01-21 13:10:07', 1, '2024-01-21 13:10:07', 1, 0);
INSERT INTO `sys_operation_log` VALUES (3656, 1, '2024-01-21 13:13:22', '127.0.0.1', '/api/login/log/recover/page/1', 'GET', 'class com.zero.auth.controller.LoginLogController.recoverPage', '[1,10,{\"id\":null,\"userId\":null,\"ip\":null,\"country\":null,\"region\":null,\"city\":null,\"isp\":null,\"loginTime\":null,\"tokenId\":null,\"mobile\":null,\"browserName\":null,\"browserVersion\":null,\"osName\":null,\"logoutTime\":null,\"logout\":null,\"user\":null,\"queryUsername\":null,\"queryStartDate\":null,\"queryEndDate\":null,\"queryOnline\":null,\"queryAddress\":null}]', 71, 1, '分页查询逻辑删除的系统账号登录日志表数据', NULL, NULL, '2024-01-21 13:13:22', 1, '2024-01-21 13:13:22', 1, 0);
INSERT INTO `sys_operation_log` VALUES (3657, 1, '2024-01-21 13:13:34', '127.0.0.1', '/api/login/log/recover/page/1', 'GET', 'class com.zero.auth.controller.LoginLogController.recoverPage', '[1,10,{\"id\":null,\"userId\":null,\"ip\":null,\"country\":null,\"region\":null,\"city\":null,\"isp\":null,\"loginTime\":null,\"tokenId\":null,\"mobile\":null,\"browserName\":null,\"browserVersion\":null,\"osName\":null,\"logoutTime\":null,\"logout\":null,\"user\":null,\"queryUsername\":null,\"queryStartDate\":null,\"queryEndDate\":null,\"queryOnline\":null,\"queryAddress\":null}]', 94, 1, '分页查询逻辑删除的系统账号登录日志表数据', NULL, NULL, '2024-01-21 13:13:33', 1, '2024-01-21 13:13:33', 1, 0);
INSERT INTO `sys_operation_log` VALUES (3658, 1, '2024-01-21 13:13:34', '127.0.0.1', '/api/login/log/recover/page/1', 'GET', 'class com.zero.auth.controller.LoginLogController.recoverPage', '[1,10,{\"id\":null,\"userId\":null,\"ip\":null,\"country\":null,\"region\":null,\"city\":null,\"isp\":null,\"loginTime\":null,\"tokenId\":null,\"mobile\":null,\"browserName\":null,\"browserVersion\":null,\"osName\":null,\"logoutTime\":null,\"logout\":null,\"user\":null,\"queryUsername\":null,\"queryStartDate\":null,\"queryEndDate\":null,\"queryOnline\":null,\"queryAddress\":null}]', 34, 1, '分页查询逻辑删除的系统账号登录日志表数据', NULL, NULL, '2024-01-21 13:13:34', 1, '2024-01-21 13:13:34', 1, 0);
INSERT INTO `sys_operation_log` VALUES (3659, 1, '2024-01-21 13:13:53', '127.0.0.1', '/api/menu/tree', 'GET', 'class com.zero.sys.controller.MenuController.tree', NULL, 119, 1, '查询系统菜单表并构建树状结构', NULL, NULL, '2024-01-21 13:13:52', 1, '2024-01-21 13:13:52', 1, 0);
INSERT INTO `sys_operation_log` VALUES (3660, 1, '2024-01-21 13:13:59', '127.0.0.1', '/api/operation/log/recover/page/1', 'GET', 'class com.zero.sys.controller.OperationLogController.recoverPage', '[1,10,{\"id\":null,\"operationUserId\":null,\"accessTime\":null,\"ip\":null,\"uri\":null,\"methodType\":null,\"method\":null,\"requestArgs\":null,\"executionTime\":null,\"result\":null,\"description\":null,\"exceptionName\":null,\"exceptionMessage\":null,\"user\":null,\"queryUsername\":null,\"queryStartDate\":null,\"queryEndDate\":null}]', 49, 1, '分页查询逻辑删除的系统操作日志表数据', NULL, NULL, '2024-01-21 13:13:59', 1, '2024-01-21 13:13:59', 1, 0);
INSERT INTO `sys_operation_log` VALUES (3661, 1, '2024-01-21 13:14:03', '127.0.0.1', '/api/login/log/recover/page/1', 'GET', 'class com.zero.auth.controller.LoginLogController.recoverPage', '[1,10,{\"id\":null,\"userId\":null,\"ip\":null,\"country\":null,\"region\":null,\"city\":null,\"isp\":null,\"loginTime\":null,\"tokenId\":null,\"mobile\":null,\"browserName\":null,\"browserVersion\":null,\"osName\":null,\"logoutTime\":null,\"logout\":null,\"user\":null,\"queryUsername\":null,\"queryStartDate\":null,\"queryEndDate\":null,\"queryOnline\":null,\"queryAddress\":null}]', 26, 1, '分页查询逻辑删除的系统账号登录日志表数据', NULL, NULL, '2024-01-21 13:14:02', 1, '2024-01-21 13:14:02', 1, 0);
INSERT INTO `sys_operation_log` VALUES (3662, 1, '2024-01-21 16:39:36', '127.0.0.1', '/api/menu/routes', 'GET', 'class com.zero.sys.controller.MenuController.routes', NULL, 80, 1, '[动态路由]获取所有启用的系统菜单', NULL, NULL, '2024-01-21 16:39:36', 1, '2024-01-21 16:39:36', 1, 0);
INSERT INTO `sys_operation_log` VALUES (3663, 1, '2024-01-21 16:39:38', '127.0.0.1', '/api/index/panel/group', 'GET', 'class com.zero.sys.controller.IndexController.panelGroup', NULL, 9, 1, '获取系统首页的展示数据', NULL, NULL, '2024-01-21 16:39:37', 1, '2024-01-21 16:39:37', 1, 0);
INSERT INTO `sys_operation_log` VALUES (3664, 1, '2024-01-21 16:39:38', '127.0.0.1', '/api/config/const/keys', 'POST', 'class com.zero.sys.controller.ConfigConstController.keys', '[[\"RECORD_NUMBER\",\"SHOW_SETTINGS\",\"THEME_COLOR\",\"TAGS_VIEW\",\"FIXED_HEADER\",\"SIDEBAR_LOGO\"]]', 58, 1, '批量查询常量键值配置数据', NULL, NULL, '2024-01-21 16:39:37', 1, '2024-01-21 16:39:37', 1, 0);
INSERT INTO `sys_operation_log` VALUES (3665, 1, '2024-01-21 16:39:38', '127.0.0.1', '/api/index/login/map', 'GET', 'class com.zero.sys.controller.IndexController.loginMap', NULL, 12, 1, '获取系统首页的用户登录地图数据', NULL, NULL, '2024-01-21 16:39:37', 1, '2024-01-21 16:39:37', 1, 0);
INSERT INTO `sys_operation_log` VALUES (3666, 1, '2024-01-21 16:39:41', '127.0.0.1', '/api/table/info/page/1', 'GET', 'class com.zero.code.generate.controller.TableInfoController.page', '[1,10,{\"id\":null,\"name\":null,\"comment\":null,\"entityName\":null,\"requestMapping\":null,\"javaPackageName\":null,\"javaCodePath\":null,\"vueCodePath\":null,\"vuePackage\":null,\"tree\":null,\"cover\":null,\"codeAuthor\":null,\"tableColumnList\":null}]', 177, 1, '分页查询系统数据库表信息数据', NULL, NULL, '2024-01-21 16:39:41', 1, '2024-01-21 16:39:41', 1, 0);
INSERT INTO `sys_operation_log` VALUES (3667, 1, '2024-01-21 16:39:43', '127.0.0.1', '/api/login/log/page/1', 'GET', 'class com.zero.auth.controller.LoginLogController.page', '[1,10,{\"id\":null,\"userId\":null,\"ip\":null,\"country\":null,\"region\":null,\"city\":null,\"isp\":null,\"loginTime\":null,\"tokenId\":null,\"mobile\":null,\"browserName\":null,\"browserVersion\":null,\"osName\":null,\"logoutTime\":null,\"logout\":null,\"user\":null,\"queryUsername\":null,\"queryStartDate\":null,\"queryEndDate\":null,\"queryOnline\":null,\"queryAddress\":null}]', 70, 1, '分页查询系统账号登录日志表数据', NULL, NULL, '2024-01-21 16:39:43', 1, '2024-01-21 16:39:43', 1, 0);
INSERT INTO `sys_operation_log` VALUES (3668, 1, '2024-01-21 16:39:46', '127.0.0.1', '/api/table/info/recover/page/1', 'GET', 'class com.zero.code.generate.controller.TableInfoController.recoverPage', '[1,10,{\"id\":null,\"name\":null,\"comment\":null,\"entityName\":null,\"requestMapping\":null,\"javaPackageName\":null,\"javaCodePath\":null,\"vueCodePath\":null,\"vuePackage\":null,\"tree\":null,\"cover\":null,\"codeAuthor\":null,\"tableColumnList\":null}]', 61, 1, '分页查询逻辑删除的系统数据库表信息表数据', NULL, NULL, '2024-01-21 16:39:46', 1, '2024-01-21 16:39:46', 1, 0);
INSERT INTO `sys_operation_log` VALUES (3669, 1, '2024-01-21 16:39:47', '127.0.0.1', '/api/login/log/recover/page/1', 'GET', 'class com.zero.auth.controller.LoginLogController.recoverPage', '[1,10,{\"id\":null,\"userId\":null,\"ip\":null,\"country\":null,\"region\":null,\"city\":null,\"isp\":null,\"loginTime\":null,\"tokenId\":null,\"mobile\":null,\"browserName\":null,\"browserVersion\":null,\"osName\":null,\"logoutTime\":null,\"logout\":null,\"user\":null,\"queryUsername\":null,\"queryStartDate\":null,\"queryEndDate\":null,\"queryOnline\":null,\"queryAddress\":null}]', 66, 1, '分页查询逻辑删除的系统账号登录日志表数据', NULL, NULL, '2024-01-21 16:39:47', 1, '2024-01-21 16:39:47', 1, 0);
INSERT INTO `sys_operation_log` VALUES (3670, 1, '2024-01-21 16:43:05', '127.0.0.1', '/api/login/log/recover/page/1', 'GET', 'class com.zero.auth.controller.LoginLogController.recoverPage', '[1,10,{\"id\":null,\"userId\":null,\"ip\":null,\"country\":null,\"region\":null,\"city\":null,\"isp\":null,\"loginTime\":null,\"tokenId\":null,\"mobile\":null,\"browserName\":null,\"browserVersion\":null,\"osName\":null,\"logoutTime\":null,\"logout\":null,\"user\":null,\"queryUsername\":null,\"queryStartDate\":null,\"queryEndDate\":null,\"queryOnline\":null,\"queryAddress\":null}]', 108, 1, '分页查询逻辑删除的系统账号登录日志表数据', NULL, NULL, '2024-01-21 16:43:05', 1, '2024-01-21 16:43:05', 1, 0);
INSERT INTO `sys_operation_log` VALUES (3671, 1, '2024-01-21 16:43:07', '127.0.0.1', '/api/operation/log/recover/page/1', 'GET', 'class com.zero.sys.controller.OperationLogController.recoverPage', '[1,10,{\"id\":null,\"operationUserId\":null,\"accessTime\":null,\"ip\":null,\"uri\":null,\"methodType\":null,\"method\":null,\"requestArgs\":null,\"executionTime\":null,\"result\":null,\"description\":null,\"exceptionName\":null,\"exceptionMessage\":null,\"user\":null,\"queryUsername\":null,\"queryStartDate\":null,\"queryEndDate\":null}]', 39, 1, '分页查询逻辑删除的系统操作日志表数据', NULL, NULL, '2024-01-21 16:43:07', 1, '2024-01-21 16:43:07', 1, 0);
INSERT INTO `sys_operation_log` VALUES (3672, 1, '2024-01-21 16:45:14', '127.0.0.1', '/api/file/manage/recover/page/1', 'GET', 'class com.zero.upload.controller.FileManageController.recoverPage', '[1,10,{\"id\":null,\"name\":null,\"type\":null,\"uri\":null,\"uploadTime\":null,\"uploadUserId\":null,\"parentId\":null,\"bakFiles\":null,\"user\":null,\"queryUsername\":null,\"queryStartDate\":null,\"queryEndDate\":null}]', 34, 1, '分页查询逻辑删除的文件资源管理表数据', NULL, NULL, '2024-01-21 16:45:13', 1, '2024-01-21 16:45:13', 1, 0);
INSERT INTO `sys_operation_log` VALUES (3673, 1, '2024-01-21 16:45:16', '127.0.0.1', '/api/organ/recover/page/1', 'GET', 'class com.zero.sys.controller.OrganController.recoverPage', '[1,10,{\"id\":null,\"parentId\":null,\"sort\":null,\"children\":null,\"name\":null}]', 22, 1, '分页查询逻辑删除的系统组织机构表数据', NULL, NULL, '2024-01-21 16:45:16', 1, '2024-01-21 16:45:16', 1, 0);
INSERT INTO `sys_operation_log` VALUES (3674, 1, '2024-01-21 16:47:49', '127.0.0.1', '/api/operation/log/recover/page/1', 'GET', 'class com.zero.sys.controller.OperationLogController.recoverPage', '[1,10,{\"id\":null,\"operationUserId\":null,\"accessTime\":null,\"ip\":null,\"uri\":null,\"methodType\":null,\"method\":null,\"requestArgs\":null,\"executionTime\":null,\"result\":null,\"description\":null,\"exceptionName\":null,\"exceptionMessage\":null,\"user\":null,\"queryUsername\":null,\"queryStartDate\":null,\"queryEndDate\":null}]', 29, 1, '分页查询逻辑删除的系统操作日志表数据', NULL, NULL, '2024-01-21 16:47:49', 1, '2024-01-21 16:47:49', 1, 0);
INSERT INTO `sys_operation_log` VALUES (3675, 1, '2024-01-21 16:47:52', '127.0.0.1', '/api/login/log/recover/page/1', 'GET', 'class com.zero.auth.controller.LoginLogController.recoverPage', '[1,10,{\"id\":null,\"userId\":null,\"ip\":null,\"country\":null,\"region\":null,\"city\":null,\"isp\":null,\"loginTime\":null,\"tokenId\":null,\"mobile\":null,\"browserName\":null,\"browserVersion\":null,\"osName\":null,\"logoutTime\":null,\"logout\":null,\"user\":null,\"queryUsername\":null,\"queryStartDate\":null,\"queryEndDate\":null,\"queryOnline\":null,\"queryAddress\":null}]', 30, 1, '分页查询逻辑删除的系统账号登录日志表数据', NULL, NULL, '2024-01-21 16:47:52', 1, '2024-01-21 16:47:52', 1, 0);
INSERT INTO `sys_operation_log` VALUES (3676, 1, '2024-01-21 16:47:54', '127.0.0.1', '/api/operation/log/recover/page/1', 'GET', 'class com.zero.sys.controller.OperationLogController.recoverPage', '[1,10,{\"id\":null,\"operationUserId\":null,\"accessTime\":null,\"ip\":null,\"uri\":null,\"methodType\":null,\"method\":null,\"requestArgs\":null,\"executionTime\":null,\"result\":null,\"description\":null,\"exceptionName\":null,\"exceptionMessage\":null,\"user\":null,\"queryUsername\":null,\"queryStartDate\":null,\"queryEndDate\":null}]', 108, 1, '分页查询逻辑删除的系统操作日志表数据', NULL, NULL, '2024-01-21 16:47:54', 1, '2024-01-21 16:47:54', 1, 0);
INSERT INTO `sys_operation_log` VALUES (3677, 1, '2024-01-21 16:48:07', '127.0.0.1', '/api/login/log/recover/page/1', 'GET', 'class com.zero.auth.controller.LoginLogController.recoverPage', '[1,10,{\"id\":null,\"userId\":null,\"ip\":null,\"country\":null,\"region\":null,\"city\":null,\"isp\":null,\"loginTime\":null,\"tokenId\":null,\"mobile\":null,\"browserName\":null,\"browserVersion\":null,\"osName\":null,\"logoutTime\":null,\"logout\":null,\"user\":null,\"queryUsername\":null,\"queryStartDate\":null,\"queryEndDate\":null,\"queryOnline\":null,\"queryAddress\":null}]', 65, 1, '分页查询逻辑删除的系统账号登录日志表数据', NULL, NULL, '2024-01-21 16:48:06', 1, '2024-01-21 16:48:06', 1, 0);
INSERT INTO `sys_operation_log` VALUES (3678, 1, '2024-01-21 16:48:14', '127.0.0.1', '/api/operation/log/page/1', 'GET', 'class com.zero.sys.controller.OperationLogController.page', '[1,10,{\"id\":null,\"operationUserId\":null,\"accessTime\":null,\"ip\":null,\"uri\":null,\"methodType\":null,\"method\":null,\"requestArgs\":null,\"executionTime\":null,\"result\":null,\"description\":null,\"exceptionName\":null,\"exceptionMessage\":null,\"user\":null,\"queryUsername\":null,\"queryStartDate\":null,\"queryEndDate\":null}]', 22, 1, '分页查询系统操作日志表数据', NULL, NULL, '2024-01-21 16:48:13', 1, '2024-01-21 16:48:13', 1, 0);
INSERT INTO `sys_operation_log` VALUES (3679, 1, '2024-01-21 16:55:21', '127.0.0.1', '/api/login/log/page/1', 'GET', 'class com.zero.auth.controller.LoginLogController.page', '[1,10,{\"id\":null,\"userId\":null,\"ip\":null,\"country\":null,\"region\":null,\"city\":null,\"isp\":null,\"loginTime\":null,\"tokenId\":null,\"mobile\":null,\"browserName\":null,\"browserVersion\":null,\"osName\":null,\"logoutTime\":null,\"logout\":null,\"user\":null,\"queryUsername\":null,\"queryStartDate\":null,\"queryEndDate\":null,\"queryOnline\":null,\"queryAddress\":null}]', 63, 1, '分页查询系统账号登录日志表数据', NULL, NULL, '2024-01-21 16:55:20', 1, '2024-01-21 16:55:20', 1, 0);
INSERT INTO `sys_operation_log` VALUES (3680, 1, '2024-01-21 16:55:21', '127.0.0.1', '/api/login/log/page/1', 'GET', 'class com.zero.auth.controller.LoginLogController.page', '[1,10,{\"id\":null,\"userId\":null,\"ip\":null,\"country\":null,\"region\":null,\"city\":null,\"isp\":null,\"loginTime\":null,\"tokenId\":null,\"mobile\":null,\"browserName\":null,\"browserVersion\":null,\"osName\":null,\"logoutTime\":null,\"logout\":null,\"user\":null,\"queryUsername\":null,\"queryStartDate\":null,\"queryEndDate\":null,\"queryOnline\":null,\"queryAddress\":null}]', 68, 1, '分页查询系统账号登录日志表数据', NULL, NULL, '2024-01-21 16:55:21', 1, '2024-01-21 16:55:21', 1, 0);
INSERT INTO `sys_operation_log` VALUES (3681, 1, '2024-01-21 16:55:22', '127.0.0.1', '/api/login/log/page/1', 'GET', 'class com.zero.auth.controller.LoginLogController.page', '[1,10,{\"id\":null,\"userId\":null,\"ip\":null,\"country\":null,\"region\":null,\"city\":null,\"isp\":null,\"loginTime\":null,\"tokenId\":null,\"mobile\":null,\"browserName\":null,\"browserVersion\":null,\"osName\":null,\"logoutTime\":null,\"logout\":null,\"user\":null,\"queryUsername\":null,\"queryStartDate\":null,\"queryEndDate\":null,\"queryOnline\":null,\"queryAddress\":null}]', 168, 1, '分页查询系统账号登录日志表数据', NULL, NULL, '2024-01-21 16:55:22', 1, '2024-01-21 16:55:22', 1, 0);
INSERT INTO `sys_operation_log` VALUES (3682, 1, '2024-01-21 16:55:23', '127.0.0.1', '/api/login/log/page/1', 'GET', 'class com.zero.auth.controller.LoginLogController.page', '[1,10,{\"id\":null,\"userId\":null,\"ip\":null,\"country\":null,\"region\":null,\"city\":null,\"isp\":null,\"loginTime\":null,\"tokenId\":null,\"mobile\":null,\"browserName\":null,\"browserVersion\":null,\"osName\":null,\"logoutTime\":null,\"logout\":null,\"user\":null,\"queryUsername\":null,\"queryStartDate\":null,\"queryEndDate\":null,\"queryOnline\":null,\"queryAddress\":null}]', 76, 1, '分页查询系统账号登录日志表数据', NULL, NULL, '2024-01-21 16:55:22', 1, '2024-01-21 16:55:22', 1, 0);
INSERT INTO `sys_operation_log` VALUES (3683, 1, '2024-01-21 16:56:07', '127.0.0.1', '/api/login/log/page/1', 'GET', 'class com.zero.auth.controller.LoginLogController.page', '[1,10,{\"id\":null,\"userId\":null,\"ip\":null,\"country\":null,\"region\":null,\"city\":null,\"isp\":null,\"loginTime\":null,\"tokenId\":null,\"mobile\":null,\"browserName\":null,\"browserVersion\":null,\"osName\":null,\"logoutTime\":null,\"logout\":null,\"user\":null,\"queryUsername\":null,\"queryStartDate\":null,\"queryEndDate\":null,\"queryOnline\":null,\"queryAddress\":null}]', 65, 1, '分页查询系统账号登录日志表数据', NULL, NULL, '2024-01-21 16:56:07', 1, '2024-01-21 16:56:07', 1, 0);
INSERT INTO `sys_operation_log` VALUES (3684, 1, '2024-01-21 16:56:08', '127.0.0.1', '/api/login/log/page/1', 'GET', 'class com.zero.auth.controller.LoginLogController.page', '[1,10,{\"id\":null,\"userId\":null,\"ip\":null,\"country\":null,\"region\":null,\"city\":null,\"isp\":null,\"loginTime\":null,\"tokenId\":null,\"mobile\":null,\"browserName\":null,\"browserVersion\":null,\"osName\":null,\"logoutTime\":null,\"logout\":null,\"user\":null,\"queryUsername\":null,\"queryStartDate\":null,\"queryEndDate\":null,\"queryOnline\":null,\"queryAddress\":null}]', 54, 1, '分页查询系统账号登录日志表数据', NULL, NULL, '2024-01-21 16:56:08', 1, '2024-01-21 16:56:08', 1, 0);
INSERT INTO `sys_operation_log` VALUES (3685, 1, '2024-01-21 16:56:21', '127.0.0.1', '/api/login/log/page/1', 'GET', 'class com.zero.auth.controller.LoginLogController.page', '[1,10,{\"id\":null,\"userId\":null,\"ip\":null,\"country\":null,\"region\":null,\"city\":null,\"isp\":null,\"loginTime\":null,\"tokenId\":null,\"mobile\":null,\"browserName\":null,\"browserVersion\":null,\"osName\":null,\"logoutTime\":null,\"logout\":null,\"user\":null,\"queryUsername\":null,\"queryStartDate\":null,\"queryEndDate\":null,\"queryOnline\":null,\"queryAddress\":null}]', 42, 1, '分页查询系统账号登录日志表数据', NULL, NULL, '2024-01-21 16:56:21', 1, '2024-01-21 16:56:21', 1, 0);
INSERT INTO `sys_operation_log` VALUES (3686, 1, '2024-01-21 16:56:35', '127.0.0.1', '/api/login/log/page/1', 'GET', 'class com.zero.auth.controller.LoginLogController.page', '[1,10,{\"id\":null,\"userId\":null,\"ip\":null,\"country\":null,\"region\":null,\"city\":null,\"isp\":null,\"loginTime\":null,\"tokenId\":null,\"mobile\":null,\"browserName\":null,\"browserVersion\":null,\"osName\":null,\"logoutTime\":null,\"logout\":null,\"user\":null,\"queryUsername\":null,\"queryStartDate\":null,\"queryEndDate\":null,\"queryOnline\":null,\"queryAddress\":null}]', 47, 1, '分页查询系统账号登录日志表数据', NULL, NULL, '2024-01-21 16:56:35', 1, '2024-01-21 16:56:35', 1, 0);
INSERT INTO `sys_operation_log` VALUES (3687, 1, '2024-01-21 16:56:36', '127.0.0.1', '/api/login/log/page/1', 'GET', 'class com.zero.auth.controller.LoginLogController.page', '[1,10,{\"id\":null,\"userId\":null,\"ip\":null,\"country\":null,\"region\":null,\"city\":null,\"isp\":null,\"loginTime\":null,\"tokenId\":null,\"mobile\":null,\"browserName\":null,\"browserVersion\":null,\"osName\":null,\"logoutTime\":null,\"logout\":null,\"user\":null,\"queryUsername\":null,\"queryStartDate\":null,\"queryEndDate\":null,\"queryOnline\":null,\"queryAddress\":null}]', 68, 1, '分页查询系统账号登录日志表数据', NULL, NULL, '2024-01-21 16:56:36', 1, '2024-01-21 16:56:36', 1, 0);
INSERT INTO `sys_operation_log` VALUES (3688, 1, '2024-01-21 16:57:01', '127.0.0.1', '/api/login/log/page/1', 'GET', 'class com.zero.auth.controller.LoginLogController.page', '[1,10,{\"id\":null,\"userId\":null,\"ip\":null,\"country\":null,\"region\":null,\"city\":null,\"isp\":null,\"loginTime\":null,\"tokenId\":null,\"mobile\":null,\"browserName\":null,\"browserVersion\":null,\"osName\":null,\"logoutTime\":null,\"logout\":null,\"user\":null,\"queryUsername\":null,\"queryStartDate\":null,\"queryEndDate\":null,\"queryOnline\":null,\"queryAddress\":null}]', 82, 1, '分页查询系统账号登录日志表数据', NULL, NULL, '2024-01-21 16:57:01', 1, '2024-01-21 16:57:01', 1, 0);
INSERT INTO `sys_operation_log` VALUES (3689, 1, '2024-01-21 16:57:02', '127.0.0.1', '/api/login/log/page/1', 'GET', 'class com.zero.auth.controller.LoginLogController.page', '[1,10,{\"id\":null,\"userId\":null,\"ip\":null,\"country\":null,\"region\":null,\"city\":null,\"isp\":null,\"loginTime\":null,\"tokenId\":null,\"mobile\":null,\"browserName\":null,\"browserVersion\":null,\"osName\":null,\"logoutTime\":null,\"logout\":null,\"user\":null,\"queryUsername\":null,\"queryStartDate\":null,\"queryEndDate\":null,\"queryOnline\":null,\"queryAddress\":null}]', 106, 1, '分页查询系统账号登录日志表数据', NULL, NULL, '2024-01-21 16:57:01', 1, '2024-01-21 16:57:01', 1, 0);
INSERT INTO `sys_operation_log` VALUES (3690, 1, '2024-01-21 16:57:02', '127.0.0.1', '/api/login/log/page/1', 'GET', 'class com.zero.auth.controller.LoginLogController.page', '[1,10,{\"id\":null,\"userId\":null,\"ip\":null,\"country\":null,\"region\":null,\"city\":null,\"isp\":null,\"loginTime\":null,\"tokenId\":null,\"mobile\":null,\"browserName\":null,\"browserVersion\":null,\"osName\":null,\"logoutTime\":null,\"logout\":null,\"user\":null,\"queryUsername\":null,\"queryStartDate\":null,\"queryEndDate\":null,\"queryOnline\":null,\"queryAddress\":null}]', 142, 1, '分页查询系统账号登录日志表数据', NULL, NULL, '2024-01-21 16:57:02', 1, '2024-01-21 16:57:02', 1, 0);
INSERT INTO `sys_operation_log` VALUES (3691, 1, '2024-01-21 16:57:03', '127.0.0.1', '/api/login/log/page/1', 'GET', 'class com.zero.auth.controller.LoginLogController.page', '[1,10,{\"id\":null,\"userId\":null,\"ip\":null,\"country\":null,\"region\":null,\"city\":null,\"isp\":null,\"loginTime\":null,\"tokenId\":null,\"mobile\":null,\"browserName\":null,\"browserVersion\":null,\"osName\":null,\"logoutTime\":null,\"logout\":null,\"user\":null,\"queryUsername\":null,\"queryStartDate\":null,\"queryEndDate\":null,\"queryOnline\":null,\"queryAddress\":null}]', 43, 1, '分页查询系统账号登录日志表数据', NULL, NULL, '2024-01-21 16:57:03', 1, '2024-01-21 16:57:03', 1, 0);
INSERT INTO `sys_operation_log` VALUES (3692, 1, '2024-01-21 16:57:34', '127.0.0.1', '/api/login/log/page/1', 'GET', 'class com.zero.auth.controller.LoginLogController.page', '[1,10,{\"id\":null,\"userId\":null,\"ip\":null,\"country\":null,\"region\":null,\"city\":null,\"isp\":null,\"loginTime\":null,\"tokenId\":null,\"mobile\":null,\"browserName\":null,\"browserVersion\":null,\"osName\":null,\"logoutTime\":null,\"logout\":null,\"user\":null,\"queryUsername\":null,\"queryStartDate\":null,\"queryEndDate\":null,\"queryOnline\":null,\"queryAddress\":null}]', 27, 1, '分页查询系统账号登录日志表数据', NULL, NULL, '2024-01-21 16:57:33', 1, '2024-01-21 16:57:33', 1, 0);
INSERT INTO `sys_operation_log` VALUES (3693, 1, '2024-01-21 16:58:00', '127.0.0.1', '/api/login/log/recover/page/1', 'GET', 'class com.zero.auth.controller.LoginLogController.recoverPage', '[1,10,{\"id\":null,\"userId\":null,\"ip\":null,\"country\":null,\"region\":null,\"city\":null,\"isp\":null,\"loginTime\":null,\"tokenId\":null,\"mobile\":null,\"browserName\":null,\"browserVersion\":null,\"osName\":null,\"logoutTime\":null,\"logout\":null,\"user\":null,\"queryUsername\":null,\"queryStartDate\":null,\"queryEndDate\":null,\"queryOnline\":null,\"queryAddress\":null}]', 104, 1, '分页查询逻辑删除的系统账号登录日志表数据', NULL, NULL, '2024-01-21 16:57:59', 1, '2024-01-21 16:57:59', 1, 0);
INSERT INTO `sys_operation_log` VALUES (3694, 1, '2024-01-21 16:59:26', '127.0.0.1', '/api/login/log/recover/page/1', 'GET', 'class com.zero.auth.controller.LoginLogController.recoverPage', '[1,10,{\"id\":null,\"userId\":null,\"ip\":null,\"country\":null,\"region\":null,\"city\":null,\"isp\":null,\"loginTime\":null,\"tokenId\":null,\"mobile\":null,\"browserName\":null,\"browserVersion\":null,\"osName\":null,\"logoutTime\":null,\"logout\":null,\"user\":null,\"queryUsername\":null,\"queryStartDate\":null,\"queryEndDate\":null,\"queryOnline\":null,\"queryAddress\":null}]', 44, 1, '分页查询逻辑删除的系统账号登录日志表数据', NULL, NULL, '2024-01-21 16:59:26', 1, '2024-01-21 16:59:26', 1, 0);
INSERT INTO `sys_operation_log` VALUES (3695, 1, '2024-01-21 16:59:27', '127.0.0.1', '/api/login/log/recover/page/1', 'GET', 'class com.zero.auth.controller.LoginLogController.recoverPage', '[1,10,{\"id\":null,\"userId\":null,\"ip\":null,\"country\":null,\"region\":null,\"city\":null,\"isp\":null,\"loginTime\":null,\"tokenId\":null,\"mobile\":null,\"browserName\":null,\"browserVersion\":null,\"osName\":null,\"logoutTime\":null,\"logout\":null,\"user\":null,\"queryUsername\":null,\"queryStartDate\":null,\"queryEndDate\":null,\"queryOnline\":null,\"queryAddress\":null}]', 90, 1, '分页查询逻辑删除的系统账号登录日志表数据', NULL, NULL, '2024-01-21 16:59:27', 1, '2024-01-21 16:59:27', 1, 0);
INSERT INTO `sys_operation_log` VALUES (3696, 1, '2024-01-21 16:59:28', '127.0.0.1', '/api/login/log/recover/page/1', 'GET', 'class com.zero.auth.controller.LoginLogController.recoverPage', '[1,10,{\"id\":null,\"userId\":null,\"ip\":null,\"country\":null,\"region\":null,\"city\":null,\"isp\":null,\"loginTime\":null,\"tokenId\":null,\"mobile\":null,\"browserName\":null,\"browserVersion\":null,\"osName\":null,\"logoutTime\":null,\"logout\":null,\"user\":null,\"queryUsername\":null,\"queryStartDate\":null,\"queryEndDate\":null,\"queryOnline\":null,\"queryAddress\":null}]', 64, 1, '分页查询逻辑删除的系统账号登录日志表数据', NULL, NULL, '2024-01-21 16:59:28', 1, '2024-01-21 16:59:28', 1, 0);
INSERT INTO `sys_operation_log` VALUES (3697, 1, '2024-01-21 16:59:29', '127.0.0.1', '/api/login/log/recover/page/1', 'GET', 'class com.zero.auth.controller.LoginLogController.recoverPage', '[1,10,{\"id\":null,\"userId\":null,\"ip\":null,\"country\":null,\"region\":null,\"city\":null,\"isp\":null,\"loginTime\":null,\"tokenId\":null,\"mobile\":null,\"browserName\":null,\"browserVersion\":null,\"osName\":null,\"logoutTime\":null,\"logout\":null,\"user\":null,\"queryUsername\":null,\"queryStartDate\":null,\"queryEndDate\":null,\"queryOnline\":null,\"queryAddress\":null}]', 58, 1, '分页查询逻辑删除的系统账号登录日志表数据', NULL, NULL, '2024-01-21 16:59:29', 1, '2024-01-21 16:59:29', 1, 0);
INSERT INTO `sys_operation_log` VALUES (3698, 1, '2024-01-21 16:59:35', '127.0.0.1', '/api/login/log/recover/page/1', 'GET', 'class com.zero.auth.controller.LoginLogController.recoverPage', '[1,10,{\"id\":null,\"userId\":null,\"ip\":null,\"country\":null,\"region\":null,\"city\":null,\"isp\":null,\"loginTime\":null,\"tokenId\":null,\"mobile\":null,\"browserName\":null,\"browserVersion\":null,\"osName\":null,\"logoutTime\":null,\"logout\":null,\"user\":null,\"queryUsername\":null,\"queryStartDate\":null,\"queryEndDate\":null,\"queryOnline\":null,\"queryAddress\":null}]', 39, 1, '分页查询逻辑删除的系统账号登录日志表数据', NULL, NULL, '2024-01-21 16:59:34', 1, '2024-01-21 16:59:34', 1, 0);
INSERT INTO `sys_operation_log` VALUES (3699, 1, '2024-01-21 16:59:36', '127.0.0.1', '/api/login/log/recover/page/1', 'GET', 'class com.zero.auth.controller.LoginLogController.recoverPage', '[1,10,{\"id\":null,\"userId\":null,\"ip\":null,\"country\":null,\"region\":null,\"city\":null,\"isp\":null,\"loginTime\":null,\"tokenId\":null,\"mobile\":null,\"browserName\":null,\"browserVersion\":null,\"osName\":null,\"logoutTime\":null,\"logout\":null,\"user\":null,\"queryUsername\":null,\"queryStartDate\":null,\"queryEndDate\":null,\"queryOnline\":null,\"queryAddress\":null}]', 86, 1, '分页查询逻辑删除的系统账号登录日志表数据', NULL, NULL, '2024-01-21 16:59:35', 1, '2024-01-21 16:59:35', 1, 0);
INSERT INTO `sys_operation_log` VALUES (3700, 1, '2024-01-21 16:59:36', '127.0.0.1', '/api/login/log/recover/page/1', 'GET', 'class com.zero.auth.controller.LoginLogController.recoverPage', '[1,10,{\"id\":null,\"userId\":null,\"ip\":null,\"country\":null,\"region\":null,\"city\":null,\"isp\":null,\"loginTime\":null,\"tokenId\":null,\"mobile\":null,\"browserName\":null,\"browserVersion\":null,\"osName\":null,\"logoutTime\":null,\"logout\":null,\"user\":null,\"queryUsername\":null,\"queryStartDate\":null,\"queryEndDate\":null,\"queryOnline\":null,\"queryAddress\":null}]', 35, 1, '分页查询逻辑删除的系统账号登录日志表数据', NULL, NULL, '2024-01-21 16:59:36', 1, '2024-01-21 16:59:36', 1, 0);
INSERT INTO `sys_operation_log` VALUES (3701, 1, '2024-01-21 16:59:46', '127.0.0.1', '/api/login/log/recover/page/1', 'GET', 'class com.zero.auth.controller.LoginLogController.recoverPage', '[1,10,{\"id\":null,\"userId\":null,\"ip\":null,\"country\":null,\"region\":null,\"city\":null,\"isp\":null,\"loginTime\":null,\"tokenId\":null,\"mobile\":null,\"browserName\":null,\"browserVersion\":null,\"osName\":null,\"logoutTime\":null,\"logout\":null,\"user\":null,\"queryUsername\":null,\"queryStartDate\":null,\"queryEndDate\":null,\"queryOnline\":null,\"queryAddress\":null}]', 49, 1, '分页查询逻辑删除的系统账号登录日志表数据', NULL, NULL, '2024-01-21 16:59:46', 1, '2024-01-21 16:59:46', 1, 0);
INSERT INTO `sys_operation_log` VALUES (3702, 1, '2024-01-21 16:59:47', '127.0.0.1', '/api/login/log/recover/page/1', 'GET', 'class com.zero.auth.controller.LoginLogController.recoverPage', '[1,10,{\"id\":null,\"userId\":null,\"ip\":null,\"country\":null,\"region\":null,\"city\":null,\"isp\":null,\"loginTime\":null,\"tokenId\":null,\"mobile\":null,\"browserName\":null,\"browserVersion\":null,\"osName\":null,\"logoutTime\":null,\"logout\":null,\"user\":null,\"queryUsername\":null,\"queryStartDate\":null,\"queryEndDate\":null,\"queryOnline\":null,\"queryAddress\":null}]', 42, 1, '分页查询逻辑删除的系统账号登录日志表数据', NULL, NULL, '2024-01-21 16:59:47', 1, '2024-01-21 16:59:47', 1, 0);
INSERT INTO `sys_operation_log` VALUES (3703, 1, '2024-01-21 17:00:07', '127.0.0.1', '/api/operation/log/page/13', 'GET', 'class com.zero.sys.controller.OperationLogController.page', '[13,10,{\"id\":null,\"operationUserId\":null,\"accessTime\":null,\"ip\":null,\"uri\":null,\"methodType\":null,\"method\":null,\"requestArgs\":null,\"executionTime\":null,\"result\":null,\"description\":null,\"exceptionName\":null,\"exceptionMessage\":null,\"user\":null,\"queryUsername\":null,\"queryStartDate\":null,\"queryEndDate\":null}]', 31, 1, '分页查询系统操作日志表数据', NULL, NULL, '2024-01-21 17:00:06', 1, '2024-01-21 17:00:06', 1, 0);
INSERT INTO `sys_operation_log` VALUES (3704, 1, '2024-01-21 17:00:08', '127.0.0.1', '/api/operation/log/page/14', 'GET', 'class com.zero.sys.controller.OperationLogController.page', '[14,10,{\"id\":null,\"operationUserId\":null,\"accessTime\":null,\"ip\":null,\"uri\":null,\"methodType\":null,\"method\":null,\"requestArgs\":null,\"executionTime\":null,\"result\":null,\"description\":null,\"exceptionName\":null,\"exceptionMessage\":null,\"user\":null,\"queryUsername\":null,\"queryStartDate\":null,\"queryEndDate\":null}]', 32, 1, '分页查询系统操作日志表数据', NULL, NULL, '2024-01-21 17:00:07', 1, '2024-01-21 17:00:07', 1, 0);
INSERT INTO `sys_operation_log` VALUES (3705, 1, '2024-01-21 17:00:09', '127.0.0.1', '/api/operation/log/page/10', 'GET', 'class com.zero.sys.controller.OperationLogController.page', '[10,10,{\"id\":null,\"operationUserId\":null,\"accessTime\":null,\"ip\":null,\"uri\":null,\"methodType\":null,\"method\":null,\"requestArgs\":null,\"executionTime\":null,\"result\":null,\"description\":null,\"exceptionName\":null,\"exceptionMessage\":null,\"user\":null,\"queryUsername\":null,\"queryStartDate\":null,\"queryEndDate\":null}]', 36, 1, '分页查询系统操作日志表数据', NULL, NULL, '2024-01-21 17:00:09', 1, '2024-01-21 17:00:09', 1, 0);
INSERT INTO `sys_operation_log` VALUES (3706, 1, '2024-01-21 17:00:10', '127.0.0.1', '/api/operation/log/page/1', 'GET', 'class com.zero.sys.controller.OperationLogController.page', '[1,10,{\"id\":null,\"operationUserId\":null,\"accessTime\":null,\"ip\":null,\"uri\":null,\"methodType\":null,\"method\":null,\"requestArgs\":null,\"executionTime\":null,\"result\":null,\"description\":null,\"exceptionName\":null,\"exceptionMessage\":null,\"user\":null,\"queryUsername\":null,\"queryStartDate\":null,\"queryEndDate\":null}]', 20, 1, '分页查询系统操作日志表数据', NULL, NULL, '2024-01-21 17:00:10', 1, '2024-01-21 17:00:10', 1, 0);
INSERT INTO `sys_operation_log` VALUES (3707, 1, '2024-01-21 17:00:24', '127.0.0.1', '/api/operation/log/page/5', 'GET', 'class com.zero.sys.controller.OperationLogController.page', '[5,10,{\"id\":null,\"operationUserId\":null,\"accessTime\":null,\"ip\":null,\"uri\":null,\"methodType\":null,\"method\":null,\"requestArgs\":null,\"executionTime\":null,\"result\":null,\"description\":null,\"exceptionName\":null,\"exceptionMessage\":null,\"user\":null,\"queryUsername\":null,\"queryStartDate\":null,\"queryEndDate\":null}]', 36, 1, '分页查询系统操作日志表数据', NULL, NULL, '2024-01-21 17:00:24', 1, '2024-01-21 17:01:47', 1, 1);
INSERT INTO `sys_operation_log` VALUES (3708, 1, '2024-01-21 17:00:25', '127.0.0.1', '/api/operation/log/page/6', 'GET', 'class com.zero.sys.controller.OperationLogController.page', '[6,10,{\"id\":null,\"operationUserId\":null,\"accessTime\":null,\"ip\":null,\"uri\":null,\"methodType\":null,\"method\":null,\"requestArgs\":null,\"executionTime\":null,\"result\":null,\"description\":null,\"exceptionName\":null,\"exceptionMessage\":null,\"user\":null,\"queryUsername\":null,\"queryStartDate\":null,\"queryEndDate\":null}]', 24, 1, '分页查询系统操作日志表数据', NULL, NULL, '2024-01-21 17:00:24', 1, '2024-01-21 17:00:24', 1, 0);
INSERT INTO `sys_operation_log` VALUES (3709, 1, '2024-01-21 17:00:26', '127.0.0.1', '/api/operation/log/page/16', 'GET', 'class com.zero.sys.controller.OperationLogController.page', '[16,10,{\"id\":null,\"operationUserId\":null,\"accessTime\":null,\"ip\":null,\"uri\":null,\"methodType\":null,\"method\":null,\"requestArgs\":null,\"executionTime\":null,\"result\":null,\"description\":null,\"exceptionName\":null,\"exceptionMessage\":null,\"user\":null,\"queryUsername\":null,\"queryStartDate\":null,\"queryEndDate\":null}]', 33, 1, '分页查询系统操作日志表数据', NULL, NULL, '2024-01-21 17:00:25', 1, '2024-01-21 17:00:25', 1, 0);
INSERT INTO `sys_operation_log` VALUES (3710, 1, '2024-01-21 17:00:27', '127.0.0.1', '/api/operation/log/page/14', 'GET', 'class com.zero.sys.controller.OperationLogController.page', '[14,10,{\"id\":null,\"operationUserId\":null,\"accessTime\":null,\"ip\":null,\"uri\":null,\"methodType\":null,\"method\":null,\"requestArgs\":null,\"executionTime\":null,\"result\":null,\"description\":null,\"exceptionName\":null,\"exceptionMessage\":null,\"user\":null,\"queryUsername\":null,\"queryStartDate\":null,\"queryEndDate\":null}]', 32, 1, '分页查询系统操作日志表数据', NULL, NULL, '2024-01-21 17:00:27', 1, '2024-01-21 17:00:27', 1, 0);
INSERT INTO `sys_operation_log` VALUES (3711, 1, '2024-01-21 17:00:29', '127.0.0.1', '/api/operation/log/page/1', 'GET', 'class com.zero.sys.controller.OperationLogController.page', '[1,10,{\"id\":null,\"operationUserId\":null,\"accessTime\":null,\"ip\":null,\"uri\":null,\"methodType\":null,\"method\":null,\"requestArgs\":null,\"executionTime\":null,\"result\":false,\"description\":null,\"exceptionName\":null,\"exceptionMessage\":null,\"user\":null,\"queryUsername\":null,\"queryStartDate\":null,\"queryEndDate\":null}]', 196, 1, '分页查询系统操作日志表数据', NULL, NULL, '2024-01-21 17:00:29', 1, '2024-01-21 17:00:29', 1, 0);
INSERT INTO `sys_operation_log` VALUES (3712, 1, '2024-01-21 17:00:29', '127.0.0.1', '/api/operation/log/page/1', 'GET', 'class com.zero.sys.controller.OperationLogController.page', '[1,10,{\"id\":null,\"operationUserId\":null,\"accessTime\":null,\"ip\":null,\"uri\":null,\"methodType\":null,\"method\":null,\"requestArgs\":null,\"executionTime\":null,\"result\":false,\"description\":null,\"exceptionName\":null,\"exceptionMessage\":null,\"user\":null,\"queryUsername\":null,\"queryStartDate\":null,\"queryEndDate\":null}]', 25, 1, '分页查询系统操作日志表数据', NULL, NULL, '2024-01-21 17:00:29', 1, '2024-01-21 17:00:29', 1, 0);
INSERT INTO `sys_operation_log` VALUES (3713, 1, '2024-01-21 17:00:31', '127.0.0.1', '/api/operation/log/page/1', 'GET', 'class com.zero.sys.controller.OperationLogController.page', '[1,10,{\"id\":null,\"operationUserId\":null,\"accessTime\":null,\"ip\":null,\"uri\":null,\"methodType\":null,\"method\":null,\"requestArgs\":null,\"executionTime\":null,\"result\":true,\"description\":null,\"exceptionName\":null,\"exceptionMessage\":null,\"user\":null,\"queryUsername\":null,\"queryStartDate\":null,\"queryEndDate\":null}]', 33, 1, '分页查询系统操作日志表数据', NULL, NULL, '2024-01-21 17:00:30', 1, '2024-01-21 17:00:30', 1, 0);
INSERT INTO `sys_operation_log` VALUES (3714, 1, '2024-01-21 17:00:31', '127.0.0.1', '/api/operation/log/page/1', 'GET', 'class com.zero.sys.controller.OperationLogController.page', '[1,10,{\"id\":null,\"operationUserId\":null,\"accessTime\":null,\"ip\":null,\"uri\":null,\"methodType\":null,\"method\":null,\"requestArgs\":null,\"executionTime\":null,\"result\":true,\"description\":null,\"exceptionName\":null,\"exceptionMessage\":null,\"user\":null,\"queryUsername\":null,\"queryStartDate\":null,\"queryEndDate\":null}]', 29, 1, '分页查询系统操作日志表数据', NULL, NULL, '2024-01-21 17:00:31', 1, '2024-01-21 17:00:31', 1, 0);
INSERT INTO `sys_operation_log` VALUES (3715, 1, '2024-01-21 17:01:37', '127.0.0.1', '/api/operation/log/recover/page/1', 'GET', 'class com.zero.sys.controller.OperationLogController.recoverPage', '[1,10,{\"id\":null,\"operationUserId\":null,\"accessTime\":null,\"ip\":null,\"uri\":null,\"methodType\":null,\"method\":null,\"requestArgs\":null,\"executionTime\":null,\"result\":null,\"description\":null,\"exceptionName\":null,\"exceptionMessage\":null,\"user\":null,\"queryUsername\":null,\"queryStartDate\":null,\"queryEndDate\":null}]', 39, 1, '分页查询逻辑删除的系统操作日志表数据', NULL, NULL, '2024-01-21 17:01:37', 1, '2024-01-21 17:01:37', 1, 0);
INSERT INTO `sys_operation_log` VALUES (3716, 1, '2024-01-21 17:01:47', '127.0.0.1', '/api/operation/log/3707', 'DELETE', 'class com.zero.sys.controller.OperationLogController.deleteById', '[3707]', 19, 1, '[通用方法]通过主键删除一条对应实体类的数据库记录', NULL, NULL, '2024-01-21 17:01:47', 1, '2024-01-21 17:01:47', 1, 0);
INSERT INTO `sys_operation_log` VALUES (3717, 1, '2024-01-21 17:01:47', '127.0.0.1', '/api/operation/log/page/1', 'GET', 'class com.zero.sys.controller.OperationLogController.page', '[1,10,{\"id\":null,\"operationUserId\":null,\"accessTime\":null,\"ip\":null,\"uri\":null,\"methodType\":null,\"method\":null,\"requestArgs\":null,\"executionTime\":null,\"result\":true,\"description\":null,\"exceptionName\":null,\"exceptionMessage\":null,\"user\":null,\"queryUsername\":null,\"queryStartDate\":null,\"queryEndDate\":null}]', 38, 1, '分页查询系统操作日志表数据', NULL, NULL, '2024-01-21 17:01:47', 1, '2024-01-21 17:01:47', 1, 0);
INSERT INTO `sys_operation_log` VALUES (3718, 1, '2024-01-21 17:01:53', '127.0.0.1', '/api/operation/log/recover/page/1', 'GET', 'class com.zero.sys.controller.OperationLogController.recoverPage', '[1,10,{\"id\":null,\"operationUserId\":null,\"accessTime\":null,\"ip\":null,\"uri\":null,\"methodType\":null,\"method\":null,\"requestArgs\":null,\"executionTime\":null,\"result\":null,\"description\":null,\"exceptionName\":null,\"exceptionMessage\":null,\"user\":null,\"queryUsername\":null,\"queryStartDate\":null,\"queryEndDate\":null}]', 40, 1, '分页查询逻辑删除的系统操作日志表数据', NULL, NULL, '2024-01-21 17:01:52', 1, '2024-01-21 17:01:52', 1, 0);
INSERT INTO `sys_operation_log` VALUES (3719, 1, '2024-01-21 17:02:06', '127.0.0.1', '/api/operation/log/recover/page/1', 'GET', 'class com.zero.sys.controller.OperationLogController.recoverPage', '[1,10,{\"id\":null,\"operationUserId\":null,\"accessTime\":null,\"ip\":null,\"uri\":null,\"methodType\":null,\"method\":null,\"requestArgs\":null,\"executionTime\":null,\"result\":null,\"description\":null,\"exceptionName\":null,\"exceptionMessage\":null,\"user\":null,\"queryUsername\":null,\"queryStartDate\":null,\"queryEndDate\":null}]', 36, 1, '分页查询逻辑删除的系统操作日志表数据', NULL, NULL, '2024-01-21 17:02:06', 1, '2024-01-21 17:02:06', 1, 0);
INSERT INTO `sys_operation_log` VALUES (3720, 1, '2024-01-21 17:03:09', '127.0.0.1', '/api/operation/log/recover/page/1', 'GET', 'class com.zero.sys.controller.OperationLogController.recoverPage', '[1,10,{\"id\":null,\"operationUserId\":null,\"accessTime\":null,\"ip\":null,\"uri\":null,\"methodType\":null,\"method\":null,\"requestArgs\":null,\"executionTime\":null,\"result\":null,\"description\":null,\"exceptionName\":null,\"exceptionMessage\":null,\"user\":null,\"queryUsername\":null,\"queryStartDate\":null,\"queryEndDate\":null}]', 31, 1, '分页查询逻辑删除的系统操作日志表数据', NULL, NULL, '2024-01-21 17:03:08', 1, '2024-01-21 17:03:08', 1, 0);
INSERT INTO `sys_operation_log` VALUES (3721, 1, '2024-01-21 17:04:11', '127.0.0.1', '/api/index/panel/group', 'GET', 'class com.zero.sys.controller.IndexController.panelGroup', NULL, 8, 1, '获取系统首页的展示数据', NULL, NULL, '2024-01-21 17:04:11', 1, '2024-01-21 17:04:11', 1, 0);
INSERT INTO `sys_operation_log` VALUES (3722, 1, '2024-01-21 17:04:11', '127.0.0.1', '/api/index/login/map', 'GET', 'class com.zero.sys.controller.IndexController.loginMap', NULL, 5, 1, '获取系统首页的用户登录地图数据', NULL, NULL, '2024-01-21 17:04:11', 1, '2024-01-21 17:04:11', 1, 0);
INSERT INTO `sys_operation_log` VALUES (3723, 1, '2024-01-21 17:04:13', '127.0.0.1', '/api/operation/log/recover/page/1', 'GET', 'class com.zero.sys.controller.OperationLogController.recoverPage', '[1,10,{\"id\":null,\"operationUserId\":null,\"accessTime\":null,\"ip\":null,\"uri\":null,\"methodType\":null,\"method\":null,\"requestArgs\":null,\"executionTime\":null,\"result\":null,\"description\":null,\"exceptionName\":null,\"exceptionMessage\":null,\"user\":null,\"queryUsername\":null,\"queryStartDate\":null,\"queryEndDate\":null}]', 39, 1, '分页查询逻辑删除的系统操作日志表数据', NULL, NULL, '2024-01-21 17:04:12', 1, '2024-01-21 17:04:12', 1, 0);
INSERT INTO `sys_operation_log` VALUES (3724, 1, '2024-01-21 17:04:24', '127.0.0.1', '/api/operation/log/page/1', 'GET', 'class com.zero.sys.controller.OperationLogController.page', '[1,10,{\"id\":null,\"operationUserId\":null,\"accessTime\":null,\"ip\":null,\"uri\":null,\"methodType\":null,\"method\":null,\"requestArgs\":null,\"executionTime\":null,\"result\":null,\"description\":null,\"exceptionName\":null,\"exceptionMessage\":null,\"user\":null,\"queryUsername\":null,\"queryStartDate\":null,\"queryEndDate\":null}]', 31, 1, '分页查询系统操作日志表数据', NULL, NULL, '2024-01-21 17:04:23', 1, '2024-01-21 17:04:23', 1, 0);
INSERT INTO `sys_operation_log` VALUES (3725, 1, '2024-01-21 17:04:46', '127.0.0.1', '/api/operation/log/page/1', 'GET', 'class com.zero.sys.controller.OperationLogController.page', '[1,10,{\"id\":null,\"operationUserId\":null,\"accessTime\":null,\"ip\":null,\"uri\":null,\"methodType\":null,\"method\":null,\"requestArgs\":null,\"executionTime\":null,\"result\":null,\"description\":null,\"exceptionName\":null,\"exceptionMessage\":null,\"user\":null,\"queryUsername\":null,\"queryStartDate\":null,\"queryEndDate\":null}]', 82, 1, '分页查询系统操作日志表数据', NULL, NULL, '2024-01-21 17:04:46', 1, '2024-01-21 17:04:46', 1, 0);
INSERT INTO `sys_operation_log` VALUES (3726, 1, '2024-01-21 17:04:47', '127.0.0.1', '/api/operation/log/page/1', 'GET', 'class com.zero.sys.controller.OperationLogController.page', '[1,10,{\"id\":null,\"operationUserId\":null,\"accessTime\":null,\"ip\":null,\"uri\":null,\"methodType\":null,\"method\":null,\"requestArgs\":null,\"executionTime\":null,\"result\":null,\"description\":null,\"exceptionName\":null,\"exceptionMessage\":null,\"user\":null,\"queryUsername\":null,\"queryStartDate\":null,\"queryEndDate\":null}]', 49, 1, '分页查询系统操作日志表数据', NULL, NULL, '2024-01-21 17:04:47', 1, '2024-01-21 17:04:47', 1, 0);
INSERT INTO `sys_operation_log` VALUES (3727, 1, '2024-01-21 17:05:10', '127.0.0.1', '/api/operation/log/page/1', 'GET', 'class com.zero.sys.controller.OperationLogController.page', '[1,10,{\"id\":null,\"operationUserId\":null,\"accessTime\":null,\"ip\":null,\"uri\":null,\"methodType\":null,\"method\":null,\"requestArgs\":null,\"executionTime\":null,\"result\":null,\"description\":null,\"exceptionName\":null,\"exceptionMessage\":null,\"user\":null,\"queryUsername\":null,\"queryStartDate\":null,\"queryEndDate\":null}]', 115, 1, '分页查询系统操作日志表数据', NULL, NULL, '2024-01-21 17:05:09', 1, '2024-01-21 17:05:09', 1, 0);
INSERT INTO `sys_operation_log` VALUES (3728, 1, '2024-01-21 17:05:13', '127.0.0.1', '/api/operation/log/recover/page/1', 'GET', 'class com.zero.sys.controller.OperationLogController.recoverPage', '[1,10,{\"id\":null,\"operationUserId\":null,\"accessTime\":null,\"ip\":null,\"uri\":null,\"methodType\":null,\"method\":null,\"requestArgs\":null,\"executionTime\":null,\"result\":null,\"description\":null,\"exceptionName\":null,\"exceptionMessage\":null,\"user\":null,\"queryUsername\":null,\"queryStartDate\":null,\"queryEndDate\":null}]', 36, 1, '分页查询逻辑删除的系统操作日志表数据', NULL, NULL, '2024-01-21 17:05:13', 1, '2024-01-21 17:05:13', 1, 0);
INSERT INTO `sys_operation_log` VALUES (3729, 1, '2024-01-21 17:05:14', '127.0.0.1', '/api/operation/log/recover/page/1', 'GET', 'class com.zero.sys.controller.OperationLogController.recoverPage', '[1,10,{\"id\":null,\"operationUserId\":null,\"accessTime\":null,\"ip\":null,\"uri\":null,\"methodType\":null,\"method\":null,\"requestArgs\":null,\"executionTime\":null,\"result\":null,\"description\":null,\"exceptionName\":null,\"exceptionMessage\":null,\"user\":null,\"queryUsername\":null,\"queryStartDate\":null,\"queryEndDate\":null}]', 139, 1, '分页查询逻辑删除的系统操作日志表数据', NULL, NULL, '2024-01-21 17:05:14', 1, '2024-01-21 17:05:14', 1, 0);
INSERT INTO `sys_operation_log` VALUES (3730, 1, '2024-01-21 17:05:55', '127.0.0.1', '/api/login/log/page/1', 'GET', 'class com.zero.auth.controller.LoginLogController.page', '[1,10,{\"id\":null,\"userId\":null,\"ip\":null,\"country\":null,\"region\":null,\"city\":null,\"isp\":null,\"loginTime\":null,\"tokenId\":null,\"mobile\":null,\"browserName\":null,\"browserVersion\":null,\"osName\":null,\"logoutTime\":null,\"logout\":null,\"user\":null,\"queryUsername\":null,\"queryStartDate\":null,\"queryEndDate\":null,\"queryOnline\":null,\"queryAddress\":null}]', 42, 1, '分页查询系统账号登录日志表数据', NULL, NULL, '2024-01-21 17:05:55', 1, '2024-01-21 17:05:55', 1, 0);
INSERT INTO `sys_operation_log` VALUES (3731, 1, '2024-01-21 17:06:01', '127.0.0.1', '/api/operation/log/page/1', 'GET', 'class com.zero.sys.controller.OperationLogController.page', '[1,10,{\"id\":null,\"operationUserId\":null,\"accessTime\":null,\"ip\":null,\"uri\":null,\"methodType\":\"POST\",\"method\":null,\"requestArgs\":null,\"executionTime\":null,\"result\":null,\"description\":null,\"exceptionName\":null,\"exceptionMessage\":null,\"user\":null,\"queryUsername\":null,\"queryStartDate\":null,\"queryEndDate\":null}]', 55, 1, '分页查询系统操作日志表数据', NULL, NULL, '2024-01-21 17:06:00', 1, '2024-01-21 17:06:00', 1, 0);
INSERT INTO `sys_operation_log` VALUES (3732, 1, '2024-01-21 17:08:11', '127.0.0.1', '/api/operation/log/page/1', 'GET', 'class com.zero.sys.controller.OperationLogController.page', '[1,10,{\"id\":null,\"operationUserId\":null,\"accessTime\":null,\"ip\":null,\"uri\":null,\"methodType\":\"GET\",\"method\":null,\"requestArgs\":null,\"executionTime\":null,\"result\":null,\"description\":null,\"exceptionName\":null,\"exceptionMessage\":null,\"user\":null,\"queryUsername\":null,\"queryStartDate\":null,\"queryEndDate\":null}]', 109, 1, '分页查询系统操作日志表数据', NULL, NULL, '2024-01-21 17:08:11', 1, '2024-01-21 17:08:11', 1, 0);
INSERT INTO `sys_operation_log` VALUES (3733, 1, '2024-01-21 17:08:12', '127.0.0.1', '/api/operation/log/page/1', 'GET', 'class com.zero.sys.controller.OperationLogController.page', '[1,10,{\"id\":null,\"operationUserId\":null,\"accessTime\":null,\"ip\":null,\"uri\":null,\"methodType\":\"\",\"method\":null,\"requestArgs\":null,\"executionTime\":null,\"result\":null,\"description\":null,\"exceptionName\":null,\"exceptionMessage\":null,\"user\":null,\"queryUsername\":null,\"queryStartDate\":null,\"queryEndDate\":null}]', 33, 1, '分页查询系统操作日志表数据', NULL, NULL, '2024-01-21 17:08:12', 1, '2024-01-21 17:08:12', 1, 0);
INSERT INTO `sys_operation_log` VALUES (3734, 1, '2024-01-21 17:08:14', '127.0.0.1', '/api/operation/log/page/1', 'GET', 'class com.zero.sys.controller.OperationLogController.page', '[1,10,{\"id\":null,\"operationUserId\":null,\"accessTime\":null,\"ip\":null,\"uri\":null,\"methodType\":\"PUT\",\"method\":null,\"requestArgs\":null,\"executionTime\":null,\"result\":null,\"description\":null,\"exceptionName\":null,\"exceptionMessage\":null,\"user\":null,\"queryUsername\":null,\"queryStartDate\":null,\"queryEndDate\":null}]', 27, 1, '分页查询系统操作日志表数据', NULL, NULL, '2024-01-21 17:08:14', 1, '2024-01-21 17:08:14', 1, 0);
INSERT INTO `sys_operation_log` VALUES (3735, 1, '2024-01-21 17:08:16', '127.0.0.1', '/api/operation/log/page/1', 'GET', 'class com.zero.sys.controller.OperationLogController.page', '[1,10,{\"id\":null,\"operationUserId\":null,\"accessTime\":null,\"ip\":null,\"uri\":null,\"methodType\":\"DELETE\",\"method\":null,\"requestArgs\":null,\"executionTime\":null,\"result\":null,\"description\":null,\"exceptionName\":null,\"exceptionMessage\":null,\"user\":null,\"queryUsername\":null,\"queryStartDate\":null,\"queryEndDate\":null}]', 34, 1, '分页查询系统操作日志表数据', NULL, NULL, '2024-01-21 17:08:15', 1, '2024-01-21 17:08:15', 1, 0);
INSERT INTO `sys_operation_log` VALUES (3736, 1, '2024-01-21 17:08:18', '127.0.0.1', '/api/operation/log/page/1', 'GET', 'class com.zero.sys.controller.OperationLogController.page', '[1,10,{\"id\":null,\"operationUserId\":null,\"accessTime\":null,\"ip\":null,\"uri\":null,\"methodType\":\"DELETE\",\"method\":null,\"requestArgs\":null,\"executionTime\":null,\"result\":null,\"description\":null,\"exceptionName\":null,\"exceptionMessage\":null,\"user\":null,\"queryUsername\":null,\"queryStartDate\":null,\"queryEndDate\":null}]', 37, 1, '分页查询系统操作日志表数据', NULL, NULL, '2024-01-21 17:08:17', 1, '2024-01-21 17:08:17', 1, 0);
INSERT INTO `sys_operation_log` VALUES (3737, 1, '2024-01-21 17:08:20', '127.0.0.1', '/api/operation/log/page/1', 'GET', 'class com.zero.sys.controller.OperationLogController.page', '[1,10,{\"id\":null,\"operationUserId\":null,\"accessTime\":null,\"ip\":null,\"uri\":null,\"methodType\":\"GET\",\"method\":null,\"requestArgs\":null,\"executionTime\":null,\"result\":null,\"description\":null,\"exceptionName\":null,\"exceptionMessage\":null,\"user\":null,\"queryUsername\":null,\"queryStartDate\":null,\"queryEndDate\":null}]', 32, 1, '分页查询系统操作日志表数据', NULL, NULL, '2024-01-21 17:08:19', 1, '2024-01-21 17:08:19', 1, 0);
INSERT INTO `sys_operation_log` VALUES (3738, 1, '2024-01-21 17:08:31', '127.0.0.1', '/api/operation/log/page/1', 'GET', 'class com.zero.sys.controller.OperationLogController.page', '[1,10,{\"id\":null,\"operationUserId\":null,\"accessTime\":null,\"ip\":null,\"uri\":null,\"methodType\":\"GET\",\"method\":null,\"requestArgs\":null,\"executionTime\":null,\"result\":null,\"description\":null,\"exceptionName\":null,\"exceptionMessage\":null,\"user\":null,\"queryUsername\":null,\"queryStartDate\":null,\"queryEndDate\":null}]', 32, 1, '分页查询系统操作日志表数据', NULL, NULL, '2024-01-21 17:08:31', 1, '2024-01-21 17:08:31', 1, 0);
INSERT INTO `sys_operation_log` VALUES (3739, 1, '2024-01-21 17:08:33', '127.0.0.1', '/api/operation/log/page/1', 'GET', 'class com.zero.sys.controller.OperationLogController.page', '[1,10,{\"id\":null,\"operationUserId\":null,\"accessTime\":null,\"ip\":null,\"uri\":null,\"methodType\":\"DELETE\",\"method\":null,\"requestArgs\":null,\"executionTime\":null,\"result\":null,\"description\":null,\"exceptionName\":null,\"exceptionMessage\":null,\"user\":null,\"queryUsername\":null,\"queryStartDate\":null,\"queryEndDate\":null}]', 40, 1, '分页查询系统操作日志表数据', NULL, NULL, '2024-01-21 17:08:32', 1, '2024-01-21 17:08:32', 1, 0);
INSERT INTO `sys_operation_log` VALUES (3740, 1, '2024-01-21 17:09:20', '127.0.0.1', '/api/operation/log/page/1', 'GET', 'class com.zero.sys.controller.OperationLogController.page', '[1,10,{\"id\":null,\"operationUserId\":null,\"accessTime\":null,\"ip\":null,\"uri\":null,\"methodType\":\"\",\"method\":null,\"requestArgs\":null,\"executionTime\":null,\"result\":null,\"description\":null,\"exceptionName\":null,\"exceptionMessage\":null,\"user\":null,\"queryUsername\":null,\"queryStartDate\":null,\"queryEndDate\":null}]', 36, 1, '分页查询系统操作日志表数据', NULL, NULL, '2024-01-21 17:09:19', 1, '2024-01-21 17:09:19', 1, 0);
INSERT INTO `sys_operation_log` VALUES (3741, 1, '2024-01-21 17:09:22', '127.0.0.1', '/api/operation/log/page/1', 'GET', 'class com.zero.sys.controller.OperationLogController.page', '[1,10,{\"id\":null,\"operationUserId\":null,\"accessTime\":null,\"ip\":null,\"uri\":null,\"methodType\":\"DELETE\",\"method\":null,\"requestArgs\":null,\"executionTime\":null,\"result\":null,\"description\":null,\"exceptionName\":null,\"exceptionMessage\":null,\"user\":null,\"queryUsername\":null,\"queryStartDate\":null,\"queryEndDate\":null}]', 43, 1, '分页查询系统操作日志表数据', NULL, NULL, '2024-01-21 17:09:21', 1, '2024-01-21 17:09:21', 1, 0);
INSERT INTO `sys_operation_log` VALUES (3742, 1, '2024-01-21 17:09:42', '127.0.0.1', '/api/operation/log/page/1', 'GET', 'class com.zero.sys.controller.OperationLogController.page', '[1,10,{\"id\":null,\"operationUserId\":null,\"accessTime\":null,\"ip\":null,\"uri\":null,\"methodType\":\"GET\",\"method\":null,\"requestArgs\":null,\"executionTime\":null,\"result\":null,\"description\":null,\"exceptionName\":null,\"exceptionMessage\":null,\"user\":null,\"queryUsername\":null,\"queryStartDate\":null,\"queryEndDate\":null}]', 34, 1, '分页查询系统操作日志表数据', NULL, NULL, '2024-01-21 17:09:42', 1, '2024-01-21 17:09:42', 1, 0);
INSERT INTO `sys_operation_log` VALUES (3743, 1, '2024-01-21 17:10:18', '127.0.0.1', '/api/operation/log/page/1', 'GET', 'class com.zero.sys.controller.OperationLogController.page', '[1,10,{\"id\":null,\"operationUserId\":null,\"accessTime\":null,\"ip\":null,\"uri\":null,\"methodType\":\"GET\",\"method\":null,\"requestArgs\":null,\"executionTime\":null,\"result\":null,\"description\":null,\"exceptionName\":null,\"exceptionMessage\":null,\"user\":null,\"queryUsername\":null,\"queryStartDate\":null,\"queryEndDate\":null}]', 74, 1, '分页查询系统操作日志表数据', NULL, NULL, '2024-01-21 17:10:17', 1, '2024-01-21 17:10:17', 1, 0);
INSERT INTO `sys_operation_log` VALUES (3744, 1, '2024-01-21 17:10:19', '127.0.0.1', '/api/operation/log/page/1', 'GET', 'class com.zero.sys.controller.OperationLogController.page', '[1,10,{\"id\":null,\"operationUserId\":null,\"accessTime\":null,\"ip\":null,\"uri\":null,\"methodType\":\"GET\",\"method\":null,\"requestArgs\":null,\"executionTime\":null,\"result\":null,\"description\":null,\"exceptionName\":null,\"exceptionMessage\":null,\"user\":null,\"queryUsername\":null,\"queryStartDate\":null,\"queryEndDate\":null}]', 79, 1, '分页查询系统操作日志表数据', NULL, NULL, '2024-01-21 17:10:18', 1, '2024-01-21 17:10:18', 1, 0);
INSERT INTO `sys_operation_log` VALUES (3745, 1, '2024-01-21 17:10:20', '127.0.0.1', '/api/operation/log/page/1', 'GET', 'class com.zero.sys.controller.OperationLogController.page', '[1,10,{\"id\":null,\"operationUserId\":null,\"accessTime\":null,\"ip\":null,\"uri\":null,\"methodType\":\"GET\",\"method\":null,\"requestArgs\":null,\"executionTime\":null,\"result\":null,\"description\":null,\"exceptionName\":null,\"exceptionMessage\":null,\"user\":null,\"queryUsername\":null,\"queryStartDate\":null,\"queryEndDate\":null}]', 76, 1, '分页查询系统操作日志表数据', NULL, NULL, '2024-01-21 17:10:19', 1, '2024-01-21 17:10:19', 1, 0);
INSERT INTO `sys_operation_log` VALUES (3746, 1, '2024-01-21 17:10:52', '127.0.0.1', '/api/operation/log/page/1', 'GET', 'class com.zero.sys.controller.OperationLogController.page', '[1,10,{\"id\":null,\"operationUserId\":null,\"accessTime\":null,\"ip\":null,\"uri\":null,\"methodType\":\"\",\"method\":null,\"requestArgs\":null,\"executionTime\":null,\"result\":null,\"description\":null,\"exceptionName\":null,\"exceptionMessage\":null,\"user\":null,\"queryUsername\":null,\"queryStartDate\":null,\"queryEndDate\":null}]', 39, 1, '分页查询系统操作日志表数据', NULL, NULL, '2024-01-21 17:10:51', 1, '2024-01-21 17:10:51', 1, 0);
INSERT INTO `sys_operation_log` VALUES (3747, 1, '2024-01-21 17:10:53', '127.0.0.1', '/api/operation/log/page/1', 'GET', 'class com.zero.sys.controller.OperationLogController.page', '[1,10,{\"id\":null,\"operationUserId\":null,\"accessTime\":null,\"ip\":null,\"uri\":null,\"methodType\":\"POST\",\"method\":null,\"requestArgs\":null,\"executionTime\":null,\"result\":null,\"description\":null,\"exceptionName\":null,\"exceptionMessage\":null,\"user\":null,\"queryUsername\":null,\"queryStartDate\":null,\"queryEndDate\":null}]', 50, 1, '分页查询系统操作日志表数据', NULL, NULL, '2024-01-21 17:10:53', 1, '2024-01-21 17:10:53', 1, 0);
INSERT INTO `sys_operation_log` VALUES (3748, 1, '2024-01-21 17:10:54', '127.0.0.1', '/api/operation/log/page/1', 'GET', 'class com.zero.sys.controller.OperationLogController.page', '[1,10,{\"id\":null,\"operationUserId\":null,\"accessTime\":null,\"ip\":null,\"uri\":null,\"methodType\":\"POST\",\"method\":null,\"requestArgs\":null,\"executionTime\":null,\"result\":null,\"description\":null,\"exceptionName\":null,\"exceptionMessage\":null,\"user\":null,\"queryUsername\":null,\"queryStartDate\":null,\"queryEndDate\":null}]', 40, 1, '分页查询系统操作日志表数据', NULL, NULL, '2024-01-21 17:10:54', 1, '2024-01-21 17:10:54', 1, 0);
INSERT INTO `sys_operation_log` VALUES (3749, 1, '2024-01-21 17:10:55', '127.0.0.1', '/api/operation/log/page/1', 'GET', 'class com.zero.sys.controller.OperationLogController.page', '[1,10,{\"id\":null,\"operationUserId\":null,\"accessTime\":null,\"ip\":null,\"uri\":null,\"methodType\":\"POST\",\"method\":null,\"requestArgs\":null,\"executionTime\":null,\"result\":null,\"description\":null,\"exceptionName\":null,\"exceptionMessage\":null,\"user\":null,\"queryUsername\":null,\"queryStartDate\":null,\"queryEndDate\":null}]', 51, 1, '分页查询系统操作日志表数据', NULL, NULL, '2024-01-21 17:10:55', 1, '2024-01-21 17:10:55', 1, 0);
INSERT INTO `sys_operation_log` VALUES (3750, 1, '2024-01-21 17:10:55', '127.0.0.1', '/api/operation/log/page/1', 'GET', 'class com.zero.sys.controller.OperationLogController.page', '[1,10,{\"id\":null,\"operationUserId\":null,\"accessTime\":null,\"ip\":null,\"uri\":null,\"methodType\":\"POST\",\"method\":null,\"requestArgs\":null,\"executionTime\":null,\"result\":null,\"description\":null,\"exceptionName\":null,\"exceptionMessage\":null,\"user\":null,\"queryUsername\":null,\"queryStartDate\":null,\"queryEndDate\":null}]', 43, 1, '分页查询系统操作日志表数据', NULL, NULL, '2024-01-21 17:10:55', 1, '2024-01-21 17:10:55', 1, 0);
INSERT INTO `sys_operation_log` VALUES (3751, 1, '2024-01-21 17:10:56', '127.0.0.1', '/api/operation/log/page/1', 'GET', 'class com.zero.sys.controller.OperationLogController.page', '[1,10,{\"id\":null,\"operationUserId\":null,\"accessTime\":null,\"ip\":null,\"uri\":null,\"methodType\":\"POST\",\"method\":null,\"requestArgs\":null,\"executionTime\":null,\"result\":null,\"description\":null,\"exceptionName\":null,\"exceptionMessage\":null,\"user\":null,\"queryUsername\":null,\"queryStartDate\":null,\"queryEndDate\":null}]', 50, 1, '分页查询系统操作日志表数据', NULL, NULL, '2024-01-21 17:10:55', 1, '2024-01-21 17:10:55', 1, 0);
INSERT INTO `sys_operation_log` VALUES (3752, 1, '2024-01-21 17:10:56', '127.0.0.1', '/api/operation/log/page/1', 'GET', 'class com.zero.sys.controller.OperationLogController.page', '[1,10,{\"id\":null,\"operationUserId\":null,\"accessTime\":null,\"ip\":null,\"uri\":null,\"methodType\":\"POST\",\"method\":null,\"requestArgs\":null,\"executionTime\":null,\"result\":null,\"description\":null,\"exceptionName\":null,\"exceptionMessage\":null,\"user\":null,\"queryUsername\":null,\"queryStartDate\":null,\"queryEndDate\":null}]', 37, 1, '分页查询系统操作日志表数据', NULL, NULL, '2024-01-21 17:10:56', 1, '2024-01-21 17:10:56', 1, 0);
INSERT INTO `sys_operation_log` VALUES (3753, 1, '2024-01-21 17:10:57', '127.0.0.1', '/api/operation/log/page/1', 'GET', 'class com.zero.sys.controller.OperationLogController.page', '[1,10,{\"id\":null,\"operationUserId\":null,\"accessTime\":null,\"ip\":null,\"uri\":null,\"methodType\":\"POST\",\"method\":null,\"requestArgs\":null,\"executionTime\":null,\"result\":null,\"description\":null,\"exceptionName\":null,\"exceptionMessage\":null,\"user\":null,\"queryUsername\":null,\"queryStartDate\":null,\"queryEndDate\":null}]', 49, 1, '分页查询系统操作日志表数据', NULL, NULL, '2024-01-21 17:10:56', 1, '2024-01-21 17:10:56', 1, 0);
INSERT INTO `sys_operation_log` VALUES (3754, 1, '2024-01-21 17:10:57', '127.0.0.1', '/api/operation/log/page/1', 'GET', 'class com.zero.sys.controller.OperationLogController.page', '[1,10,{\"id\":null,\"operationUserId\":null,\"accessTime\":null,\"ip\":null,\"uri\":null,\"methodType\":\"POST\",\"method\":null,\"requestArgs\":null,\"executionTime\":null,\"result\":null,\"description\":null,\"exceptionName\":null,\"exceptionMessage\":null,\"user\":null,\"queryUsername\":null,\"queryStartDate\":null,\"queryEndDate\":null}]', 44, 1, '分页查询系统操作日志表数据', NULL, NULL, '2024-01-21 17:10:56', 1, '2024-01-21 17:10:56', 1, 0);
INSERT INTO `sys_operation_log` VALUES (3755, 1, '2024-01-21 17:10:57', '127.0.0.1', '/api/operation/log/page/1', 'GET', 'class com.zero.sys.controller.OperationLogController.page', '[1,10,{\"id\":null,\"operationUserId\":null,\"accessTime\":null,\"ip\":null,\"uri\":null,\"methodType\":\"POST\",\"method\":null,\"requestArgs\":null,\"executionTime\":null,\"result\":null,\"description\":null,\"exceptionName\":null,\"exceptionMessage\":null,\"user\":null,\"queryUsername\":null,\"queryStartDate\":null,\"queryEndDate\":null}]', 35, 1, '分页查询系统操作日志表数据', NULL, NULL, '2024-01-21 17:10:57', 1, '2024-01-21 17:10:57', 1, 0);
INSERT INTO `sys_operation_log` VALUES (3756, 1, '2024-01-21 17:11:10', '127.0.0.1', '/api/operation/log/page/1', 'GET', 'class com.zero.sys.controller.OperationLogController.page', '[1,10,{\"id\":null,\"operationUserId\":null,\"accessTime\":null,\"ip\":null,\"uri\":null,\"methodType\":\"POST\",\"method\":null,\"requestArgs\":null,\"executionTime\":null,\"result\":null,\"description\":null,\"exceptionName\":null,\"exceptionMessage\":null,\"user\":null,\"queryUsername\":null,\"queryStartDate\":null,\"queryEndDate\":null}]', 38, 1, '分页查询系统操作日志表数据', NULL, NULL, '2024-01-21 17:11:09', 1, '2024-01-21 17:11:09', 1, 0);
INSERT INTO `sys_operation_log` VALUES (3757, 1, '2024-01-21 17:11:10', '127.0.0.1', '/api/operation/log/page/1', 'GET', 'class com.zero.sys.controller.OperationLogController.page', '[1,10,{\"id\":null,\"operationUserId\":null,\"accessTime\":null,\"ip\":null,\"uri\":null,\"methodType\":\"POST\",\"method\":null,\"requestArgs\":null,\"executionTime\":null,\"result\":null,\"description\":null,\"exceptionName\":null,\"exceptionMessage\":null,\"user\":null,\"queryUsername\":null,\"queryStartDate\":null,\"queryEndDate\":null}]', 39, 1, '分页查询系统操作日志表数据', NULL, NULL, '2024-01-21 17:11:10', 1, '2024-01-21 17:11:10', 1, 0);
INSERT INTO `sys_operation_log` VALUES (3758, 1, '2024-01-21 17:11:10', '127.0.0.1', '/api/operation/log/page/1', 'GET', 'class com.zero.sys.controller.OperationLogController.page', '[1,10,{\"id\":null,\"operationUserId\":null,\"accessTime\":null,\"ip\":null,\"uri\":null,\"methodType\":\"POST\",\"method\":null,\"requestArgs\":null,\"executionTime\":null,\"result\":null,\"description\":null,\"exceptionName\":null,\"exceptionMessage\":null,\"user\":null,\"queryUsername\":null,\"queryStartDate\":null,\"queryEndDate\":null}]', 38, 1, '分页查询系统操作日志表数据', NULL, NULL, '2024-01-21 17:11:10', 1, '2024-01-21 17:11:10', 1, 0);
INSERT INTO `sys_operation_log` VALUES (3759, 1, '2024-01-21 17:11:11', '127.0.0.1', '/api/operation/log/page/1', 'GET', 'class com.zero.sys.controller.OperationLogController.page', '[1,10,{\"id\":null,\"operationUserId\":null,\"accessTime\":null,\"ip\":null,\"uri\":null,\"methodType\":\"POST\",\"method\":null,\"requestArgs\":null,\"executionTime\":null,\"result\":null,\"description\":null,\"exceptionName\":null,\"exceptionMessage\":null,\"user\":null,\"queryUsername\":null,\"queryStartDate\":null,\"queryEndDate\":null}]', 221, 1, '分页查询系统操作日志表数据', NULL, NULL, '2024-01-21 17:11:10', 1, '2024-01-21 17:11:10', 1, 0);
INSERT INTO `sys_operation_log` VALUES (3760, 1, '2024-01-21 17:11:15', '127.0.0.1', '/api/operation/log/page/1', 'GET', 'class com.zero.sys.controller.OperationLogController.page', '[1,10,{\"id\":null,\"operationUserId\":null,\"accessTime\":null,\"ip\":null,\"uri\":null,\"methodType\":\"POST\",\"method\":null,\"requestArgs\":null,\"executionTime\":null,\"result\":null,\"description\":null,\"exceptionName\":null,\"exceptionMessage\":null,\"user\":null,\"queryUsername\":null,\"queryStartDate\":null,\"queryEndDate\":null}]', 34, 1, '分页查询系统操作日志表数据', NULL, NULL, '2024-01-21 17:11:15', 1, '2024-01-21 17:11:15', 1, 0);
INSERT INTO `sys_operation_log` VALUES (3761, 1, '2024-01-21 17:11:16', '127.0.0.1', '/api/operation/log/page/1', 'GET', 'class com.zero.sys.controller.OperationLogController.page', '[1,10,{\"id\":null,\"operationUserId\":null,\"accessTime\":null,\"ip\":null,\"uri\":null,\"methodType\":\"POST\",\"method\":null,\"requestArgs\":null,\"executionTime\":null,\"result\":null,\"description\":null,\"exceptionName\":null,\"exceptionMessage\":null,\"user\":null,\"queryUsername\":null,\"queryStartDate\":null,\"queryEndDate\":null}]', 43, 1, '分页查询系统操作日志表数据', NULL, NULL, '2024-01-21 17:11:15', 1, '2024-01-21 17:11:15', 1, 0);
INSERT INTO `sys_operation_log` VALUES (3762, 1, '2024-01-21 17:11:16', '127.0.0.1', '/api/operation/log/page/1', 'GET', 'class com.zero.sys.controller.OperationLogController.page', '[1,10,{\"id\":null,\"operationUserId\":null,\"accessTime\":null,\"ip\":null,\"uri\":null,\"methodType\":\"\",\"method\":null,\"requestArgs\":null,\"executionTime\":null,\"result\":null,\"description\":null,\"exceptionName\":null,\"exceptionMessage\":null,\"user\":null,\"queryUsername\":null,\"queryStartDate\":null,\"queryEndDate\":null}]', 21, 1, '分页查询系统操作日志表数据', NULL, NULL, '2024-01-21 17:11:16', 1, '2024-01-21 17:11:16', 1, 0);
INSERT INTO `sys_operation_log` VALUES (3763, 1, '2024-01-21 17:11:17', '127.0.0.1', '/api/operation/log/page/1', 'GET', 'class com.zero.sys.controller.OperationLogController.page', '[1,10,{\"id\":null,\"operationUserId\":null,\"accessTime\":null,\"ip\":null,\"uri\":null,\"methodType\":\"GET\",\"method\":null,\"requestArgs\":null,\"executionTime\":null,\"result\":null,\"description\":null,\"exceptionName\":null,\"exceptionMessage\":null,\"user\":null,\"queryUsername\":null,\"queryStartDate\":null,\"queryEndDate\":null}]', 34, 1, '分页查询系统操作日志表数据', NULL, NULL, '2024-01-21 17:11:17', 1, '2024-01-21 17:11:17', 1, 0);
INSERT INTO `sys_operation_log` VALUES (3764, 1, '2024-01-21 17:11:19', '127.0.0.1', '/api/operation/log/page/1', 'GET', 'class com.zero.sys.controller.OperationLogController.page', '[1,10,{\"id\":null,\"operationUserId\":null,\"accessTime\":null,\"ip\":null,\"uri\":null,\"methodType\":\"POST\",\"method\":null,\"requestArgs\":null,\"executionTime\":null,\"result\":null,\"description\":null,\"exceptionName\":null,\"exceptionMessage\":null,\"user\":null,\"queryUsername\":null,\"queryStartDate\":null,\"queryEndDate\":null}]', 39, 1, '分页查询系统操作日志表数据', NULL, NULL, '2024-01-21 17:11:19', 1, '2024-01-21 17:11:19', 1, 0);
INSERT INTO `sys_operation_log` VALUES (3765, 1, '2024-01-21 17:11:21', '127.0.0.1', '/api/operation/log/page/1', 'GET', 'class com.zero.sys.controller.OperationLogController.page', '[1,10,{\"id\":null,\"operationUserId\":null,\"accessTime\":null,\"ip\":null,\"uri\":null,\"methodType\":\"DELETE\",\"method\":null,\"requestArgs\":null,\"executionTime\":null,\"result\":null,\"description\":null,\"exceptionName\":null,\"exceptionMessage\":null,\"user\":null,\"queryUsername\":null,\"queryStartDate\":null,\"queryEndDate\":null}]', 27, 1, '分页查询系统操作日志表数据', NULL, NULL, '2024-01-21 17:11:20', 1, '2024-01-21 17:11:20', 1, 0);
INSERT INTO `sys_operation_log` VALUES (3766, 1, '2024-01-21 17:11:23', '127.0.0.1', '/api/menu/routes', 'GET', 'class com.zero.sys.controller.MenuController.routes', NULL, 68, 1, '[动态路由]获取所有启用的系统菜单', NULL, NULL, '2024-01-21 17:11:23', 1, '2024-01-21 17:11:23', 1, 0);
INSERT INTO `sys_operation_log` VALUES (3767, 1, '2024-01-21 17:11:23', '127.0.0.1', '/api/menu/routes', 'GET', 'class com.zero.sys.controller.MenuController.routes', NULL, 53, 1, '[动态路由]获取所有启用的系统菜单', NULL, NULL, '2024-01-21 17:11:23', 1, '2024-01-21 17:11:23', 1, 0);
INSERT INTO `sys_operation_log` VALUES (3768, 1, '2024-01-21 17:11:24', '127.0.0.1', '/api/config/const/keys', 'POST', 'class com.zero.sys.controller.ConfigConstController.keys', '[[\"RECORD_NUMBER\",\"SHOW_SETTINGS\",\"THEME_COLOR\",\"TAGS_VIEW\",\"FIXED_HEADER\",\"SIDEBAR_LOGO\"]]', 48, 1, '批量查询常量键值配置数据', NULL, NULL, '2024-01-21 17:11:23', 1, '2024-01-21 17:11:23', 1, 0);
INSERT INTO `sys_operation_log` VALUES (3769, 1, '2024-01-21 17:11:24', '127.0.0.1', '/api/operation/log/page/1', 'GET', 'class com.zero.sys.controller.OperationLogController.page', '[1,10,{\"id\":null,\"operationUserId\":null,\"accessTime\":null,\"ip\":null,\"uri\":null,\"methodType\":null,\"method\":null,\"requestArgs\":null,\"executionTime\":null,\"result\":null,\"description\":null,\"exceptionName\":null,\"exceptionMessage\":null,\"user\":null,\"queryUsername\":null,\"queryStartDate\":null,\"queryEndDate\":null}]', 148, 1, '分页查询系统操作日志表数据', NULL, NULL, '2024-01-21 17:11:23', 1, '2024-01-21 17:11:23', 1, 0);
INSERT INTO `sys_operation_log` VALUES (3770, 1, '2024-01-21 17:11:28', '127.0.0.1', '/api/operation/log/page/1', 'GET', 'class com.zero.sys.controller.OperationLogController.page', '[1,10,{\"id\":null,\"operationUserId\":null,\"accessTime\":null,\"ip\":null,\"uri\":null,\"methodType\":\"POST\",\"method\":null,\"requestArgs\":null,\"executionTime\":null,\"result\":null,\"description\":null,\"exceptionName\":null,\"exceptionMessage\":null,\"user\":null,\"queryUsername\":null,\"queryStartDate\":null,\"queryEndDate\":null}]', 37, 1, '分页查询系统操作日志表数据', NULL, NULL, '2024-01-21 17:11:28', 1, '2024-01-21 17:11:28', 1, 0);
INSERT INTO `sys_operation_log` VALUES (3771, 1, '2024-01-21 17:11:30', '127.0.0.1', '/api/operation/log/page/1', 'GET', 'class com.zero.sys.controller.OperationLogController.page', '[1,10,{\"id\":null,\"operationUserId\":null,\"accessTime\":null,\"ip\":null,\"uri\":null,\"methodType\":\"GET\",\"method\":null,\"requestArgs\":null,\"executionTime\":null,\"result\":null,\"description\":null,\"exceptionName\":null,\"exceptionMessage\":null,\"user\":null,\"queryUsername\":null,\"queryStartDate\":null,\"queryEndDate\":null}]', 37, 1, '分页查询系统操作日志表数据', NULL, NULL, '2024-01-21 17:11:29', 1, '2024-01-21 17:11:29', 1, 0);
INSERT INTO `sys_operation_log` VALUES (3772, 1, '2024-01-21 17:11:31', '127.0.0.1', '/api/operation/log/page/1', 'GET', 'class com.zero.sys.controller.OperationLogController.page', '[1,10,{\"id\":null,\"operationUserId\":null,\"accessTime\":null,\"ip\":null,\"uri\":null,\"methodType\":\"DELETE\",\"method\":null,\"requestArgs\":null,\"executionTime\":null,\"result\":null,\"description\":null,\"exceptionName\":null,\"exceptionMessage\":null,\"user\":null,\"queryUsername\":null,\"queryStartDate\":null,\"queryEndDate\":null}]', 39, 1, '分页查询系统操作日志表数据', NULL, NULL, '2024-01-21 17:11:31', 1, '2024-01-21 17:11:31', 1, 0);
INSERT INTO `sys_operation_log` VALUES (3773, 1, '2024-01-21 17:11:33', '127.0.0.1', '/api/operation/log/page/1', 'GET', 'class com.zero.sys.controller.OperationLogController.page', '[1,10,{\"id\":null,\"operationUserId\":null,\"accessTime\":null,\"ip\":null,\"uri\":null,\"methodType\":\"PUT\",\"method\":null,\"requestArgs\":null,\"executionTime\":null,\"result\":null,\"description\":null,\"exceptionName\":null,\"exceptionMessage\":null,\"user\":null,\"queryUsername\":null,\"queryStartDate\":null,\"queryEndDate\":null}]', 42, 1, '分页查询系统操作日志表数据', NULL, NULL, '2024-01-21 17:11:33', 1, '2024-01-21 17:11:33', 1, 0);
INSERT INTO `sys_operation_log` VALUES (3774, 1, '2024-01-21 17:11:36', '127.0.0.1', '/api/user/page/1', 'GET', 'class com.zero.auth.controller.UserController.page', '[1,10,{\"id\":null,\"username\":null,\"password\":null,\"enabled\":null,\"locked\":null,\"accountExpire\":null,\"passwordExpire\":null,\"type\":null,\"roles\":null,\"userInfo\":null,\"onlineLoginLogs\":null,\"queryRoleId\":null}]', 45, 1, '分页查询用户数据', NULL, NULL, '2024-01-21 17:11:36', 1, '2024-01-21 17:11:36', 1, 0);
INSERT INTO `sys_operation_log` VALUES (3775, 1, '2024-01-21 17:11:44', '127.0.0.1', '/api/user', 'PUT', 'class com.zero.auth.controller.UserController.updateById', '[{\"id\":10,\"username\":\"鹤熙\",\"password\":\"bcb15f821479b4d5772bd0ca866c00ad5f926e3580720659cc80d39c9d09802a\",\"enabled\":true,\"locked\":true,\"accountExpire\":false,\"passwordExpire\":false,\"type\":null,\"roles\":[{\"id\":3,\"name\":\"user\",\"description\":\"普通用户权限\",\"acquiescence\":true}],\"userInfo\":null,\"onlineLoginLogs\":[],\"queryRoleId\":null}]', 16, 1, '[通用方法]更新一条对应实体类的数据库记录', NULL, NULL, '2024-01-21 17:11:44', 1, '2024-01-21 17:11:44', 1, 0);
INSERT INTO `sys_operation_log` VALUES (3776, 1, '2024-01-21 17:11:44', '127.0.0.1', '/api/user/page/1', 'GET', 'class com.zero.auth.controller.UserController.page', '[1,10,{\"id\":null,\"username\":null,\"password\":null,\"enabled\":null,\"locked\":null,\"accountExpire\":null,\"passwordExpire\":null,\"type\":null,\"roles\":null,\"userInfo\":null,\"onlineLoginLogs\":null,\"queryRoleId\":null}]', 53, 1, '分页查询用户数据', NULL, NULL, '2024-01-21 17:11:44', 1, '2024-01-21 17:11:44', 1, 0);
INSERT INTO `sys_operation_log` VALUES (3777, 1, '2024-01-21 17:11:50', '127.0.0.1', '/api/operation/log/page/1', 'GET', 'class com.zero.sys.controller.OperationLogController.page', '[1,10,{\"id\":null,\"operationUserId\":null,\"accessTime\":null,\"ip\":null,\"uri\":null,\"methodType\":\"PUT\",\"method\":null,\"requestArgs\":null,\"executionTime\":null,\"result\":null,\"description\":null,\"exceptionName\":null,\"exceptionMessage\":null,\"user\":null,\"queryUsername\":null,\"queryStartDate\":null,\"queryEndDate\":null}]', 36, 1, '分页查询系统操作日志表数据', NULL, NULL, '2024-01-21 17:11:49', 1, '2024-01-21 17:11:49', 1, 0);
INSERT INTO `sys_operation_log` VALUES (3778, 1, '2024-01-21 17:11:51', '127.0.0.1', '/api/operation/log/page/1', 'GET', 'class com.zero.sys.controller.OperationLogController.page', '[1,10,{\"id\":null,\"operationUserId\":null,\"accessTime\":null,\"ip\":null,\"uri\":null,\"methodType\":\"\",\"method\":null,\"requestArgs\":null,\"executionTime\":null,\"result\":null,\"description\":null,\"exceptionName\":null,\"exceptionMessage\":null,\"user\":null,\"queryUsername\":null,\"queryStartDate\":null,\"queryEndDate\":null}]', 30, 1, '分页查询系统操作日志表数据', NULL, NULL, '2024-01-21 17:11:50', 1, '2024-01-21 17:11:50', 1, 0);
INSERT INTO `sys_operation_log` VALUES (3779, 1, '2024-01-21 17:12:02', '127.0.0.1', '/api/operation/log/page/1', 'GET', 'class com.zero.sys.controller.OperationLogController.page', '[1,10,{\"id\":null,\"operationUserId\":null,\"accessTime\":null,\"ip\":null,\"uri\":null,\"methodType\":\"DELETE\",\"method\":null,\"requestArgs\":null,\"executionTime\":null,\"result\":null,\"description\":null,\"exceptionName\":null,\"exceptionMessage\":null,\"user\":null,\"queryUsername\":null,\"queryStartDate\":null,\"queryEndDate\":null}]', 31, 1, '分页查询系统操作日志表数据', NULL, NULL, '2024-01-21 17:12:02', 1, '2024-01-21 17:12:02', 1, 0);
INSERT INTO `sys_operation_log` VALUES (3780, 1, '2024-01-21 17:12:04', '127.0.0.1', '/api/operation/log/page/1', 'GET', 'class com.zero.sys.controller.OperationLogController.page', '[1,10,{\"id\":null,\"operationUserId\":null,\"accessTime\":null,\"ip\":null,\"uri\":null,\"methodType\":\"PUT\",\"method\":null,\"requestArgs\":null,\"executionTime\":null,\"result\":null,\"description\":null,\"exceptionName\":null,\"exceptionMessage\":null,\"user\":null,\"queryUsername\":null,\"queryStartDate\":null,\"queryEndDate\":null}]', 34, 1, '分页查询系统操作日志表数据', NULL, NULL, '2024-01-21 17:12:03', 1, '2024-01-21 17:12:03', 1, 0);
INSERT INTO `sys_operation_log` VALUES (3781, 1, '2024-01-21 17:12:06', '127.0.0.1', '/api/operation/log/page/1', 'GET', 'class com.zero.sys.controller.OperationLogController.page', '[1,10,{\"id\":null,\"operationUserId\":null,\"accessTime\":null,\"ip\":null,\"uri\":null,\"methodType\":\"DELETE\",\"method\":null,\"requestArgs\":null,\"executionTime\":null,\"result\":null,\"description\":null,\"exceptionName\":null,\"exceptionMessage\":null,\"user\":null,\"queryUsername\":null,\"queryStartDate\":null,\"queryEndDate\":null}]', 33, 1, '分页查询系统操作日志表数据', NULL, NULL, '2024-01-21 17:12:06', 1, '2024-01-21 17:12:06', 1, 0);
INSERT INTO `sys_operation_log` VALUES (3782, 1, '2024-01-21 17:12:07', '127.0.0.1', '/api/operation/log/page/1', 'GET', 'class com.zero.sys.controller.OperationLogController.page', '[1,10,{\"id\":null,\"operationUserId\":null,\"accessTime\":null,\"ip\":null,\"uri\":null,\"methodType\":\"PUT\",\"method\":null,\"requestArgs\":null,\"executionTime\":null,\"result\":null,\"description\":null,\"exceptionName\":null,\"exceptionMessage\":null,\"user\":null,\"queryUsername\":null,\"queryStartDate\":null,\"queryEndDate\":null}]', 44, 1, '分页查询系统操作日志表数据', NULL, NULL, '2024-01-21 17:12:07', 1, '2024-01-21 17:12:07', 1, 0);
INSERT INTO `sys_operation_log` VALUES (3783, 1, '2024-01-21 17:12:08', '127.0.0.1', '/api/operation/log/page/1', 'GET', 'class com.zero.sys.controller.OperationLogController.page', '[1,10,{\"id\":null,\"operationUserId\":null,\"accessTime\":null,\"ip\":null,\"uri\":null,\"methodType\":\"POST\",\"method\":null,\"requestArgs\":null,\"executionTime\":null,\"result\":null,\"description\":null,\"exceptionName\":null,\"exceptionMessage\":null,\"user\":null,\"queryUsername\":null,\"queryStartDate\":null,\"queryEndDate\":null}]', 36, 1, '分页查询系统操作日志表数据', NULL, NULL, '2024-01-21 17:12:08', 1, '2024-01-21 17:12:08', 1, 0);
INSERT INTO `sys_operation_log` VALUES (3784, 1, '2024-01-21 17:12:10', '127.0.0.1', '/api/operation/log/page/1', 'GET', 'class com.zero.sys.controller.OperationLogController.page', '[1,10,{\"id\":null,\"operationUserId\":null,\"accessTime\":null,\"ip\":null,\"uri\":null,\"methodType\":\"GET\",\"method\":null,\"requestArgs\":null,\"executionTime\":null,\"result\":null,\"description\":null,\"exceptionName\":null,\"exceptionMessage\":null,\"user\":null,\"queryUsername\":null,\"queryStartDate\":null,\"queryEndDate\":null}]', 38, 1, '分页查询系统操作日志表数据', NULL, NULL, '2024-01-21 17:12:09', 1, '2024-01-21 17:12:09', 1, 0);
INSERT INTO `sys_operation_log` VALUES (3785, 1, '2024-01-21 17:12:35', '127.0.0.1', '/api/operation/log/page/1', 'GET', 'class com.zero.sys.controller.OperationLogController.page', '[1,10,{\"id\":null,\"operationUserId\":null,\"accessTime\":null,\"ip\":null,\"uri\":null,\"methodType\":\"GET\",\"method\":null,\"requestArgs\":null,\"executionTime\":null,\"result\":null,\"description\":null,\"exceptionName\":null,\"exceptionMessage\":null,\"user\":null,\"queryUsername\":null,\"queryStartDate\":null,\"queryEndDate\":null}]', 117, 1, '分页查询系统操作日志表数据', NULL, NULL, '2024-01-21 17:12:35', 1, '2024-01-21 17:12:35', 1, 0);
INSERT INTO `sys_operation_log` VALUES (3786, 1, '2024-01-21 17:12:36', '127.0.0.1', '/api/operation/log/page/1', 'GET', 'class com.zero.sys.controller.OperationLogController.page', '[1,10,{\"id\":null,\"operationUserId\":null,\"accessTime\":null,\"ip\":null,\"uri\":null,\"methodType\":\"GET\",\"method\":null,\"requestArgs\":null,\"executionTime\":null,\"result\":null,\"description\":null,\"exceptionName\":null,\"exceptionMessage\":null,\"user\":null,\"queryUsername\":null,\"queryStartDate\":null,\"queryEndDate\":null}]', 64, 1, '分页查询系统操作日志表数据', NULL, NULL, '2024-01-21 17:12:36', 1, '2024-01-21 17:12:36', 1, 0);
INSERT INTO `sys_operation_log` VALUES (3787, 1, '2024-01-21 17:12:37', '127.0.0.1', '/api/operation/log/page/1', 'GET', 'class com.zero.sys.controller.OperationLogController.page', '[1,10,{\"id\":null,\"operationUserId\":null,\"accessTime\":null,\"ip\":null,\"uri\":null,\"methodType\":\"GET\",\"method\":null,\"requestArgs\":null,\"executionTime\":null,\"result\":null,\"description\":null,\"exceptionName\":null,\"exceptionMessage\":null,\"user\":null,\"queryUsername\":null,\"queryStartDate\":null,\"queryEndDate\":null}]', 77, 1, '分页查询系统操作日志表数据', NULL, NULL, '2024-01-21 17:12:37', 1, '2024-01-21 17:12:37', 1, 0);
INSERT INTO `sys_operation_log` VALUES (3788, 1, '2024-01-21 17:12:38', '127.0.0.1', '/api/operation/log/page/1', 'GET', 'class com.zero.sys.controller.OperationLogController.page', '[1,10,{\"id\":null,\"operationUserId\":null,\"accessTime\":null,\"ip\":null,\"uri\":null,\"methodType\":\"GET\",\"method\":null,\"requestArgs\":null,\"executionTime\":null,\"result\":null,\"description\":null,\"exceptionName\":null,\"exceptionMessage\":null,\"user\":null,\"queryUsername\":null,\"queryStartDate\":null,\"queryEndDate\":null}]', 50, 1, '分页查询系统操作日志表数据', NULL, NULL, '2024-01-21 17:12:38', 1, '2024-01-21 17:12:38', 1, 0);
INSERT INTO `sys_operation_log` VALUES (3789, 1, '2024-01-21 17:12:39', '127.0.0.1', '/api/operation/log/page/1', 'GET', 'class com.zero.sys.controller.OperationLogController.page', '[1,10,{\"id\":null,\"operationUserId\":null,\"accessTime\":null,\"ip\":null,\"uri\":null,\"methodType\":\"GET\",\"method\":null,\"requestArgs\":null,\"executionTime\":null,\"result\":null,\"description\":null,\"exceptionName\":null,\"exceptionMessage\":null,\"user\":null,\"queryUsername\":null,\"queryStartDate\":null,\"queryEndDate\":null}]', 58, 1, '分页查询系统操作日志表数据', NULL, NULL, '2024-01-21 17:12:39', 1, '2024-01-21 17:12:39', 1, 0);
INSERT INTO `sys_operation_log` VALUES (3790, 1, '2024-01-21 17:12:39', '127.0.0.1', '/api/operation/log/page/1', 'GET', 'class com.zero.sys.controller.OperationLogController.page', '[1,10,{\"id\":null,\"operationUserId\":null,\"accessTime\":null,\"ip\":null,\"uri\":null,\"methodType\":\"GET\",\"method\":null,\"requestArgs\":null,\"executionTime\":null,\"result\":null,\"description\":null,\"exceptionName\":null,\"exceptionMessage\":null,\"user\":null,\"queryUsername\":null,\"queryStartDate\":null,\"queryEndDate\":null}]', 50, 1, '分页查询系统操作日志表数据', NULL, NULL, '2024-01-21 17:12:39', 1, '2024-01-21 17:12:39', 1, 0);
INSERT INTO `sys_operation_log` VALUES (3791, 1, '2024-01-21 17:12:40', '127.0.0.1', '/api/operation/log/page/1', 'GET', 'class com.zero.sys.controller.OperationLogController.page', '[1,10,{\"id\":null,\"operationUserId\":null,\"accessTime\":null,\"ip\":null,\"uri\":null,\"methodType\":\"GET\",\"method\":null,\"requestArgs\":null,\"executionTime\":null,\"result\":null,\"description\":null,\"exceptionName\":null,\"exceptionMessage\":null,\"user\":null,\"queryUsername\":null,\"queryStartDate\":null,\"queryEndDate\":null}]', 43, 1, '分页查询系统操作日志表数据', NULL, NULL, '2024-01-21 17:12:39', 1, '2024-01-21 17:12:39', 1, 0);
INSERT INTO `sys_operation_log` VALUES (3792, 1, '2024-01-21 17:12:40', '127.0.0.1', '/api/operation/log/page/1', 'GET', 'class com.zero.sys.controller.OperationLogController.page', '[1,10,{\"id\":null,\"operationUserId\":null,\"accessTime\":null,\"ip\":null,\"uri\":null,\"methodType\":\"GET\",\"method\":null,\"requestArgs\":null,\"executionTime\":null,\"result\":null,\"description\":null,\"exceptionName\":null,\"exceptionMessage\":null,\"user\":null,\"queryUsername\":null,\"queryStartDate\":null,\"queryEndDate\":null}]', 39, 1, '分页查询系统操作日志表数据', NULL, NULL, '2024-01-21 17:12:39', 1, '2024-01-21 17:12:39', 1, 0);
INSERT INTO `sys_operation_log` VALUES (3793, 1, '2024-01-21 17:12:46', '127.0.0.1', '/api/menu/routes', 'GET', 'class com.zero.sys.controller.MenuController.routes', NULL, 61, 1, '[动态路由]获取所有启用的系统菜单', NULL, NULL, '2024-01-21 17:12:45', 1, '2024-01-21 17:12:45', 1, 0);
INSERT INTO `sys_operation_log` VALUES (3794, 1, '2024-01-21 17:12:46', '127.0.0.1', '/api/menu/routes', 'GET', 'class com.zero.sys.controller.MenuController.routes', NULL, 56, 1, '[动态路由]获取所有启用的系统菜单', NULL, NULL, '2024-01-21 17:12:45', 1, '2024-01-21 17:12:45', 1, 0);
INSERT INTO `sys_operation_log` VALUES (3795, 1, '2024-01-21 17:12:47', '127.0.0.1', '/api/config/const/keys', 'POST', 'class com.zero.sys.controller.ConfigConstController.keys', '[[\"RECORD_NUMBER\",\"SHOW_SETTINGS\",\"THEME_COLOR\",\"TAGS_VIEW\",\"FIXED_HEADER\",\"SIDEBAR_LOGO\"]]', 42, 1, '批量查询常量键值配置数据', NULL, NULL, '2024-01-21 17:12:46', 1, '2024-01-21 17:12:46', 1, 0);
INSERT INTO `sys_operation_log` VALUES (3796, 1, '2024-01-21 17:12:47', '127.0.0.1', '/api/operation/log/page/1', 'GET', 'class com.zero.sys.controller.OperationLogController.page', '[1,10,{\"id\":null,\"operationUserId\":null,\"accessTime\":null,\"ip\":null,\"uri\":null,\"methodType\":null,\"method\":null,\"requestArgs\":null,\"executionTime\":null,\"result\":null,\"description\":null,\"exceptionName\":null,\"exceptionMessage\":null,\"user\":null,\"queryUsername\":null,\"queryStartDate\":null,\"queryEndDate\":null}]', 91, 1, '分页查询系统操作日志表数据', NULL, NULL, '2024-01-21 17:12:46', 1, '2024-01-21 17:12:46', 1, 0);
INSERT INTO `sys_operation_log` VALUES (3797, 1, '2024-01-21 17:12:55', '127.0.0.1', '/api/operation/log/page/1', 'GET', 'class com.zero.sys.controller.OperationLogController.page', '[1,10,{\"id\":null,\"operationUserId\":null,\"accessTime\":null,\"ip\":null,\"uri\":null,\"methodType\":\"PUT\",\"method\":null,\"requestArgs\":null,\"executionTime\":null,\"result\":null,\"description\":null,\"exceptionName\":null,\"exceptionMessage\":null,\"user\":null,\"queryUsername\":null,\"queryStartDate\":null,\"queryEndDate\":null}]', 33, 1, '分页查询系统操作日志表数据', NULL, NULL, '2024-01-21 17:12:54', 1, '2024-01-21 17:12:54', 1, 0);
INSERT INTO `sys_operation_log` VALUES (3798, 1, '2024-01-21 17:12:56', '127.0.0.1', '/api/operation/log/page/1', 'GET', 'class com.zero.sys.controller.OperationLogController.page', '[1,10,{\"id\":null,\"operationUserId\":null,\"accessTime\":null,\"ip\":null,\"uri\":null,\"methodType\":\"DELETE\",\"method\":null,\"requestArgs\":null,\"executionTime\":null,\"result\":null,\"description\":null,\"exceptionName\":null,\"exceptionMessage\":null,\"user\":null,\"queryUsername\":null,\"queryStartDate\":null,\"queryEndDate\":null}]', 30, 1, '分页查询系统操作日志表数据', NULL, NULL, '2024-01-21 17:12:55', 1, '2024-01-21 17:12:55', 1, 0);
INSERT INTO `sys_operation_log` VALUES (3799, 1, '2024-01-21 17:12:57', '127.0.0.1', '/api/operation/log/page/1', 'GET', 'class com.zero.sys.controller.OperationLogController.page', '[1,10,{\"id\":null,\"operationUserId\":null,\"accessTime\":null,\"ip\":null,\"uri\":null,\"methodType\":\"POST\",\"method\":null,\"requestArgs\":null,\"executionTime\":null,\"result\":null,\"description\":null,\"exceptionName\":null,\"exceptionMessage\":null,\"user\":null,\"queryUsername\":null,\"queryStartDate\":null,\"queryEndDate\":null}]', 28, 1, '分页查询系统操作日志表数据', NULL, NULL, '2024-01-21 17:12:57', 1, '2024-01-21 17:12:57', 1, 0);
INSERT INTO `sys_operation_log` VALUES (3800, 1, '2024-01-21 17:13:00', '127.0.0.1', '/api/operation/log/page/1', 'GET', 'class com.zero.sys.controller.OperationLogController.page', '[1,10,{\"id\":null,\"operationUserId\":null,\"accessTime\":null,\"ip\":null,\"uri\":null,\"methodType\":\"GET\",\"method\":null,\"requestArgs\":null,\"executionTime\":null,\"result\":null,\"description\":null,\"exceptionName\":null,\"exceptionMessage\":null,\"user\":null,\"queryUsername\":null,\"queryStartDate\":null,\"queryEndDate\":null}]', 29, 1, '分页查询系统操作日志表数据', NULL, NULL, '2024-01-21 17:12:59', 1, '2024-01-21 17:12:59', 1, 0);
INSERT INTO `sys_operation_log` VALUES (3801, 1, '2024-01-21 17:13:11', '127.0.0.1', '/api/menu/routes', 'GET', 'class com.zero.sys.controller.MenuController.routes', NULL, 64, 1, '[动态路由]获取所有启用的系统菜单', NULL, NULL, '2024-01-21 17:13:10', 1, '2024-01-21 17:13:10', 1, 0);
INSERT INTO `sys_operation_log` VALUES (3802, 1, '2024-01-21 17:13:11', '127.0.0.1', '/api/menu/routes', 'GET', 'class com.zero.sys.controller.MenuController.routes', NULL, 63, 1, '[动态路由]获取所有启用的系统菜单', NULL, NULL, '2024-01-21 17:13:10', 1, '2024-01-21 17:13:10', 1, 0);
INSERT INTO `sys_operation_log` VALUES (3803, 1, '2024-01-21 17:13:12', '127.0.0.1', '/api/config/const/keys', 'POST', 'class com.zero.sys.controller.ConfigConstController.keys', '[[\"RECORD_NUMBER\",\"SHOW_SETTINGS\",\"THEME_COLOR\",\"TAGS_VIEW\",\"FIXED_HEADER\",\"SIDEBAR_LOGO\"]]', 29, 1, '批量查询常量键值配置数据', NULL, NULL, '2024-01-21 17:13:11', 1, '2024-01-21 17:13:11', 1, 0);
INSERT INTO `sys_operation_log` VALUES (3804, 1, '2024-01-21 17:13:12', '127.0.0.1', '/api/operation/log/page/1', 'GET', 'class com.zero.sys.controller.OperationLogController.page', '[1,10,{\"id\":null,\"operationUserId\":null,\"accessTime\":null,\"ip\":null,\"uri\":null,\"methodType\":null,\"method\":null,\"requestArgs\":null,\"executionTime\":null,\"result\":null,\"description\":null,\"exceptionName\":null,\"exceptionMessage\":null,\"user\":null,\"queryUsername\":null,\"queryStartDate\":null,\"queryEndDate\":null}]', 78, 1, '分页查询系统操作日志表数据', NULL, NULL, '2024-01-21 17:13:11', 1, '2024-01-21 17:13:11', 1, 0);
INSERT INTO `sys_operation_log` VALUES (3805, 1, '2024-01-21 17:13:45', '127.0.0.1', '/api/operation/log/recover/page/1', 'GET', 'class com.zero.sys.controller.OperationLogController.recoverPage', '[1,10,{\"id\":null,\"operationUserId\":null,\"accessTime\":null,\"ip\":null,\"uri\":null,\"methodType\":null,\"method\":null,\"requestArgs\":null,\"executionTime\":null,\"result\":null,\"description\":null,\"exceptionName\":null,\"exceptionMessage\":null,\"user\":null,\"queryUsername\":null,\"queryStartDate\":null,\"queryEndDate\":null}]', 54, 1, '分页查询逻辑删除的系统操作日志表数据', NULL, NULL, '2024-01-21 17:13:44', 1, '2024-01-21 17:13:44', 1, 0);
INSERT INTO `sys_operation_log` VALUES (3806, 1, '2024-01-21 17:14:55', '127.0.0.1', '/api/operation/log/page/1', 'GET', 'class com.zero.sys.controller.OperationLogController.page', '[1,10,{\"id\":null,\"operationUserId\":null,\"accessTime\":null,\"ip\":null,\"uri\":null,\"methodType\":null,\"method\":null,\"requestArgs\":null,\"executionTime\":null,\"result\":false,\"description\":null,\"exceptionName\":null,\"exceptionMessage\":null,\"user\":null,\"queryUsername\":null,\"queryStartDate\":null,\"queryEndDate\":null}]', 39, 1, '分页查询系统操作日志表数据', NULL, NULL, '2024-01-21 17:14:54', 1, '2024-01-21 17:14:54', 1, 0);
INSERT INTO `sys_operation_log` VALUES (3807, 1, '2024-01-21 17:14:56', '127.0.0.1', '/api/operation/log/page/1', 'GET', 'class com.zero.sys.controller.OperationLogController.page', '[1,10,{\"id\":null,\"operationUserId\":null,\"accessTime\":null,\"ip\":null,\"uri\":null,\"methodType\":null,\"method\":null,\"requestArgs\":null,\"executionTime\":null,\"result\":null,\"description\":null,\"exceptionName\":null,\"exceptionMessage\":null,\"user\":null,\"queryUsername\":null,\"queryStartDate\":null,\"queryEndDate\":null}]', 31, 1, '分页查询系统操作日志表数据', NULL, NULL, '2024-01-21 17:14:55', 1, '2024-01-21 17:14:55', 1, 0);
INSERT INTO `sys_operation_log` VALUES (3808, 1, '2024-01-21 17:14:58', '127.0.0.1', '/api/operation/log/page/1', 'GET', 'class com.zero.sys.controller.OperationLogController.page', '[1,10,{\"id\":null,\"operationUserId\":null,\"accessTime\":null,\"ip\":null,\"uri\":null,\"methodType\":null,\"method\":null,\"requestArgs\":null,\"executionTime\":null,\"result\":true,\"description\":null,\"exceptionName\":null,\"exceptionMessage\":null,\"user\":null,\"queryUsername\":null,\"queryStartDate\":null,\"queryEndDate\":null}]', 31, 1, '分页查询系统操作日志表数据', NULL, NULL, '2024-01-21 17:14:58', 1, '2024-01-21 17:14:58', 1, 0);
INSERT INTO `sys_operation_log` VALUES (3809, 1, '2024-01-21 17:15:01', '127.0.0.1', '/api/operation/log/page/1', 'GET', 'class com.zero.sys.controller.OperationLogController.page', '[1,10,{\"id\":null,\"operationUserId\":null,\"accessTime\":null,\"ip\":null,\"uri\":null,\"methodType\":null,\"method\":null,\"requestArgs\":null,\"executionTime\":null,\"result\":null,\"description\":null,\"exceptionName\":null,\"exceptionMessage\":null,\"user\":null,\"queryUsername\":null,\"queryStartDate\":null,\"queryEndDate\":null}]', 31, 1, '分页查询系统操作日志表数据', NULL, NULL, '2024-01-21 17:15:00', 1, '2024-01-21 17:15:00', 1, 0);
INSERT INTO `sys_operation_log` VALUES (3810, 1, '2024-01-21 17:16:33', '127.0.0.1', '/api/operation/log/page/1', 'GET', 'class com.zero.sys.controller.OperationLogController.page', '[1,10,{\"id\":null,\"operationUserId\":null,\"accessTime\":null,\"ip\":null,\"uri\":null,\"methodType\":null,\"method\":null,\"requestArgs\":null,\"executionTime\":null,\"result\":null,\"description\":null,\"exceptionName\":null,\"exceptionMessage\":null,\"user\":null,\"queryUsername\":null,\"queryStartDate\":null,\"queryEndDate\":null}]', 39, 1, '分页查询系统操作日志表数据', NULL, NULL, '2024-01-21 17:16:33', 1, '2024-01-21 17:16:33', 1, 0);
INSERT INTO `sys_operation_log` VALUES (3811, 1, '2024-01-21 17:18:26', '127.0.0.1', '/api/operation/log/page/1', 'GET', 'class com.zero.sys.controller.OperationLogController.page', '[1,10,{\"id\":null,\"operationUserId\":null,\"accessTime\":null,\"ip\":null,\"uri\":null,\"methodType\":\"PUT\",\"method\":null,\"requestArgs\":null,\"executionTime\":null,\"result\":null,\"description\":null,\"exceptionName\":null,\"exceptionMessage\":null,\"user\":null,\"queryUsername\":null,\"queryStartDate\":null,\"queryEndDate\":null}]', 86, 1, '分页查询系统操作日志表数据', NULL, NULL, '2024-01-21 17:18:26', 1, '2024-01-21 17:18:26', 1, 0);
INSERT INTO `sys_operation_log` VALUES (3812, 1, '2024-01-21 17:18:28', '127.0.0.1', '/api/operation/log/page/1', 'GET', 'class com.zero.sys.controller.OperationLogController.page', '[1,10,{\"id\":null,\"operationUserId\":null,\"accessTime\":null,\"ip\":null,\"uri\":null,\"methodType\":\"DELETE\",\"method\":null,\"requestArgs\":null,\"executionTime\":null,\"result\":null,\"description\":null,\"exceptionName\":null,\"exceptionMessage\":null,\"user\":null,\"queryUsername\":null,\"queryStartDate\":null,\"queryEndDate\":null}]', 30, 1, '分页查询系统操作日志表数据', NULL, NULL, '2024-01-21 17:18:28', 1, '2024-01-21 17:18:28', 1, 0);
INSERT INTO `sys_operation_log` VALUES (3813, 1, '2024-01-21 17:18:30', '127.0.0.1', '/api/operation/log/page/1', 'GET', 'class com.zero.sys.controller.OperationLogController.page', '[1,10,{\"id\":null,\"operationUserId\":null,\"accessTime\":null,\"ip\":null,\"uri\":null,\"methodType\":\"\",\"method\":null,\"requestArgs\":null,\"executionTime\":null,\"result\":null,\"description\":null,\"exceptionName\":null,\"exceptionMessage\":null,\"user\":null,\"queryUsername\":null,\"queryStartDate\":null,\"queryEndDate\":null}]', 29, 1, '分页查询系统操作日志表数据', NULL, NULL, '2024-01-21 17:18:30', 1, '2024-01-21 17:18:30', 1, 0);
INSERT INTO `sys_operation_log` VALUES (3814, 1, '2024-01-21 17:22:57', '127.0.0.1', '/api/organ/tree', 'GET', 'class com.zero.sys.controller.OrganController.tree', NULL, 24, 1, '查询系统组织机构表数据并构建树状结构', NULL, NULL, '2024-01-21 17:22:57', 1, '2024-01-21 17:22:57', 1, 0);
INSERT INTO `sys_operation_log` VALUES (3815, 1, '2024-01-21 17:46:49', '127.0.0.1', '/api/menu/routes', 'GET', 'class com.zero.sys.controller.MenuController.routes', NULL, 55, 1, '[动态路由]获取所有启用的系统菜单', NULL, NULL, '2024-01-21 17:46:49', 1, '2024-01-21 17:46:49', 1, 0);
INSERT INTO `sys_operation_log` VALUES (3816, 1, '2024-01-21 17:46:50', '127.0.0.1', '/api/menu/routes', 'GET', 'class com.zero.sys.controller.MenuController.routes', NULL, 57, 1, '[动态路由]获取所有启用的系统菜单', NULL, NULL, '2024-01-21 17:46:49', 1, '2024-01-21 17:46:49', 1, 0);
INSERT INTO `sys_operation_log` VALUES (3817, 1, '2024-01-21 17:46:50', '127.0.0.1', '/api/config/const/keys', 'POST', 'class com.zero.sys.controller.ConfigConstController.keys', '[[\"RECORD_NUMBER\",\"SHOW_SETTINGS\",\"THEME_COLOR\",\"TAGS_VIEW\",\"FIXED_HEADER\",\"SIDEBAR_LOGO\"]]', 35, 1, '批量查询常量键值配置数据', NULL, NULL, '2024-01-21 17:46:50', 1, '2024-01-21 17:46:50', 1, 0);
INSERT INTO `sys_operation_log` VALUES (3818, 1, '2024-01-21 17:46:50', '127.0.0.1', '/api/menu/tree', 'GET', 'class com.zero.sys.controller.MenuController.tree', NULL, 95, 1, '查询系统菜单表并构建树状结构', NULL, NULL, '2024-01-21 17:46:50', 1, '2024-01-21 17:46:50', 1, 0);
INSERT INTO `sys_operation_log` VALUES (3819, 1, '2024-01-21 17:47:01', '127.0.0.1', '/api/login/log/page/1', 'GET', 'class com.zero.auth.controller.LoginLogController.page', '[1,10,{\"id\":null,\"userId\":null,\"ip\":null,\"country\":null,\"region\":null,\"city\":null,\"isp\":null,\"loginTime\":null,\"tokenId\":null,\"mobile\":null,\"browserName\":null,\"browserVersion\":null,\"osName\":null,\"logoutTime\":null,\"logout\":null,\"user\":null,\"queryUsername\":null,\"queryStartDate\":null,\"queryEndDate\":null,\"queryOnline\":null,\"queryAddress\":null}]', 34, 1, '分页查询系统账号登录日志表数据', NULL, NULL, '2024-01-21 17:47:01', 1, '2024-01-21 17:47:01', 1, 0);
INSERT INTO `sys_operation_log` VALUES (3820, 1, '2024-01-21 17:47:03', '127.0.0.1', '/api/operation/log/page/1', 'GET', 'class com.zero.sys.controller.OperationLogController.page', '[1,10,{\"id\":null,\"operationUserId\":null,\"accessTime\":null,\"ip\":null,\"uri\":null,\"methodType\":null,\"method\":null,\"requestArgs\":null,\"executionTime\":null,\"result\":null,\"description\":null,\"exceptionName\":null,\"exceptionMessage\":null,\"user\":null,\"queryUsername\":null,\"queryStartDate\":null,\"queryEndDate\":null}]', 23, 1, '分页查询系统操作日志表数据', NULL, NULL, '2024-01-21 17:47:02', 1, '2024-01-21 17:47:02', 1, 0);
INSERT INTO `sys_operation_log` VALUES (3821, 1, '2024-01-21 17:47:10', '127.0.0.1', '/api/operation/log/page/27', 'GET', 'class com.zero.sys.controller.OperationLogController.page', '[27,10,{\"id\":null,\"operationUserId\":null,\"accessTime\":null,\"ip\":null,\"uri\":null,\"methodType\":null,\"method\":null,\"requestArgs\":null,\"executionTime\":null,\"result\":null,\"description\":null,\"exceptionName\":null,\"exceptionMessage\":null,\"user\":null,\"queryUsername\":null,\"queryStartDate\":null,\"queryEndDate\":null}]', 30, 1, '分页查询系统操作日志表数据', NULL, NULL, '2024-01-21 17:47:10', 1, '2024-01-21 17:47:10', 1, 0);
INSERT INTO `sys_operation_log` VALUES (3822, 1, '2024-01-21 17:47:12', '127.0.0.1', '/api/operation/log/page/1', 'GET', 'class com.zero.sys.controller.OperationLogController.page', '[1,10,{\"id\":null,\"operationUserId\":null,\"accessTime\":null,\"ip\":null,\"uri\":null,\"methodType\":null,\"method\":null,\"requestArgs\":null,\"executionTime\":null,\"result\":null,\"description\":null,\"exceptionName\":null,\"exceptionMessage\":null,\"user\":null,\"queryUsername\":null,\"queryStartDate\":null,\"queryEndDate\":null}]', 26, 1, '分页查询系统操作日志表数据', NULL, NULL, '2024-01-21 17:47:12', 1, '2024-01-21 17:47:12', 1, 0);
INSERT INTO `sys_operation_log` VALUES (3823, 1, '2024-01-21 18:41:36', '127.0.0.1', '/api/menu/routes', 'GET', 'class com.zero.sys.controller.MenuController.routes', NULL, 66, 1, '[动态路由]获取所有启用的系统菜单', NULL, NULL, '2024-01-21 18:41:35', 1, '2024-01-21 18:41:35', 1, 0);
INSERT INTO `sys_operation_log` VALUES (3824, 1, '2024-01-21 18:41:36', '127.0.0.1', '/api/menu/routes', 'GET', 'class com.zero.sys.controller.MenuController.routes', NULL, 65, 1, '[动态路由]获取所有启用的系统菜单', NULL, NULL, '2024-01-21 18:41:36', 1, '2024-01-21 18:41:36', 1, 0);
INSERT INTO `sys_operation_log` VALUES (3825, 1, '2024-01-21 18:41:38', '127.0.0.1', '/api/config/const/keys', 'POST', 'class com.zero.sys.controller.ConfigConstController.keys', '[[\"RECORD_NUMBER\",\"SHOW_SETTINGS\",\"THEME_COLOR\",\"TAGS_VIEW\",\"FIXED_HEADER\",\"SIDEBAR_LOGO\"]]', 46, 1, '批量查询常量键值配置数据', NULL, NULL, '2024-01-21 18:41:37', 1, '2024-01-21 18:41:37', 1, 0);
INSERT INTO `sys_operation_log` VALUES (3826, 1, '2024-01-21 19:26:12', '127.0.0.1', '/api/menu/routes', 'GET', 'class com.zero.sys.controller.MenuController.routes', NULL, 59, 1, '[动态路由]获取所有启用的系统菜单', NULL, NULL, '2024-01-21 19:26:12', 1, '2024-01-21 19:26:12', 1, 0);
INSERT INTO `sys_operation_log` VALUES (3827, 1, '2024-01-21 19:26:12', '127.0.0.1', '/api/menu/routes', 'GET', 'class com.zero.sys.controller.MenuController.routes', NULL, 58, 1, '[动态路由]获取所有启用的系统菜单', NULL, NULL, '2024-01-21 19:26:12', 1, '2024-01-21 19:26:12', 1, 0);
INSERT INTO `sys_operation_log` VALUES (3828, 1, '2024-01-21 19:39:29', '127.0.0.1', '/api/menu/routes', 'GET', 'class com.zero.sys.controller.MenuController.routes', NULL, 62, 1, '[动态路由]获取所有启用的系统菜单', NULL, NULL, '2024-01-21 19:39:29', 1, '2024-01-21 19:39:29', 1, 0);
INSERT INTO `sys_operation_log` VALUES (3829, 1, '2024-01-21 19:39:30', '127.0.0.1', '/api/menu/routes', 'GET', 'class com.zero.sys.controller.MenuController.routes', NULL, 81, 1, '[动态路由]获取所有启用的系统菜单', NULL, NULL, '2024-01-21 19:39:29', 1, '2024-01-21 19:39:29', 1, 0);
INSERT INTO `sys_operation_log` VALUES (3830, 1, '2024-01-21 19:39:31', '127.0.0.1', '/api/config/const/keys', 'POST', 'class com.zero.sys.controller.ConfigConstController.keys', '[[\"RECORD_NUMBER\",\"SHOW_SETTINGS\",\"THEME_COLOR\",\"TAGS_VIEW\",\"FIXED_HEADER\",\"SIDEBAR_LOGO\"]]', 101, 1, '批量查询常量键值配置数据', NULL, NULL, '2024-01-21 19:39:30', 1, '2024-01-21 19:39:30', 1, 0);
INSERT INTO `sys_operation_log` VALUES (3831, 1, '2024-01-21 19:40:29', '127.0.0.1', '/api/login/log/page/1', 'GET', 'class com.zero.auth.controller.LoginLogController.page', '[1,10,{\"id\":null,\"userId\":null,\"ip\":null,\"country\":null,\"region\":null,\"city\":null,\"isp\":null,\"loginTime\":null,\"tokenId\":null,\"mobile\":null,\"browserName\":null,\"browserVersion\":null,\"osName\":null,\"logoutTime\":null,\"logout\":null,\"user\":null,\"queryUsername\":null,\"queryStartDate\":null,\"queryEndDate\":null,\"queryOnline\":null,\"queryAddress\":null}]', 145, 1, '分页查询系统账号登录日志表数据', NULL, NULL, '2024-01-21 19:40:28', 1, '2024-01-21 19:40:28', 1, 0);
INSERT INTO `sys_operation_log` VALUES (3832, 1, '2024-01-21 22:03:42', '127.0.0.1', '/api/menu/routes', 'GET', 'class com.zero.sys.controller.MenuController.routes', NULL, 79, 1, '[动态路由]获取所有启用的系统菜单', NULL, NULL, '2024-01-21 22:03:41', 1, '2024-01-21 22:03:41', 1, 0);
INSERT INTO `sys_operation_log` VALUES (3833, 1, '2024-01-21 22:03:42', '127.0.0.1', '/api/menu/routes', 'GET', 'class com.zero.sys.controller.MenuController.routes', NULL, 67, 1, '[动态路由]获取所有启用的系统菜单', NULL, NULL, '2024-01-21 22:03:41', 1, '2024-01-21 22:03:41', 1, 0);
INSERT INTO `sys_operation_log` VALUES (3834, 1, '2024-01-21 22:03:43', '127.0.0.1', '/api/config/const/keys', 'POST', 'class com.zero.sys.controller.ConfigConstController.keys', '[[\"RECORD_NUMBER\",\"SHOW_SETTINGS\",\"THEME_COLOR\",\"TAGS_VIEW\",\"FIXED_HEADER\",\"SIDEBAR_LOGO\"]]', 98, 1, '批量查询常量键值配置数据', NULL, NULL, '2024-01-21 22:03:43', 1, '2024-01-21 22:03:43', 1, 0);
INSERT INTO `sys_operation_log` VALUES (3835, 1, '2024-01-21 22:03:46', '127.0.0.1', '/api/user/page/1', 'GET', 'class com.zero.auth.controller.UserController.page', '[1,10,{\"id\":null,\"username\":null,\"password\":null,\"enabled\":null,\"locked\":null,\"accountExpire\":null,\"passwordExpire\":null,\"type\":null,\"roles\":null,\"userInfo\":null,\"onlineLoginLogs\":null,\"queryRoleId\":null}]', 174, 1, '分页查询用户数据', NULL, NULL, '2024-01-21 22:03:46', 1, '2024-01-21 22:03:46', 1, 0);
INSERT INTO `sys_operation_log` VALUES (3836, 1, '2024-01-21 22:03:48', '127.0.0.1', '/api/user/export/excel', 'GET', 'class com.zero.auth.controller.UserController.exportExcel', '[{\"id\":null,\"username\":null,\"password\":null,\"enabled\":null,\"locked\":null,\"accountExpire\":null,\"passwordExpire\":null,\"type\":null,\"roles\":null,\"userInfo\":null,\"onlineLoginLogs\":null,\"queryRoleId\":null},null]', 1135, 1, '导出用户列表数据的Excel文件', NULL, NULL, '2024-01-21 22:03:48', 1, '2024-01-21 22:03:48', 1, 0);
INSERT INTO `sys_operation_log` VALUES (3837, 1, '2024-01-22 21:33:00', '127.0.0.1', '/api/menu/routes', 'GET', 'class com.zero.sys.controller.MenuController.routes', NULL, 48, 1, '[动态路由]获取所有启用的系统菜单', NULL, NULL, '2024-01-22 21:33:00', 1, '2024-01-22 21:33:00', 1, 0);
INSERT INTO `sys_operation_log` VALUES (3838, 1, '2024-01-22 21:33:01', '127.0.0.1', '/api/index/panel/group', 'GET', 'class com.zero.sys.controller.IndexController.panelGroup', NULL, 9, 1, '获取系统首页的展示数据', NULL, NULL, '2024-01-22 21:33:00', 1, '2024-01-22 21:33:00', 1, 0);
INSERT INTO `sys_operation_log` VALUES (3839, 1, '2024-01-22 21:33:01', '127.0.0.1', '/api/index/login/map', 'GET', 'class com.zero.sys.controller.IndexController.loginMap', NULL, 8, 1, '获取系统首页的用户登录地图数据', NULL, NULL, '2024-01-22 21:33:01', 1, '2024-01-22 21:33:01', 1, 0);
INSERT INTO `sys_operation_log` VALUES (3840, 1, '2024-01-22 21:33:01', '127.0.0.1', '/api/config/const/keys', 'POST', 'class com.zero.sys.controller.ConfigConstController.keys', '[[\"RECORD_NUMBER\",\"SHOW_SETTINGS\",\"THEME_COLOR\",\"TAGS_VIEW\",\"FIXED_HEADER\",\"SIDEBAR_LOGO\"]]', 45, 1, '批量查询常量键值配置数据', NULL, NULL, '2024-01-22 21:33:01', 1, '2024-01-22 21:33:01', 1, 0);
INSERT INTO `sys_operation_log` VALUES (3841, 1, '2024-01-22 21:36:34', '127.0.0.1', '/api/login/log/page/1', 'GET', 'class com.zero.auth.controller.LoginLogController.page', '[1,10,{\"id\":null,\"userId\":null,\"ip\":null,\"country\":null,\"region\":null,\"city\":null,\"isp\":null,\"loginTime\":null,\"tokenId\":null,\"mobile\":null,\"browserName\":null,\"browserVersion\":null,\"osName\":null,\"logoutTime\":null,\"logout\":null,\"user\":null,\"queryUsername\":null,\"queryStartDate\":null,\"queryEndDate\":null,\"queryOnline\":null,\"queryAddress\":null}]', 321, 1, '分页查询系统账号登录日志表数据', NULL, NULL, '2024-01-22 21:36:34', 1, '2024-01-22 21:36:34', 1, 0);
INSERT INTO `sys_operation_log` VALUES (3842, 1, '2024-01-22 21:53:14', '127.0.0.1', '/api/menu/routes', 'GET', 'class com.zero.sys.controller.MenuController.routes', NULL, 91, 1, '[动态路由]获取所有启用的系统菜单', NULL, NULL, '2024-01-22 21:53:13', 1, '2024-01-22 21:53:13', 1, 0);
INSERT INTO `sys_operation_log` VALUES (3843, 1, '2024-01-22 21:53:14', '127.0.0.1', '/api/menu/routes', 'GET', 'class com.zero.sys.controller.MenuController.routes', NULL, 59, 1, '[动态路由]获取所有启用的系统菜单', NULL, NULL, '2024-01-22 21:53:14', 1, '2024-01-22 21:53:14', 1, 0);
INSERT INTO `sys_operation_log` VALUES (3844, 1, '2024-01-22 21:53:17', '127.0.0.1', '/api/config/const/keys', 'POST', 'class com.zero.sys.controller.ConfigConstController.keys', '[[\"RECORD_NUMBER\",\"SHOW_SETTINGS\",\"THEME_COLOR\",\"TAGS_VIEW\",\"FIXED_HEADER\",\"SIDEBAR_LOGO\"]]', 95, 1, '批量查询常量键值配置数据', NULL, NULL, '2024-01-22 21:53:17', 1, '2024-01-22 21:53:17', 1, 0);
INSERT INTO `sys_operation_log` VALUES (3845, 1, '2024-01-22 21:57:31', '127.0.0.1', '/api/menu/routes', 'GET', 'class com.zero.sys.controller.MenuController.routes', NULL, 64, 1, '[动态路由]获取所有启用的系统菜单', NULL, NULL, '2024-01-22 21:57:30', 1, '2024-01-22 21:57:30', 1, 0);
INSERT INTO `sys_operation_log` VALUES (3846, 1, '2024-01-22 21:57:31', '127.0.0.1', '/api/menu/routes', 'GET', 'class com.zero.sys.controller.MenuController.routes', NULL, 61, 1, '[动态路由]获取所有启用的系统菜单', NULL, NULL, '2024-01-22 21:57:31', 1, '2024-01-22 21:57:31', 1, 0);
INSERT INTO `sys_operation_log` VALUES (3847, 1, '2024-01-22 21:57:33', '127.0.0.1', '/api/config/const/keys', 'POST', 'class com.zero.sys.controller.ConfigConstController.keys', '[[\"RECORD_NUMBER\",\"SHOW_SETTINGS\",\"THEME_COLOR\",\"TAGS_VIEW\",\"FIXED_HEADER\",\"SIDEBAR_LOGO\"]]', 32, 1, '批量查询常量键值配置数据', NULL, NULL, '2024-01-22 21:57:32', 1, '2024-01-22 21:57:32', 1, 0);
INSERT INTO `sys_operation_log` VALUES (3848, 1, '2024-01-22 22:12:15', '127.0.0.1', '/api/login/log/page/1', 'GET', 'class com.zero.auth.controller.LoginLogController.page', '[1,10,{\"id\":null,\"userId\":null,\"ip\":null,\"country\":null,\"region\":null,\"city\":null,\"isp\":null,\"loginTime\":null,\"tokenId\":null,\"mobile\":null,\"browserName\":null,\"browserVersion\":null,\"osName\":null,\"logoutTime\":null,\"logout\":null,\"user\":null,\"queryUsername\":null,\"queryStartDate\":null,\"queryEndDate\":null,\"queryOnline\":null,\"queryAddress\":null}]', 265, 1, '分页查询系统账号登录日志表数据', NULL, NULL, '2024-01-22 22:12:15', 1, '2024-01-22 22:12:15', 1, 0);
INSERT INTO `sys_operation_log` VALUES (3849, 1, '2024-01-22 22:13:40', '127.0.0.1', '/api/menu/routes', 'GET', 'class com.zero.sys.controller.MenuController.routes', '[]', 142, 1, '[动态路由]获取所有启用的系统菜单', NULL, NULL, '2024-01-22 22:13:40', 1, '2024-01-22 22:13:40', 1, 0);
INSERT INTO `sys_operation_log` VALUES (3850, 1, '2024-01-22 22:13:40', '127.0.0.1', '/api/menu/routes', 'GET', 'class com.zero.sys.controller.MenuController.routes', '[]', 54, 1, '[动态路由]获取所有启用的系统菜单', NULL, NULL, '2024-01-22 22:13:40', 1, '2024-01-22 22:13:40', 1, 0);
INSERT INTO `sys_operation_log` VALUES (3851, 1, '2024-01-22 22:13:41', '127.0.0.1', '/api/config/const/keys', 'POST', 'class com.zero.sys.controller.ConfigConstController.keys', '[[\"RECORD_NUMBER\",\"SHOW_SETTINGS\",\"THEME_COLOR\",\"TAGS_VIEW\",\"FIXED_HEADER\",\"SIDEBAR_LOGO\"]]', 80, 1, '批量查询常量键值配置数据', NULL, NULL, '2024-01-22 22:13:41', 1, '2024-01-22 22:13:41', 1, 0);
INSERT INTO `sys_operation_log` VALUES (3852, 1, '2024-01-22 22:15:18', '127.0.0.1', '/api/menu/routes', 'GET', 'class com.zero.sys.controller.MenuController.routes', '[]', 80, 1, '[动态路由]获取所有启用的系统菜单', NULL, NULL, '2024-01-22 22:15:17', 1, '2024-01-22 22:15:17', 1, 0);
INSERT INTO `sys_operation_log` VALUES (3853, 1, '2024-01-22 22:15:18', '127.0.0.1', '/api/menu/routes', 'GET', 'class com.zero.sys.controller.MenuController.routes', '[]', 63, 1, '[动态路由]获取所有启用的系统菜单', NULL, NULL, '2024-01-22 22:15:18', 1, '2024-01-22 22:15:18', 1, 0);
INSERT INTO `sys_operation_log` VALUES (3854, 1, '2024-01-22 22:15:19', '127.0.0.1', '/api/config/const/keys', 'POST', 'class com.zero.sys.controller.ConfigConstController.keys', '[[\"RECORD_NUMBER\",\"SHOW_SETTINGS\",\"THEME_COLOR\",\"TAGS_VIEW\",\"FIXED_HEADER\",\"SIDEBAR_LOGO\"]]', 39, 1, '批量查询常量键值配置数据', NULL, NULL, '2024-01-22 22:15:19', 1, '2024-01-22 22:15:19', 1, 0);
INSERT INTO `sys_operation_log` VALUES (3855, 1, '2024-01-22 22:16:21', '127.0.0.1', '/api/menu/routes', 'GET', 'class com.zero.sys.controller.MenuController.routes', '[]', 64, 1, '[动态路由]获取所有启用的系统菜单', NULL, NULL, '2024-01-22 22:16:20', 1, '2024-01-22 22:16:20', 1, 0);
INSERT INTO `sys_operation_log` VALUES (3856, 1, '2024-01-22 22:16:21', '127.0.0.1', '/api/menu/routes', 'GET', 'class com.zero.sys.controller.MenuController.routes', '[]', 72, 1, '[动态路由]获取所有启用的系统菜单', NULL, NULL, '2024-01-22 22:16:20', 1, '2024-01-22 22:16:20', 1, 0);
INSERT INTO `sys_operation_log` VALUES (3857, 1, '2024-01-22 22:16:22', '127.0.0.1', '/api/config/const/keys', 'POST', 'class com.zero.sys.controller.ConfigConstController.keys', '[[\"RECORD_NUMBER\",\"SHOW_SETTINGS\",\"THEME_COLOR\",\"TAGS_VIEW\",\"FIXED_HEADER\",\"SIDEBAR_LOGO\"]]', 48, 1, '批量查询常量键值配置数据', NULL, NULL, '2024-01-22 22:16:21', 1, '2024-01-22 22:16:21', 1, 0);
INSERT INTO `sys_operation_log` VALUES (3858, 1, '2024-01-22 22:23:24', '127.0.0.1', '/api/menu/routes', 'GET', 'class com.zero.sys.controller.MenuController.routes', '[]', 60, 1, '[动态路由]获取所有启用的系统菜单', NULL, NULL, '2024-01-22 22:23:24', 1, '2024-01-22 22:23:24', 1, 0);
INSERT INTO `sys_operation_log` VALUES (3859, 1, '2024-01-22 22:23:24', '127.0.0.1', '/api/menu/routes', 'GET', 'class com.zero.sys.controller.MenuController.routes', '[]', 75, 1, '[动态路由]获取所有启用的系统菜单', NULL, NULL, '2024-01-22 22:23:24', 1, '2024-01-22 22:23:24', 1, 0);
INSERT INTO `sys_operation_log` VALUES (3860, 1, '2024-01-22 22:23:25', '127.0.0.1', '/api/config/const/keys', 'POST', 'class com.zero.sys.controller.ConfigConstController.keys', '[[\"RECORD_NUMBER\",\"SHOW_SETTINGS\",\"THEME_COLOR\",\"TAGS_VIEW\",\"FIXED_HEADER\",\"SIDEBAR_LOGO\"]]', 47, 1, '批量查询常量键值配置数据', NULL, NULL, '2024-01-22 22:23:25', 1, '2024-01-22 22:23:25', 1, 0);
INSERT INTO `sys_operation_log` VALUES (3861, 1, '2024-01-22 22:25:15', '127.0.0.1', '/api/menu/routes', 'GET', 'class com.zero.sys.controller.MenuController.routes', '[]', 59, 1, '[动态路由]获取所有启用的系统菜单', NULL, NULL, '2024-01-22 22:25:14', 1, '2024-01-22 22:25:14', 1, 0);
INSERT INTO `sys_operation_log` VALUES (3862, 1, '2024-01-22 22:25:15', '127.0.0.1', '/api/menu/routes', 'GET', 'class com.zero.sys.controller.MenuController.routes', '[]', 61, 1, '[动态路由]获取所有启用的系统菜单', NULL, NULL, '2024-01-22 22:25:15', 1, '2024-01-22 22:25:15', 1, 0);
INSERT INTO `sys_operation_log` VALUES (3863, 1, '2024-01-22 22:25:16', '127.0.0.1', '/api/config/const/keys', 'POST', 'class com.zero.sys.controller.ConfigConstController.keys', '[[\"RECORD_NUMBER\",\"SHOW_SETTINGS\",\"THEME_COLOR\",\"TAGS_VIEW\",\"FIXED_HEADER\",\"SIDEBAR_LOGO\"]]', 26, 1, '批量查询常量键值配置数据', NULL, NULL, '2024-01-22 22:25:16', 1, '2024-01-22 22:25:16', 1, 0);
INSERT INTO `sys_operation_log` VALUES (3864, 1, '2024-01-22 22:30:00', '127.0.0.1', '/api/menu/routes', 'GET', 'class com.zero.sys.controller.MenuController.routes', '[]', 68, 1, '[动态路由]获取所有启用的系统菜单', NULL, NULL, '2024-01-22 22:30:00', 1, '2024-01-22 22:30:00', 1, 0);
INSERT INTO `sys_operation_log` VALUES (3865, 1, '2024-01-22 22:30:00', '127.0.0.1', '/api/menu/routes', 'GET', 'class com.zero.sys.controller.MenuController.routes', '[]', 53, 1, '[动态路由]获取所有启用的系统菜单', NULL, NULL, '2024-01-22 22:30:00', 1, '2024-01-22 22:30:00', 1, 0);
INSERT INTO `sys_operation_log` VALUES (3866, 1, '2024-01-22 22:30:01', '127.0.0.1', '/api/config/const/keys', 'POST', 'class com.zero.sys.controller.ConfigConstController.keys', '[[\"RECORD_NUMBER\",\"SHOW_SETTINGS\",\"THEME_COLOR\",\"TAGS_VIEW\",\"FIXED_HEADER\",\"SIDEBAR_LOGO\"]]', 40, 1, '批量查询常量键值配置数据', NULL, NULL, '2024-01-22 22:30:01', 1, '2024-01-22 22:30:01', 1, 0);
INSERT INTO `sys_operation_log` VALUES (3867, 1, '2024-01-22 22:35:12', '127.0.0.1', '/api/menu/routes', 'GET', 'class com.zero.sys.controller.MenuController.routes', '[]', 39, 1, '[动态路由]获取所有启用的系统菜单', NULL, NULL, '2024-01-22 22:35:12', 1, '2024-01-22 22:35:12', 1, 0);
INSERT INTO `sys_operation_log` VALUES (3868, 1, '2024-01-22 22:35:12', '127.0.0.1', '/api/menu/routes', 'GET', 'class com.zero.sys.controller.MenuController.routes', '[]', 47, 1, '[动态路由]获取所有启用的系统菜单', NULL, NULL, '2024-01-22 22:35:12', 1, '2024-01-22 22:35:12', 1, 0);
INSERT INTO `sys_operation_log` VALUES (3869, 1, '2024-01-22 22:35:13', '127.0.0.1', '/api/config/const/keys', 'POST', 'class com.zero.sys.controller.ConfigConstController.keys', '[[\"RECORD_NUMBER\",\"SHOW_SETTINGS\",\"THEME_COLOR\",\"TAGS_VIEW\",\"FIXED_HEADER\",\"SIDEBAR_LOGO\"]]', 40, 1, '批量查询常量键值配置数据', NULL, NULL, '2024-01-22 22:35:13', 1, '2024-01-22 22:35:13', 1, 0);
INSERT INTO `sys_operation_log` VALUES (3870, 1, '2024-01-22 22:35:55', '127.0.0.1', '/api/menu/routes', 'GET', 'class com.zero.sys.controller.MenuController.routes', '[]', 83, 1, '[动态路由]获取所有启用的系统菜单', NULL, NULL, '2024-01-22 22:35:55', 1, '2024-01-22 22:35:55', 1, 0);
INSERT INTO `sys_operation_log` VALUES (3871, 1, '2024-01-22 22:35:55', '127.0.0.1', '/api/menu/routes', 'GET', 'class com.zero.sys.controller.MenuController.routes', '[]', 66, 1, '[动态路由]获取所有启用的系统菜单', NULL, NULL, '2024-01-22 22:35:55', 1, '2024-01-22 22:35:55', 1, 0);
INSERT INTO `sys_operation_log` VALUES (3872, 1, '2024-01-22 22:35:56', '127.0.0.1', '/api/config/const/keys', 'POST', 'class com.zero.sys.controller.ConfigConstController.keys', '[[\"RECORD_NUMBER\",\"SHOW_SETTINGS\",\"THEME_COLOR\",\"TAGS_VIEW\",\"FIXED_HEADER\",\"SIDEBAR_LOGO\"]]', 41, 1, '批量查询常量键值配置数据', NULL, NULL, '2024-01-22 22:35:56', 1, '2024-01-22 22:35:56', 1, 0);
INSERT INTO `sys_operation_log` VALUES (3873, 1, '2024-01-22 22:36:16', '127.0.0.1', '/api/operation/log/page/1', 'GET', 'class com.zero.sys.controller.OperationLogController.page', '[1,10,{\"id\":null,\"operationUserId\":null,\"accessTime\":null,\"ip\":null,\"uri\":null,\"methodType\":null,\"method\":null,\"requestArgs\":null,\"executionTime\":null,\"result\":null,\"description\":null,\"exceptionName\":null,\"exceptionMessage\":null,\"user\":null,\"queryUsername\":null,\"queryStartDate\":null,\"queryEndDate\":null}]', 264, 1, '分页查询系统操作日志表数据', NULL, NULL, '2024-01-22 22:36:16', 1, '2024-01-22 22:36:16', 1, 0);
INSERT INTO `sys_operation_log` VALUES (3874, 1, '2024-01-22 22:36:47', '127.0.0.1', '/api/menu/routes', 'GET', 'class com.zero.sys.controller.MenuController.routes', '[]', 61, 1, '[动态路由]获取所有启用的系统菜单', NULL, NULL, '2024-01-22 22:36:47', 1, '2024-01-22 22:36:47', 1, 0);
INSERT INTO `sys_operation_log` VALUES (3875, 1, '2024-01-22 22:36:47', '127.0.0.1', '/api/menu/routes', 'GET', 'class com.zero.sys.controller.MenuController.routes', '[]', 61, 1, '[动态路由]获取所有启用的系统菜单', NULL, NULL, '2024-01-22 22:36:47', 1, '2024-01-22 22:36:47', 1, 0);
INSERT INTO `sys_operation_log` VALUES (3876, 1, '2024-01-22 22:36:48', '127.0.0.1', '/api/config/const/keys', 'POST', 'class com.zero.sys.controller.ConfigConstController.keys', '[[\"RECORD_NUMBER\",\"SHOW_SETTINGS\",\"THEME_COLOR\",\"TAGS_VIEW\",\"FIXED_HEADER\",\"SIDEBAR_LOGO\"]]', 41, 1, '批量查询常量键值配置数据', NULL, NULL, '2024-01-22 22:36:48', 1, '2024-01-22 22:36:48', 1, 0);
INSERT INTO `sys_operation_log` VALUES (3877, 1, '2024-01-22 22:36:50', '127.0.0.1', '/api/operation/log/page/1', 'GET', 'class com.zero.sys.controller.OperationLogController.page', '[1,10,{\"id\":null,\"operationUserId\":null,\"accessTime\":null,\"ip\":null,\"uri\":null,\"methodType\":null,\"method\":null,\"requestArgs\":null,\"executionTime\":null,\"result\":null,\"description\":null,\"exceptionName\":null,\"exceptionMessage\":null,\"user\":null,\"queryUsername\":null,\"queryStartDate\":null,\"queryEndDate\":null}]', 28, 1, '分页查询系统操作日志表数据', NULL, NULL, '2024-01-22 22:36:50', 1, '2024-01-22 22:36:50', 1, 0);
INSERT INTO `sys_operation_log` VALUES (3878, 1, '2024-01-22 22:49:46', '127.0.0.1', '/api/menu/routes', 'GET', 'class com.zero.sys.controller.MenuController.routes', '[]', 66, 1, '[动态路由]获取所有启用的系统菜单', NULL, NULL, '2024-01-22 22:49:46', 1, '2024-01-22 22:49:46', 1, 0);
INSERT INTO `sys_operation_log` VALUES (3879, 1, '2024-01-22 22:49:46', '127.0.0.1', '/api/menu/routes', 'GET', 'class com.zero.sys.controller.MenuController.routes', '[]', 63, 1, '[动态路由]获取所有启用的系统菜单', NULL, NULL, '2024-01-22 22:49:46', 1, '2024-01-22 22:49:46', 1, 0);
INSERT INTO `sys_operation_log` VALUES (3880, 1, '2024-01-22 22:49:47', '127.0.0.1', '/api/config/const/keys', 'POST', 'class com.zero.sys.controller.ConfigConstController.keys', '[[\"RECORD_NUMBER\",\"SHOW_SETTINGS\",\"THEME_COLOR\",\"TAGS_VIEW\",\"FIXED_HEADER\",\"SIDEBAR_LOGO\"]]', 34, 1, '批量查询常量键值配置数据', NULL, NULL, '2024-01-22 22:49:47', 1, '2024-01-22 22:49:47', 1, 0);
INSERT INTO `sys_operation_log` VALUES (3881, 1, '2024-01-23 21:46:49', '127.0.0.1', '/api/menu/routes', 'GET', 'class com.zero.sys.controller.MenuController.routes', '[]', 63, 1, '[动态路由]获取所有启用的系统菜单', NULL, NULL, '2024-01-23 21:46:48', 1, '2024-01-23 21:46:48', 1, 0);
INSERT INTO `sys_operation_log` VALUES (3882, 1, '2024-01-23 21:46:50', '127.0.0.1', '/api/index/panel/group', 'GET', 'class com.zero.sys.controller.IndexController.panelGroup', '[]', 13, 1, '获取系统首页的展示数据', NULL, NULL, '2024-01-23 21:46:49', 1, '2024-01-23 21:46:49', 1, 0);
INSERT INTO `sys_operation_log` VALUES (3883, 1, '2024-01-23 21:46:50', '127.0.0.1', '/api/index/login/map', 'GET', 'class com.zero.sys.controller.IndexController.loginMap', '[]', 12, 1, '获取系统首页的用户登录地图数据', NULL, NULL, '2024-01-23 21:46:49', 1, '2024-01-23 21:46:49', 1, 0);
INSERT INTO `sys_operation_log` VALUES (3884, 1, '2024-01-23 21:46:50', '127.0.0.1', '/api/config/const/keys', 'POST', 'class com.zero.sys.controller.ConfigConstController.keys', '[[\"RECORD_NUMBER\",\"SHOW_SETTINGS\",\"THEME_COLOR\",\"TAGS_VIEW\",\"FIXED_HEADER\",\"SIDEBAR_LOGO\"]]', 58, 1, '批量查询常量键值配置数据', NULL, NULL, '2024-01-23 21:46:49', 1, '2024-01-23 21:46:49', 1, 0);
INSERT INTO `sys_operation_log` VALUES (3885, 1, '2024-01-24 21:33:34', '127.0.0.1', '/api/menu/routes', 'GET', 'class com.zero.sys.controller.MenuController.routes', '[]', 204, 1, '[动态路由]获取所有启用的系统菜单', NULL, NULL, '2024-01-24 21:33:34', 1, '2024-01-24 21:33:34', 1, 0);
INSERT INTO `sys_operation_log` VALUES (3886, 1, '2024-01-24 21:33:43', '127.0.0.1', '/api/index/panel/group', 'GET', 'class com.zero.sys.controller.IndexController.panelGroup', '[]', 9, 1, '获取系统首页的展示数据', NULL, NULL, '2024-01-24 21:33:43', 1, '2024-01-24 21:33:43', 1, 0);
INSERT INTO `sys_operation_log` VALUES (3887, 1, '2024-01-24 21:33:43', '127.0.0.1', '/api/config/const/keys', 'POST', 'class com.zero.sys.controller.ConfigConstController.keys', '[[\"RECORD_NUMBER\",\"SHOW_SETTINGS\",\"THEME_COLOR\",\"TAGS_VIEW\",\"FIXED_HEADER\",\"SIDEBAR_LOGO\"]]', 63, 1, '批量查询常量键值配置数据', NULL, NULL, '2024-01-24 21:33:43', 1, '2024-01-24 21:33:43', 1, 0);
INSERT INTO `sys_operation_log` VALUES (3888, 1, '2024-01-24 21:33:44', '127.0.0.1', '/api/index/login/map', 'GET', 'class com.zero.sys.controller.IndexController.loginMap', '[]', 8, 1, '获取系统首页的用户登录地图数据', NULL, NULL, '2024-01-24 21:33:43', 1, '2024-01-24 21:33:43', 1, 0);
INSERT INTO `sys_operation_log` VALUES (3889, 1, '2024-01-24 22:03:01', '127.0.0.1', '/api/login/log/page/1', 'GET', 'class com.zero.auth.controller.LoginLogController.page', '[1,10,{\"id\":null,\"userId\":null,\"ip\":null,\"country\":null,\"region\":null,\"city\":null,\"isp\":null,\"loginTime\":null,\"tokenId\":null,\"mobile\":null,\"browserName\":null,\"browserVersion\":null,\"osName\":null,\"logoutTime\":null,\"logout\":null,\"user\":null,\"queryUsername\":null,\"queryStartDate\":null,\"queryEndDate\":null,\"queryOnline\":null,\"queryAddress\":null}]', 615, 1, '分页查询系统账号登录日志表数据', NULL, NULL, '2024-01-24 22:03:01', 1, '2024-01-24 22:03:01', 1, 0);
INSERT INTO `sys_operation_log` VALUES (3890, 1, '2024-01-24 22:03:06', '127.0.0.1', '/api/menu/routes', 'GET', 'class com.zero.sys.controller.MenuController.routes', '[]', 85, 1, '[动态路由]获取所有启用的系统菜单', NULL, NULL, '2024-01-24 22:03:05', 1, '2024-01-24 22:03:05', 1, 0);
INSERT INTO `sys_operation_log` VALUES (3891, 1, '2024-01-24 22:03:06', '127.0.0.1', '/api/menu/routes', 'GET', 'class com.zero.sys.controller.MenuController.routes', '[]', 67, 1, '[动态路由]获取所有启用的系统菜单', NULL, NULL, '2024-01-24 22:03:06', 1, '2024-01-24 22:03:06', 1, 0);
INSERT INTO `sys_operation_log` VALUES (3892, 1, '2024-01-24 22:03:07', '127.0.0.1', '/api/config/const/keys', 'POST', 'class com.zero.sys.controller.ConfigConstController.keys', '[[\"RECORD_NUMBER\",\"SHOW_SETTINGS\",\"THEME_COLOR\",\"TAGS_VIEW\",\"FIXED_HEADER\",\"SIDEBAR_LOGO\"]]', 106, 1, '批量查询常量键值配置数据', NULL, NULL, '2024-01-24 22:03:07', 1, '2024-01-24 22:03:07', 1, 0);
INSERT INTO `sys_operation_log` VALUES (3893, 1, '2024-01-24 22:05:26', '127.0.0.1', '/api/menu/routes', 'GET', 'class com.zero.sys.controller.MenuController.routes', '[]', 87, 1, '[动态路由]获取所有启用的系统菜单', NULL, NULL, '2024-01-24 22:05:25', 1, '2024-01-24 22:05:25', 1, 0);
INSERT INTO `sys_operation_log` VALUES (3894, 1, '2024-01-24 22:05:26', '127.0.0.1', '/api/menu/routes', 'GET', 'class com.zero.sys.controller.MenuController.routes', '[]', 49, 1, '[动态路由]获取所有启用的系统菜单', NULL, NULL, '2024-01-24 22:05:26', 1, '2024-01-24 22:05:26', 1, 0);
INSERT INTO `sys_operation_log` VALUES (3895, 1, '2024-01-24 22:05:27', '127.0.0.1', '/api/config/const/keys', 'POST', 'class com.zero.sys.controller.ConfigConstController.keys', '[[\"RECORD_NUMBER\",\"SHOW_SETTINGS\",\"THEME_COLOR\",\"TAGS_VIEW\",\"FIXED_HEADER\",\"SIDEBAR_LOGO\"]]', 86, 1, '批量查询常量键值配置数据', NULL, NULL, '2024-01-24 22:05:27', 1, '2024-01-24 22:05:27', 1, 0);
INSERT INTO `sys_operation_log` VALUES (3896, 1, '2024-01-24 22:17:21', '127.0.0.1', '/api/menu/routes', 'GET', 'class com.zero.sys.controller.MenuController.routes', '[]', 73, 1, '[动态路由]获取所有启用的系统菜单', NULL, NULL, '2024-01-24 22:17:21', 1, '2024-01-24 22:17:21', 1, 0);
INSERT INTO `sys_operation_log` VALUES (3897, 1, '2024-01-24 22:17:21', '127.0.0.1', '/api/menu/routes', 'GET', 'class com.zero.sys.controller.MenuController.routes', '[]', 44, 1, '[动态路由]获取所有启用的系统菜单', NULL, NULL, '2024-01-24 22:17:21', 1, '2024-01-24 22:17:21', 1, 0);
INSERT INTO `sys_operation_log` VALUES (3898, 1, '2024-01-24 22:17:23', '127.0.0.1', '/api/config/const/keys', 'POST', 'class com.zero.sys.controller.ConfigConstController.keys', '[[\"RECORD_NUMBER\",\"SHOW_SETTINGS\",\"THEME_COLOR\",\"TAGS_VIEW\",\"FIXED_HEADER\",\"SIDEBAR_LOGO\"]]', 119, 1, '批量查询常量键值配置数据', NULL, NULL, '2024-01-24 22:17:22', 1, '2024-01-24 22:17:22', 1, 0);
INSERT INTO `sys_operation_log` VALUES (3899, 1, '2024-01-24 22:31:46', '127.0.0.1', '/api/menu/routes', 'GET', 'class com.zero.sys.controller.MenuController.routes', '[]', 134, 1, '[动态路由]获取所有启用的系统菜单', NULL, NULL, '2024-01-24 22:31:45', 1, '2024-01-24 22:31:45', 1, 0);
INSERT INTO `sys_operation_log` VALUES (3900, 1, '2024-01-24 22:31:46', '127.0.0.1', '/api/menu/routes', 'GET', 'class com.zero.sys.controller.MenuController.routes', '[]', 45, 1, '[动态路由]获取所有启用的系统菜单', NULL, NULL, '2024-01-24 22:31:45', 1, '2024-01-24 22:31:45', 1, 0);
INSERT INTO `sys_operation_log` VALUES (3901, 1, '2024-01-24 22:31:48', '127.0.0.1', '/api/config/const/keys', 'POST', 'class com.zero.sys.controller.ConfigConstController.keys', '[[\"RECORD_NUMBER\",\"SHOW_SETTINGS\",\"THEME_COLOR\",\"TAGS_VIEW\",\"FIXED_HEADER\",\"SIDEBAR_LOGO\"]]', 45, 1, '批量查询常量键值配置数据', NULL, NULL, '2024-01-24 22:31:47', 1, '2024-01-24 22:31:47', 1, 0);
INSERT INTO `sys_operation_log` VALUES (3902, 1, '2024-01-24 22:35:26', '127.0.0.1', '/api/menu/routes', 'GET', 'class com.zero.sys.controller.MenuController.routes', '[]', 64, 1, '[动态路由]获取所有启用的系统菜单', NULL, NULL, '2024-01-24 22:35:25', 1, '2024-01-24 22:35:25', 1, 0);
INSERT INTO `sys_operation_log` VALUES (3903, 1, '2024-01-24 22:35:26', '127.0.0.1', '/api/menu/routes', 'GET', 'class com.zero.sys.controller.MenuController.routes', '[]', 59, 1, '[动态路由]获取所有启用的系统菜单', NULL, NULL, '2024-01-24 22:35:25', 1, '2024-01-24 22:35:25', 1, 0);
INSERT INTO `sys_operation_log` VALUES (3904, 1, '2024-01-24 22:35:27', '127.0.0.1', '/api/config/const/keys', 'POST', 'class com.zero.sys.controller.ConfigConstController.keys', '[[\"RECORD_NUMBER\",\"SHOW_SETTINGS\",\"THEME_COLOR\",\"TAGS_VIEW\",\"FIXED_HEADER\",\"SIDEBAR_LOGO\"]]', 62, 1, '批量查询常量键值配置数据', NULL, NULL, '2024-01-24 22:35:27', 1, '2024-01-24 22:35:27', 1, 0);
INSERT INTO `sys_operation_log` VALUES (3905, 1, '2024-01-24 22:39:50', '127.0.0.1', '/api/menu/routes', 'GET', 'class com.zero.sys.controller.MenuController.routes', '[]', 80, 1, '[动态路由]获取所有启用的系统菜单', NULL, NULL, '2024-01-24 22:39:49', 1, '2024-01-24 22:39:49', 1, 0);
INSERT INTO `sys_operation_log` VALUES (3906, 1, '2024-01-24 22:39:50', '127.0.0.1', '/api/menu/routes', 'GET', 'class com.zero.sys.controller.MenuController.routes', '[]', 45, 1, '[动态路由]获取所有启用的系统菜单', NULL, NULL, '2024-01-24 22:39:49', 1, '2024-01-24 22:39:49', 1, 0);
INSERT INTO `sys_operation_log` VALUES (3907, 1, '2024-01-24 22:39:51', '127.0.0.1', '/api/config/const/keys', 'POST', 'class com.zero.sys.controller.ConfigConstController.keys', '[[\"RECORD_NUMBER\",\"SHOW_SETTINGS\",\"THEME_COLOR\",\"TAGS_VIEW\",\"FIXED_HEADER\",\"SIDEBAR_LOGO\"]]', 73, 1, '批量查询常量键值配置数据', NULL, NULL, '2024-01-24 22:39:51', 1, '2024-01-24 22:39:51', 1, 0);
INSERT INTO `sys_operation_log` VALUES (3908, 1, '2024-01-24 22:41:41', '127.0.0.1', '/api/menu/routes', 'GET', 'class com.zero.sys.controller.MenuController.routes', '[]', 62, 1, '[动态路由]获取所有启用的系统菜单', NULL, NULL, '2024-01-24 22:41:41', 1, '2024-01-24 22:41:41', 1, 0);
INSERT INTO `sys_operation_log` VALUES (3909, 1, '2024-01-24 22:41:42', '127.0.0.1', '/api/menu/routes', 'GET', 'class com.zero.sys.controller.MenuController.routes', '[]', 64, 1, '[动态路由]获取所有启用的系统菜单', NULL, NULL, '2024-01-24 22:41:41', 1, '2024-01-24 22:41:41', 1, 0);
INSERT INTO `sys_operation_log` VALUES (3910, 1, '2024-01-24 22:41:43', '127.0.0.1', '/api/config/const/keys', 'POST', 'class com.zero.sys.controller.ConfigConstController.keys', '[[\"RECORD_NUMBER\",\"SHOW_SETTINGS\",\"THEME_COLOR\",\"TAGS_VIEW\",\"FIXED_HEADER\",\"SIDEBAR_LOGO\"]]', 34, 1, '批量查询常量键值配置数据', NULL, NULL, '2024-01-24 22:41:43', 1, '2024-01-24 22:41:43', 1, 0);
INSERT INTO `sys_operation_log` VALUES (3911, 1, '2024-01-24 22:42:53', '127.0.0.1', '/api/menu/routes', 'GET', 'class com.zero.sys.controller.MenuController.routes', '[]', 93, 1, '[动态路由]获取所有启用的系统菜单', NULL, NULL, '2024-01-24 22:42:52', 1, '2024-01-24 22:42:52', 1, 0);
INSERT INTO `sys_operation_log` VALUES (3912, 1, '2024-01-24 22:42:53', '127.0.0.1', '/api/menu/routes', 'GET', 'class com.zero.sys.controller.MenuController.routes', '[]', 56, 1, '[动态路由]获取所有启用的系统菜单', NULL, NULL, '2024-01-24 22:42:52', 1, '2024-01-24 22:42:52', 1, 0);
INSERT INTO `sys_operation_log` VALUES (3913, 1, '2024-01-24 22:42:54', '127.0.0.1', '/api/config/const/keys', 'POST', 'class com.zero.sys.controller.ConfigConstController.keys', '[[\"RECORD_NUMBER\",\"SHOW_SETTINGS\",\"THEME_COLOR\",\"TAGS_VIEW\",\"FIXED_HEADER\",\"SIDEBAR_LOGO\"]]', 108, 1, '批量查询常量键值配置数据', NULL, NULL, '2024-01-24 22:42:54', 1, '2024-01-24 22:42:54', 1, 0);
INSERT INTO `sys_operation_log` VALUES (3914, 1, '2024-01-24 22:43:28', '127.0.0.1', '/api/menu/routes', 'GET', 'class com.zero.sys.controller.MenuController.routes', '[]', 63, 1, '[动态路由]获取所有启用的系统菜单', NULL, NULL, '2024-01-24 22:43:27', 1, '2024-01-24 22:43:27', 1, 0);
INSERT INTO `sys_operation_log` VALUES (3915, 1, '2024-01-24 22:43:28', '127.0.0.1', '/api/menu/routes', 'GET', 'class com.zero.sys.controller.MenuController.routes', '[]', 63, 1, '[动态路由]获取所有启用的系统菜单', NULL, NULL, '2024-01-24 22:43:27', 1, '2024-01-24 22:43:27', 1, 0);
INSERT INTO `sys_operation_log` VALUES (3916, 1, '2024-01-24 22:43:30', '127.0.0.1', '/api/config/const/keys', 'POST', 'class com.zero.sys.controller.ConfigConstController.keys', '[[\"RECORD_NUMBER\",\"SHOW_SETTINGS\",\"THEME_COLOR\",\"TAGS_VIEW\",\"FIXED_HEADER\",\"SIDEBAR_LOGO\"]]', 37, 1, '批量查询常量键值配置数据', NULL, NULL, '2024-01-24 22:43:30', 1, '2024-01-24 22:43:30', 1, 0);
INSERT INTO `sys_operation_log` VALUES (3917, 1, '2024-01-24 22:44:25', '127.0.0.1', '/api/menu/routes', 'GET', 'class com.zero.sys.controller.MenuController.routes', '[]', 66, 1, '[动态路由]获取所有启用的系统菜单', NULL, NULL, '2024-01-24 22:44:25', 1, '2024-01-24 22:44:25', 1, 0);
INSERT INTO `sys_operation_log` VALUES (3918, 1, '2024-01-24 22:44:25', '127.0.0.1', '/api/menu/routes', 'GET', 'class com.zero.sys.controller.MenuController.routes', '[]', 98, 1, '[动态路由]获取所有启用的系统菜单', NULL, NULL, '2024-01-24 22:44:25', 1, '2024-01-24 22:44:25', 1, 0);
INSERT INTO `sys_operation_log` VALUES (3919, 1, '2024-01-24 22:44:26', '127.0.0.1', '/api/config/const/keys', 'POST', 'class com.zero.sys.controller.ConfigConstController.keys', '[[\"RECORD_NUMBER\",\"SHOW_SETTINGS\",\"THEME_COLOR\",\"TAGS_VIEW\",\"FIXED_HEADER\",\"SIDEBAR_LOGO\"]]', 51, 1, '批量查询常量键值配置数据', NULL, NULL, '2024-01-24 22:44:26', 1, '2024-01-24 22:44:26', 1, 0);
INSERT INTO `sys_operation_log` VALUES (3920, 1, '2024-01-24 22:51:07', '127.0.0.1', '/api/menu/routes', 'GET', 'class com.zero.sys.controller.MenuController.routes', '[]', 63, 1, '[动态路由]获取所有启用的系统菜单', NULL, NULL, '2024-01-24 22:51:06', 1, '2024-01-24 22:51:06', 1, 0);
INSERT INTO `sys_operation_log` VALUES (3921, 1, '2024-01-24 22:51:07', '127.0.0.1', '/api/menu/routes', 'GET', 'class com.zero.sys.controller.MenuController.routes', '[]', 61, 1, '[动态路由]获取所有启用的系统菜单', NULL, NULL, '2024-01-24 22:51:06', 1, '2024-01-24 22:51:06', 1, 0);
INSERT INTO `sys_operation_log` VALUES (3922, 1, '2024-01-24 22:51:08', '127.0.0.1', '/api/config/const/keys', 'POST', 'class com.zero.sys.controller.ConfigConstController.keys', '[[\"RECORD_NUMBER\",\"SHOW_SETTINGS\",\"THEME_COLOR\",\"TAGS_VIEW\",\"FIXED_HEADER\",\"SIDEBAR_LOGO\"]]', 43, 1, '批量查询常量键值配置数据', NULL, NULL, '2024-01-24 22:51:07', 1, '2024-01-24 22:51:07', 1, 0);
INSERT INTO `sys_operation_log` VALUES (3923, 1, '2024-01-24 22:51:50', '127.0.0.1', '/api/menu/routes', 'GET', 'class com.zero.sys.controller.MenuController.routes', '[]', 54, 1, '[动态路由]获取所有启用的系统菜单', NULL, NULL, '2024-01-24 22:51:50', 1, '2024-01-24 22:51:50', 1, 0);
INSERT INTO `sys_operation_log` VALUES (3924, 1, '2024-01-24 22:51:50', '127.0.0.1', '/api/menu/routes', 'GET', 'class com.zero.sys.controller.MenuController.routes', '[]', 59, 1, '[动态路由]获取所有启用的系统菜单', NULL, NULL, '2024-01-24 22:51:50', 1, '2024-01-24 22:51:50', 1, 0);
INSERT INTO `sys_operation_log` VALUES (3925, 1, '2024-01-24 22:51:51', '127.0.0.1', '/api/config/const/keys', 'POST', 'class com.zero.sys.controller.ConfigConstController.keys', '[[\"RECORD_NUMBER\",\"SHOW_SETTINGS\",\"THEME_COLOR\",\"TAGS_VIEW\",\"FIXED_HEADER\",\"SIDEBAR_LOGO\"]]', 34, 1, '批量查询常量键值配置数据', NULL, NULL, '2024-01-24 22:51:51', 1, '2024-01-24 22:51:51', 1, 0);
INSERT INTO `sys_operation_log` VALUES (3926, 1, '2024-01-26 21:04:09', '127.0.0.1', '/api/menu/routes', 'GET', 'class com.zero.sys.controller.MenuController.routes', '[]', 60, 1, '[动态路由]获取所有启用的系统菜单', NULL, NULL, '2024-01-26 21:04:09', 1, '2024-01-26 21:04:09', 1, 0);
INSERT INTO `sys_operation_log` VALUES (3927, 1, '2024-01-26 21:04:10', '127.0.0.1', '/api/index/panel/group', 'GET', 'class com.zero.sys.controller.IndexController.panelGroup', '[]', 12, 1, '获取系统首页的展示数据', NULL, NULL, '2024-01-26 21:04:09', 1, '2024-01-26 21:04:09', 1, 0);
INSERT INTO `sys_operation_log` VALUES (3928, 1, '2024-01-26 21:04:10', '127.0.0.1', '/api/index/login/map', 'GET', 'class com.zero.sys.controller.IndexController.loginMap', '[]', 11, 1, '获取系统首页的用户登录地图数据', NULL, NULL, '2024-01-26 21:04:09', 1, '2024-01-26 21:04:09', 1, 0);
INSERT INTO `sys_operation_log` VALUES (3929, 1, '2024-01-26 21:04:10', '127.0.0.1', '/api/config/const/keys', 'POST', 'class com.zero.sys.controller.ConfigConstController.keys', '[[\"RECORD_NUMBER\",\"SHOW_SETTINGS\",\"THEME_COLOR\",\"TAGS_VIEW\",\"FIXED_HEADER\",\"SIDEBAR_LOGO\"]]', 66, 1, '批量查询常量键值配置数据', NULL, NULL, '2024-01-26 21:04:09', 1, '2024-01-26 21:04:09', 1, 0);
INSERT INTO `sys_operation_log` VALUES (3930, 1, '2024-01-26 21:04:12', '127.0.0.1', '/api/user/page/1', 'GET', 'class com.zero.auth.controller.UserController.page', '[1,10,{\"id\":null,\"username\":null,\"password\":null,\"enabled\":null,\"locked\":null,\"accountExpire\":null,\"passwordExpire\":null,\"type\":null,\"roles\":null,\"userInfo\":null,\"onlineLoginLogs\":null,\"queryRoleId\":null}]', 178, 1, '分页查询用户数据', NULL, NULL, '2024-01-26 21:04:12', 1, '2024-01-26 21:04:12', 1, 0);
INSERT INTO `sys_operation_log` VALUES (3931, 1, '2024-01-26 21:04:16', '127.0.0.1', '/api/user/page/1', 'GET', 'class com.zero.auth.controller.UserController.page', '[1,10,{\"id\":null,\"username\":\"admin\",\"password\":null,\"enabled\":null,\"locked\":null,\"accountExpire\":null,\"passwordExpire\":null,\"type\":null,\"roles\":null,\"userInfo\":null,\"onlineLoginLogs\":null,\"queryRoleId\":null}]', 30, 1, '分页查询用户数据', NULL, NULL, '2024-01-26 21:04:16', 1, '2024-01-26 21:04:16', 1, 0);
INSERT INTO `sys_operation_log` VALUES (3932, 1, '2024-01-26 21:04:20', '127.0.0.1', '/api/user/page/1', 'GET', 'class com.zero.auth.controller.UserController.page', '[1,10,{\"id\":null,\"username\":\"user\",\"password\":null,\"enabled\":null,\"locked\":null,\"accountExpire\":null,\"passwordExpire\":null,\"type\":null,\"roles\":null,\"userInfo\":null,\"onlineLoginLogs\":null,\"queryRoleId\":null}]', 21, 1, '分页查询用户数据', NULL, NULL, '2024-01-26 21:04:20', 1, '2024-01-26 21:04:20', 1, 0);
INSERT INTO `sys_operation_log` VALUES (3933, 1, '2024-01-26 21:04:26', '127.0.0.1', '/api/user/page/1', 'GET', 'class com.zero.auth.controller.UserController.page', '[1,10,{\"id\":null,\"username\":\"天\",\"password\":null,\"enabled\":null,\"locked\":null,\"accountExpire\":null,\"passwordExpire\":null,\"type\":null,\"roles\":null,\"userInfo\":null,\"onlineLoginLogs\":null,\"queryRoleId\":null}]', 24, 1, '分页查询用户数据', NULL, NULL, '2024-01-26 21:04:26', 1, '2024-01-26 21:04:26', 1, 0);
INSERT INTO `sys_operation_log` VALUES (3934, 1, '2024-01-26 21:14:30', '127.0.0.1', '/api/role/page/1', 'GET', 'class com.zero.auth.controller.RoleController.page', '[1,10,{\"id\":null,\"name\":null,\"description\":null,\"acquiescence\":null}]', 131, 1, '分页查询角色数据', NULL, NULL, '2024-01-26 21:14:30', 1, '2024-01-26 21:14:30', 1, 0);
INSERT INTO `sys_operation_log` VALUES (3935, 1, '2024-01-26 21:14:33', '127.0.0.1', '/api/resources/page/1', 'GET', 'class com.zero.auth.controller.ResourcesController.page', '[1,10,{\"id\":null,\"uri\":null,\"regex\":null,\"description\":null,\"methodType\":null,\"roles\":null,\"queryRoleId\":null}]', 41, 1, '分页查询系统资源数据', NULL, NULL, '2024-01-26 21:14:33', 1, '2024-01-26 21:14:33', 1, 0);
INSERT INTO `sys_operation_log` VALUES (3936, 1, '2024-01-26 21:14:35', '127.0.0.1', '/api/role/list', 'GET', 'class com.zero.auth.controller.RoleController.list', '[{\"id\":null,\"name\":null,\"description\":null,\"acquiescence\":null}]', 16, 1, '获取所有的用户角色', NULL, NULL, '2024-01-26 21:14:35', 1, '2024-01-26 21:14:35', 1, 0);
INSERT INTO `sys_operation_log` VALUES (3937, 1, '2024-01-26 21:14:36', '127.0.0.1', '/api/resources/page/1', 'GET', 'class com.zero.auth.controller.ResourcesController.page', '[1,10,{\"id\":null,\"uri\":null,\"regex\":null,\"description\":null,\"methodType\":null,\"roles\":null,\"queryRoleId\":1}]', 30, 1, '分页查询系统资源数据', NULL, NULL, '2024-01-26 21:14:36', 1, '2024-01-26 21:14:36', 1, 0);
INSERT INTO `sys_operation_log` VALUES (3938, 1, '2024-01-26 21:14:37', '127.0.0.1', '/api/resources/page/1', 'GET', 'class com.zero.auth.controller.ResourcesController.page', '[1,10,{\"id\":null,\"uri\":null,\"regex\":null,\"description\":null,\"methodType\":null,\"roles\":null,\"queryRoleId\":1}]', 29, 1, '分页查询系统资源数据', NULL, NULL, '2024-01-26 21:14:37', 1, '2024-01-26 21:14:37', 1, 0);
INSERT INTO `sys_operation_log` VALUES (3939, 1, '2024-01-26 21:14:38', '127.0.0.1', '/api/resources/page/1', 'GET', 'class com.zero.auth.controller.ResourcesController.page', '[1,10,{\"id\":null,\"uri\":null,\"regex\":null,\"description\":null,\"methodType\":null,\"roles\":null,\"queryRoleId\":null}]', 21, 1, '分页查询系统资源数据', NULL, NULL, '2024-01-26 21:14:38', 1, '2024-01-26 21:14:38', 1, 0);
INSERT INTO `sys_operation_log` VALUES (3940, 1, '2024-01-26 21:14:40', '127.0.0.1', '/api/resources/page/1', 'GET', 'class com.zero.auth.controller.ResourcesController.page', '[1,10,{\"id\":null,\"uri\":null,\"regex\":null,\"description\":null,\"methodType\":null,\"roles\":null,\"queryRoleId\":2}]', 20, 1, '分页查询系统资源数据', NULL, NULL, '2024-01-26 21:14:40', 1, '2024-01-26 21:14:40', 1, 0);
INSERT INTO `sys_operation_log` VALUES (3941, 1, '2024-01-26 21:14:41', '127.0.0.1', '/api/resources/page/1', 'GET', 'class com.zero.auth.controller.ResourcesController.page', '[1,10,{\"id\":null,\"uri\":null,\"regex\":null,\"description\":null,\"methodType\":null,\"roles\":null,\"queryRoleId\":2}]', 14, 1, '分页查询系统资源数据', NULL, NULL, '2024-01-26 21:14:40', 1, '2024-01-26 21:14:40', 1, 0);
INSERT INTO `sys_operation_log` VALUES (3942, 1, '2024-01-26 21:14:42', '127.0.0.1', '/api/resources/page/1', 'GET', 'class com.zero.auth.controller.ResourcesController.page', '[1,10,{\"id\":null,\"uri\":null,\"regex\":null,\"description\":null,\"methodType\":null,\"roles\":null,\"queryRoleId\":3}]', 28, 1, '分页查询系统资源数据', NULL, NULL, '2024-01-26 21:14:41', 1, '2024-01-26 21:14:41', 1, 0);
INSERT INTO `sys_operation_log` VALUES (3943, 1, '2024-01-26 21:14:44', '127.0.0.1', '/api/resources/page/1', 'GET', 'class com.zero.auth.controller.ResourcesController.page', '[1,10,{\"id\":null,\"uri\":null,\"regex\":null,\"description\":null,\"methodType\":\"POST\",\"roles\":null,\"queryRoleId\":3}]', 19, 1, '分页查询系统资源数据', NULL, NULL, '2024-01-26 21:14:44', 1, '2024-01-26 21:14:44', 1, 0);
INSERT INTO `sys_operation_log` VALUES (3944, 1, '2024-01-26 21:14:51', '127.0.0.1', '/api/resources/page/1', 'GET', 'class com.zero.auth.controller.ResourcesController.page', '[1,10,{\"id\":null,\"uri\":null,\"regex\":null,\"description\":null,\"methodType\":\"POST\",\"roles\":null,\"queryRoleId\":null}]', 19, 1, '分页查询系统资源数据', NULL, NULL, '2024-01-26 21:14:51', 1, '2024-01-26 21:14:51', 1, 0);
INSERT INTO `sys_operation_log` VALUES (3945, 1, '2024-01-26 21:14:53', '127.0.0.1', '/api/resources/page/1', 'GET', 'class com.zero.auth.controller.ResourcesController.page', '[1,10,{\"id\":null,\"uri\":null,\"regex\":null,\"description\":null,\"methodType\":\"GET\",\"roles\":null,\"queryRoleId\":null}]', 19, 1, '分页查询系统资源数据', NULL, NULL, '2024-01-26 21:14:53', 1, '2024-01-26 21:14:53', 1, 0);
INSERT INTO `sys_operation_log` VALUES (3946, 1, '2024-01-26 21:14:55', '127.0.0.1', '/api/resources/page/1', 'GET', 'class com.zero.auth.controller.ResourcesController.page', '[1,10,{\"id\":null,\"uri\":null,\"regex\":null,\"description\":null,\"methodType\":\"PUT\",\"roles\":null,\"queryRoleId\":null}]', 23, 1, '分页查询系统资源数据', NULL, NULL, '2024-01-26 21:14:55', 1, '2024-01-26 21:14:55', 1, 0);
INSERT INTO `sys_operation_log` VALUES (3947, 1, '2024-01-26 21:14:58', '127.0.0.1', '/api/menu/tree', 'GET', 'class com.zero.sys.controller.MenuController.tree', '[]', 65, 1, '查询系统菜单表并构建树状结构', NULL, NULL, '2024-01-26 21:14:58', 1, '2024-01-26 21:14:58', 1, 0);
INSERT INTO `sys_operation_log` VALUES (3948, 1, '2024-01-26 21:15:01', '127.0.0.1', '/api/organ/tree', 'GET', 'class com.zero.sys.controller.OrganController.tree', '[]', 29, 1, '查询系统组织机构表数据并构建树状结构', NULL, NULL, '2024-01-26 21:15:00', 1, '2024-01-26 21:15:00', 1, 0);
INSERT INTO `sys_operation_log` VALUES (3949, 1, '2024-01-26 21:15:02', '127.0.0.1', '/api/login/log/page/1', 'GET', 'class com.zero.auth.controller.LoginLogController.page', '[1,10,{\"id\":null,\"userId\":null,\"ip\":null,\"country\":null,\"region\":null,\"city\":null,\"isp\":null,\"loginTime\":null,\"tokenId\":null,\"mobile\":null,\"browserName\":null,\"browserVersion\":null,\"osName\":null,\"logoutTime\":null,\"logout\":null,\"user\":null,\"queryUsername\":null,\"queryStartDate\":null,\"queryEndDate\":null,\"queryOnline\":null,\"queryAddress\":null}]', 50, 1, '分页查询系统账号登录日志表数据', NULL, NULL, '2024-01-26 21:15:01', 1, '2024-01-26 21:15:01', 1, 0);
INSERT INTO `sys_operation_log` VALUES (3950, 1, '2024-01-26 21:15:04', '127.0.0.1', '/api/operation/log/page/1', 'GET', 'class com.zero.sys.controller.OperationLogController.page', '[1,10,{\"id\":null,\"operationUserId\":null,\"accessTime\":null,\"ip\":null,\"uri\":null,\"methodType\":null,\"method\":null,\"requestArgs\":null,\"executionTime\":null,\"result\":null,\"description\":null,\"exceptionName\":null,\"exceptionMessage\":null,\"user\":null,\"queryUsername\":null,\"queryStartDate\":null,\"queryEndDate\":null}]', 32, 1, '分页查询系统操作日志表数据', NULL, NULL, '2024-01-26 21:15:03', 1, '2024-01-26 21:15:03', 1, 0);
INSERT INTO `sys_operation_log` VALUES (3951, 22, '2024-01-26 22:09:54', '127.0.0.1', '/api/menu/routes', 'GET', 'class com.zero.sys.controller.MenuController.routes', '[]', 41, 1, '[动态路由]获取所有启用的系统菜单', NULL, NULL, '2024-01-26 22:09:53', 22, '2024-01-26 22:09:53', 22, 0);
INSERT INTO `sys_operation_log` VALUES (3952, 22, '2024-01-26 22:09:54', '127.0.0.1', '/api/menu/routes', 'GET', 'class com.zero.sys.controller.MenuController.routes', '[]', 33, 1, '[动态路由]获取所有启用的系统菜单', NULL, NULL, '2024-01-26 22:09:53', 22, '2024-01-26 22:09:53', 22, 0);
INSERT INTO `sys_operation_log` VALUES (3953, 22, '2024-01-26 22:09:54', '127.0.0.1', '/api/config/const/keys', 'POST', 'class com.zero.sys.controller.ConfigConstController.keys', '[[\"RECORD_NUMBER\",\"SHOW_SETTINGS\",\"THEME_COLOR\",\"TAGS_VIEW\",\"FIXED_HEADER\",\"SIDEBAR_LOGO\"]]', 42, 1, '批量查询常量键值配置数据', NULL, NULL, '2024-01-26 22:09:54', 22, '2024-01-26 22:09:54', 22, 0);
INSERT INTO `sys_operation_log` VALUES (3954, 22, '2024-01-26 22:09:54', '127.0.0.1', '/api/login/log/recover/page/1', 'GET', 'class com.zero.auth.controller.LoginLogController.recoverPage', '[1,10,{\"id\":null,\"userId\":null,\"ip\":null,\"country\":null,\"region\":null,\"city\":null,\"isp\":null,\"loginTime\":null,\"tokenId\":null,\"mobile\":null,\"browserName\":null,\"browserVersion\":null,\"osName\":null,\"logoutTime\":null,\"logout\":null,\"user\":null,\"queryUsername\":null,\"queryStartDate\":null,\"queryEndDate\":null,\"queryOnline\":null,\"queryAddress\":null}]', 95, 1, '分页查询逻辑删除的系统账号登录日志表数据', NULL, NULL, '2024-01-26 22:09:54', 22, '2024-01-26 22:09:54', 22, 0);
INSERT INTO `sys_operation_log` VALUES (3955, 22, '2024-01-26 22:10:57', '127.0.0.1', '/api/login/log/page/1', 'GET', 'class com.zero.auth.controller.LoginLogController.page', '[1,10,{\"id\":null,\"userId\":null,\"ip\":null,\"country\":null,\"region\":null,\"city\":null,\"isp\":null,\"loginTime\":null,\"tokenId\":null,\"mobile\":null,\"browserName\":null,\"browserVersion\":null,\"osName\":null,\"logoutTime\":null,\"logout\":null,\"user\":null,\"queryUsername\":null,\"queryStartDate\":null,\"queryEndDate\":null,\"queryOnline\":null,\"queryAddress\":null}]', 38, 1, '分页查询系统账号登录日志表数据', NULL, NULL, '2024-01-26 22:10:57', 22, '2024-01-26 22:10:57', 22, 0);
INSERT INTO `sys_operation_log` VALUES (3956, 22, '2024-01-26 22:11:20', '127.0.0.1', '/api/menu/routes', 'GET', 'class com.zero.sys.controller.MenuController.routes', '[]', 35, 1, '[动态路由]获取所有启用的系统菜单', NULL, NULL, '2024-01-26 22:11:20', 22, '2024-01-26 22:11:20', 22, 0);
INSERT INTO `sys_operation_log` VALUES (3957, 22, '2024-01-26 22:11:20', '127.0.0.1', '/api/menu/routes', 'GET', 'class com.zero.sys.controller.MenuController.routes', '[]', 28, 1, '[动态路由]获取所有启用的系统菜单', NULL, NULL, '2024-01-26 22:11:20', 22, '2024-01-26 22:11:20', 22, 0);
INSERT INTO `sys_operation_log` VALUES (3958, 22, '2024-01-26 22:11:20', '127.0.0.1', '/api/config/const/keys', 'POST', 'class com.zero.sys.controller.ConfigConstController.keys', '[[\"RECORD_NUMBER\",\"SHOW_SETTINGS\",\"THEME_COLOR\",\"TAGS_VIEW\",\"FIXED_HEADER\",\"SIDEBAR_LOGO\"]]', 34, 1, '批量查询常量键值配置数据', NULL, NULL, '2024-01-26 22:11:20', 22, '2024-01-26 22:11:20', 22, 0);
INSERT INTO `sys_operation_log` VALUES (3959, 22, '2024-01-26 22:11:20', '127.0.0.1', '/api/login/log/page/1', 'GET', 'class com.zero.auth.controller.LoginLogController.page', '[1,10,{\"id\":null,\"userId\":null,\"ip\":null,\"country\":null,\"region\":null,\"city\":null,\"isp\":null,\"loginTime\":null,\"tokenId\":null,\"mobile\":null,\"browserName\":null,\"browserVersion\":null,\"osName\":null,\"logoutTime\":null,\"logout\":null,\"user\":null,\"queryUsername\":null,\"queryStartDate\":null,\"queryEndDate\":null,\"queryOnline\":null,\"queryAddress\":null}]', 49, 1, '分页查询系统账号登录日志表数据', NULL, NULL, '2024-01-26 22:11:20', 22, '2024-01-26 22:11:20', 22, 0);
INSERT INTO `sys_operation_log` VALUES (3960, 22, '2024-01-26 22:12:05', '127.0.0.1', '/api/menu/routes', 'GET', 'class com.zero.sys.controller.MenuController.routes', '[]', 41, 1, '[动态路由]获取所有启用的系统菜单', NULL, NULL, '2024-01-26 22:12:05', 22, '2024-01-26 22:12:05', 22, 0);
INSERT INTO `sys_operation_log` VALUES (3961, 22, '2024-01-26 22:12:05', '127.0.0.1', '/api/menu/routes', 'GET', 'class com.zero.sys.controller.MenuController.routes', '[]', 36, 1, '[动态路由]获取所有启用的系统菜单', NULL, NULL, '2024-01-26 22:12:05', 22, '2024-01-26 22:12:05', 22, 0);
INSERT INTO `sys_operation_log` VALUES (3962, 22, '2024-01-26 22:12:06', '127.0.0.1', '/api/config/const/keys', 'POST', 'class com.zero.sys.controller.ConfigConstController.keys', '[[\"RECORD_NUMBER\",\"SHOW_SETTINGS\",\"THEME_COLOR\",\"TAGS_VIEW\",\"FIXED_HEADER\",\"SIDEBAR_LOGO\"]]', 34, 1, '批量查询常量键值配置数据', NULL, NULL, '2024-01-26 22:12:05', 22, '2024-01-26 22:12:05', 22, 0);
INSERT INTO `sys_operation_log` VALUES (3963, 22, '2024-01-26 22:12:06', '127.0.0.1', '/api/login/log/page/1', 'GET', 'class com.zero.auth.controller.LoginLogController.page', '[1,10,{\"id\":null,\"userId\":null,\"ip\":null,\"country\":null,\"region\":null,\"city\":null,\"isp\":null,\"loginTime\":null,\"tokenId\":null,\"mobile\":null,\"browserName\":null,\"browserVersion\":null,\"osName\":null,\"logoutTime\":null,\"logout\":null,\"user\":null,\"queryUsername\":null,\"queryStartDate\":null,\"queryEndDate\":null,\"queryOnline\":null,\"queryAddress\":null}]', 81, 1, '分页查询系统账号登录日志表数据', NULL, NULL, '2024-01-26 22:12:05', 22, '2024-01-26 22:12:05', 22, 0);
INSERT INTO `sys_operation_log` VALUES (3964, 22, '2024-01-26 22:14:25', '127.0.0.1', '/api/table/info/page/1', 'GET', 'class com.zero.code.generate.controller.TableInfoController.page', '[1,10,{\"id\":null,\"name\":null,\"comment\":null,\"entityName\":null,\"requestMapping\":null,\"javaPackageName\":null,\"javaCodePath\":null,\"vueCodePath\":null,\"vuePackage\":null,\"tree\":null,\"cover\":null,\"codeAuthor\":null,\"tableColumnList\":null}]', 33, 1, '分页查询系统数据库表信息数据', NULL, NULL, '2024-01-26 22:14:25', 22, '2024-01-26 22:14:25', 22, 0);
INSERT INTO `sys_operation_log` VALUES (3965, 22, '2024-01-26 22:14:28', '127.0.0.1', '/api/login/log/recover/page/1', 'GET', 'class com.zero.auth.controller.LoginLogController.recoverPage', '[1,10,{\"id\":null,\"userId\":null,\"ip\":null,\"country\":null,\"region\":null,\"city\":null,\"isp\":null,\"loginTime\":null,\"tokenId\":null,\"mobile\":null,\"browserName\":null,\"browserVersion\":null,\"osName\":null,\"logoutTime\":null,\"logout\":null,\"user\":null,\"queryUsername\":null,\"queryStartDate\":null,\"queryEndDate\":null,\"queryOnline\":null,\"queryAddress\":null}]', 29, 1, '分页查询逻辑删除的系统账号登录日志表数据', NULL, NULL, '2024-01-26 22:14:28', 22, '2024-01-26 22:14:28', 22, 0);
INSERT INTO `sys_operation_log` VALUES (3966, 22, '2024-01-26 22:15:12', '127.0.0.1', '/api/login/log/recover/page/1', 'GET', 'class com.zero.auth.controller.LoginLogController.recoverPage', '[1,10,{\"id\":null,\"userId\":null,\"ip\":null,\"country\":null,\"region\":null,\"city\":null,\"isp\":null,\"loginTime\":null,\"tokenId\":null,\"mobile\":null,\"browserName\":null,\"browserVersion\":null,\"osName\":null,\"logoutTime\":null,\"logout\":null,\"user\":null,\"queryUsername\":null,\"queryStartDate\":null,\"queryEndDate\":null,\"queryOnline\":null,\"queryAddress\":null}]', 28, 1, '分页查询逻辑删除的系统账号登录日志表数据', NULL, NULL, '2024-01-26 22:15:11', 22, '2024-01-26 22:15:11', 22, 0);
INSERT INTO `sys_operation_log` VALUES (3967, 22, '2024-01-26 22:15:18', '127.0.0.1', '/api/login/log/recover/page/1', 'GET', 'class com.zero.auth.controller.LoginLogController.recoverPage', '[1,10,{\"id\":null,\"userId\":null,\"ip\":null,\"country\":null,\"region\":null,\"city\":null,\"isp\":null,\"loginTime\":null,\"tokenId\":null,\"mobile\":null,\"browserName\":null,\"browserVersion\":null,\"osName\":null,\"logoutTime\":null,\"logout\":null,\"user\":null,\"queryUsername\":null,\"queryStartDate\":null,\"queryEndDate\":null,\"queryOnline\":null,\"queryAddress\":null}]', 55, 1, '分页查询逻辑删除的系统账号登录日志表数据', NULL, NULL, '2024-01-26 22:15:17', 22, '2024-01-26 22:15:17', 22, 0);
INSERT INTO `sys_operation_log` VALUES (3968, 22, '2024-01-26 22:15:37', '127.0.0.1', '/api/login/log/recover/page/1', 'GET', 'class com.zero.auth.controller.LoginLogController.recoverPage', '[1,10,{\"id\":null,\"userId\":null,\"ip\":null,\"country\":null,\"region\":null,\"city\":null,\"isp\":null,\"loginTime\":null,\"tokenId\":null,\"mobile\":null,\"browserName\":null,\"browserVersion\":null,\"osName\":null,\"logoutTime\":null,\"logout\":null,\"user\":null,\"queryUsername\":null,\"queryStartDate\":null,\"queryEndDate\":null,\"queryOnline\":null,\"queryAddress\":null}]', 49, 1, '分页查询逻辑删除的系统账号登录日志表数据', NULL, NULL, '2024-01-26 22:15:37', 22, '2024-01-26 22:15:37', 22, 0);
INSERT INTO `sys_operation_log` VALUES (3969, 22, '2024-01-26 22:16:05', '127.0.0.1', '/api/login/log/recover/page/1', 'GET', 'class com.zero.auth.controller.LoginLogController.recoverPage', '[1,10,{\"id\":null,\"userId\":null,\"ip\":null,\"country\":null,\"region\":null,\"city\":null,\"isp\":null,\"loginTime\":null,\"tokenId\":null,\"mobile\":null,\"browserName\":null,\"browserVersion\":null,\"osName\":null,\"logoutTime\":null,\"logout\":null,\"user\":null,\"queryUsername\":null,\"queryStartDate\":null,\"queryEndDate\":null,\"queryOnline\":null,\"queryAddress\":null}]', 21, 1, '分页查询逻辑删除的系统账号登录日志表数据', NULL, NULL, '2024-01-26 22:16:04', 22, '2024-01-26 22:16:04', 22, 0);
INSERT INTO `sys_operation_log` VALUES (3970, 22, '2024-01-26 22:16:38', '127.0.0.1', '/api/operation/log/recover/page/1', 'GET', 'class com.zero.sys.controller.OperationLogController.recoverPage', '[1,10,{\"id\":null,\"operationUserId\":null,\"accessTime\":null,\"ip\":null,\"uri\":null,\"methodType\":null,\"method\":null,\"requestArgs\":null,\"executionTime\":null,\"result\":null,\"description\":null,\"exceptionName\":null,\"exceptionMessage\":null,\"user\":null,\"queryUsername\":null,\"queryStartDate\":null,\"queryEndDate\":null}]', 22, 1, '分页查询逻辑删除的系统操作日志表数据', NULL, NULL, '2024-01-26 22:16:37', 22, '2024-01-26 22:16:37', 22, 0);
INSERT INTO `sys_operation_log` VALUES (3971, 22, '2024-01-26 22:16:55', '127.0.0.1', '/api/user/recover/page/1', 'GET', 'class com.zero.auth.controller.UserController.recoverPage', '[1,10,{\"id\":null,\"username\":null,\"password\":null,\"enabled\":null,\"locked\":null,\"accountExpire\":null,\"passwordExpire\":null,\"type\":null,\"roles\":null,\"userInfo\":null,\"onlineLoginLogs\":null,\"queryRoleId\":null}]', 14, 1, '分页查询逻辑删除的用户数据', NULL, NULL, '2024-01-26 22:16:55', 22, '2024-01-26 22:16:55', 22, 0);
INSERT INTO `sys_operation_log` VALUES (3972, 22, '2024-01-26 22:18:35', '127.0.0.1', '/api/role/recover/page/1', 'GET', 'class com.zero.auth.controller.RoleController.recoverPage', '[1,10,{\"id\":null,\"name\":null,\"description\":null,\"acquiescence\":null}]', 30, 1, '分页查询逻辑删除的系统角色表数据', NULL, NULL, '2024-01-26 22:18:34', 22, '2024-01-26 22:18:34', 22, 0);
INSERT INTO `sys_operation_log` VALUES (3973, 22, '2024-01-26 22:18:44', '127.0.0.1', '/api/file/manage/recover/page/1', 'GET', 'class com.zero.upload.controller.FileManageController.recoverPage', '[1,10,{\"id\":null,\"name\":null,\"type\":null,\"uri\":null,\"uploadTime\":null,\"uploadUserId\":null,\"parentId\":null,\"bakFiles\":null,\"user\":null,\"queryUsername\":null,\"queryStartDate\":null,\"queryEndDate\":null}]', 67, 1, '分页查询逻辑删除的文件资源管理表数据', NULL, NULL, '2024-01-26 22:18:44', 22, '2024-01-26 22:18:44', 22, 0);
INSERT INTO `sys_operation_log` VALUES (3974, 1, '2024-01-26 22:18:50', '127.0.0.1', '/api/menu/routes', 'GET', 'class com.zero.sys.controller.MenuController.routes', '[]', 39, 1, '[动态路由]获取所有启用的系统菜单', NULL, NULL, '2024-01-26 22:18:49', 1, '2024-01-26 22:18:49', 1, 0);
INSERT INTO `sys_operation_log` VALUES (3975, 1, '2024-01-26 22:18:50', '127.0.0.1', '/api/index/panel/group', 'GET', 'class com.zero.sys.controller.IndexController.panelGroup', '[]', 5, 1, '获取系统首页的展示数据', NULL, NULL, '2024-01-26 22:18:50', 1, '2024-01-26 22:18:50', 1, 0);
INSERT INTO `sys_operation_log` VALUES (3976, 1, '2024-01-26 22:18:50', '127.0.0.1', '/api/index/login/map', 'GET', 'class com.zero.sys.controller.IndexController.loginMap', '[]', 6, 1, '获取系统首页的用户登录地图数据', NULL, NULL, '2024-01-26 22:18:50', 1, '2024-01-26 22:18:50', 1, 0);
INSERT INTO `sys_operation_log` VALUES (3977, 1, '2024-01-26 22:18:50', '127.0.0.1', '/api/config/const/keys', 'POST', 'class com.zero.sys.controller.ConfigConstController.keys', '[[\"RECORD_NUMBER\",\"SHOW_SETTINGS\",\"THEME_COLOR\",\"TAGS_VIEW\",\"FIXED_HEADER\",\"SIDEBAR_LOGO\"]]', 29, 1, '批量查询常量键值配置数据', NULL, NULL, '2024-01-26 22:18:50', 1, '2024-01-26 22:18:50', 1, 0);
INSERT INTO `sys_operation_log` VALUES (3978, 1, '2024-01-26 22:18:53', '127.0.0.1', '/api/table/info/page/1', 'GET', 'class com.zero.code.generate.controller.TableInfoController.page', '[1,10,{\"id\":null,\"name\":null,\"comment\":null,\"entityName\":null,\"requestMapping\":null,\"javaPackageName\":null,\"javaCodePath\":null,\"vueCodePath\":null,\"vuePackage\":null,\"tree\":null,\"cover\":null,\"codeAuthor\":null,\"tableColumnList\":null}]', 33, 1, '分页查询系统数据库表信息数据', NULL, NULL, '2024-01-26 22:18:52', 1, '2024-01-26 22:18:52', 1, 0);
INSERT INTO `sys_operation_log` VALUES (3979, 1, '2024-01-26 22:18:55', '127.0.0.1', '/api/user/recover/page/1', 'GET', 'class com.zero.auth.controller.UserController.recoverPage', '[1,10,{\"id\":null,\"username\":null,\"password\":null,\"enabled\":null,\"locked\":null,\"accountExpire\":null,\"passwordExpire\":null,\"type\":null,\"roles\":null,\"userInfo\":null,\"onlineLoginLogs\":null,\"queryRoleId\":null}]', 16, 1, '分页查询逻辑删除的用户数据', NULL, NULL, '2024-01-26 22:18:54', 1, '2024-01-26 22:18:54', 1, 0);
INSERT INTO `sys_operation_log` VALUES (3980, 1, '2024-01-26 22:18:56', '127.0.0.1', '/api/role/recover/page/1', 'GET', 'class com.zero.auth.controller.RoleController.recoverPage', '[1,10,{\"id\":null,\"name\":null,\"description\":null,\"acquiescence\":null}]', 8, 1, '分页查询逻辑删除的系统角色表数据', NULL, NULL, '2024-01-26 22:18:55', 1, '2024-01-26 22:18:55', 1, 0);
INSERT INTO `sys_operation_log` VALUES (3981, 1, '2024-01-26 22:18:57', '127.0.0.1', '/api/resources/recover/page/1', 'GET', 'class com.zero.auth.controller.ResourcesController.recoverPage', '[1,10,{\"id\":null,\"uri\":null,\"regex\":null,\"description\":null,\"methodType\":null,\"roles\":null,\"queryRoleId\":null}]', 11, 1, '分页查询逻辑删除的系统资源表数据', NULL, NULL, '2024-01-26 22:18:56', 1, '2024-01-26 22:18:56', 1, 0);
INSERT INTO `sys_operation_log` VALUES (3982, 1, '2024-01-26 22:19:08', '127.0.0.1', '/api/organ/recover/page/1', 'GET', 'class com.zero.sys.controller.OrganController.recoverPage', '[1,10,{\"id\":null,\"parentId\":null,\"sort\":null,\"children\":null,\"name\":null}]', 28, 1, '分页查询逻辑删除的系统组织机构表数据', NULL, NULL, '2024-01-26 22:19:07', 1, '2024-01-26 22:19:07', 1, 0);
INSERT INTO `sys_operation_log` VALUES (3983, 1, '2024-01-26 22:19:19', '127.0.0.1', '/api/menu/recover/page/1', 'GET', 'class com.zero.sys.controller.MenuController.recoverPage', '[1,10,{\"id\":null,\"parentId\":null,\"sort\":null,\"children\":null,\"path\":null,\"name\":null,\"metaTitle\":null,\"metaIcon\":null,\"hidden\":null,\"enabled\":null,\"roles\":null,\"queryRoleId\":null}]', 18, 1, '分页查询逻辑删除的系统菜单表数据', NULL, NULL, '2024-01-26 22:19:19', 1, '2024-01-26 22:19:19', 1, 0);
INSERT INTO `sys_operation_log` VALUES (3984, 1, '2024-01-26 22:19:25', '127.0.0.1', '/api/file/manage/recover/page/1', 'GET', 'class com.zero.upload.controller.FileManageController.recoverPage', '[1,10,{\"id\":null,\"name\":null,\"type\":null,\"uri\":null,\"uploadTime\":null,\"uploadUserId\":null,\"parentId\":null,\"bakFiles\":null,\"user\":null,\"queryUsername\":null,\"queryStartDate\":null,\"queryEndDate\":null}]', 49, 1, '分页查询逻辑删除的文件资源管理表数据', NULL, NULL, '2024-01-26 22:19:25', 1, '2024-01-26 22:19:25', 1, 0);
INSERT INTO `sys_operation_log` VALUES (3985, 1, '2024-01-26 22:19:41', '127.0.0.1', '/api/menu/tree', 'GET', 'class com.zero.sys.controller.MenuController.tree', '[]', 60, 1, '查询系统菜单表并构建树状结构', NULL, NULL, '2024-01-26 22:19:41', 1, '2024-01-26 22:19:41', 1, 0);
INSERT INTO `sys_operation_log` VALUES (3986, 1, '2024-01-26 22:20:20', '127.0.0.1', '/api/menu', 'POST', 'class com.zero.sys.controller.MenuController.save', '[{\"id\":null,\"parentId\":0,\"sort\":1,\"children\":null,\"path\":\"recover\",\"name\":\"Recover\",\"metaTitle\":\"回收站数据\",\"metaIcon\":\"el-icon-goods\",\"hidden\":false,\"enabled\":true,\"roles\":null,\"queryRoleId\":null}]', 15, 1, '[通用方法]插入一条对应实体类的数据库记录', NULL, NULL, '2024-01-26 22:20:19', 1, '2024-01-26 22:20:19', 1, 0);
INSERT INTO `sys_operation_log` VALUES (3987, 1, '2024-01-26 22:20:20', '127.0.0.1', '/api/menu/tree', 'GET', 'class com.zero.sys.controller.MenuController.tree', '[]', 76, 1, '查询系统菜单表并构建树状结构', NULL, NULL, '2024-01-26 22:20:20', 1, '2024-01-26 22:20:20', 1, 0);
INSERT INTO `sys_operation_log` VALUES (3988, 1, '2024-01-26 22:20:25', '127.0.0.1', '/api/menu/role/37', 'GET', 'class com.zero.sys.controller.MenuController.getMenuNotRoleList', '[37]', 6, 1, '获取该菜单未拥有的角色', NULL, NULL, '2024-01-26 22:20:25', 1, '2024-01-26 22:20:25', 1, 0);
INSERT INTO `sys_operation_log` VALUES (3989, 1, '2024-01-26 22:20:26', '127.0.0.1', '/api/menu/role/37', 'POST', 'class com.zero.sys.controller.MenuController.addUserRole', '[37,1]', 13, 1, '添加菜单角色', NULL, NULL, '2024-01-26 22:20:25', 1, '2024-01-26 22:20:25', 1, 0);
INSERT INTO `sys_operation_log` VALUES (3990, 1, '2024-01-26 22:20:26', '127.0.0.1', '/api/menu/tree', 'GET', 'class com.zero.sys.controller.MenuController.tree', '[]', 48, 1, '查询系统菜单表并构建树状结构', NULL, NULL, '2024-01-26 22:20:25', 1, '2024-01-26 22:20:25', 1, 0);
INSERT INTO `sys_operation_log` VALUES (3991, 1, '2024-01-26 22:20:27', '127.0.0.1', '/api/menu/role/37', 'DELETE', 'class com.zero.sys.controller.MenuController.deleteMenuRole', '[37,1]', 8, 1, '删除菜单角色', NULL, NULL, '2024-01-26 22:20:26', 1, '2024-01-26 22:20:26', 1, 0);
INSERT INTO `sys_operation_log` VALUES (3992, 1, '2024-01-26 22:20:27', '127.0.0.1', '/api/menu/tree', 'GET', 'class com.zero.sys.controller.MenuController.tree', '[]', 55, 1, '查询系统菜单表并构建树状结构', NULL, NULL, '2024-01-26 22:20:26', 1, '2024-01-26 22:20:26', 1, 0);
INSERT INTO `sys_operation_log` VALUES (3993, 1, '2024-01-26 22:20:31', '127.0.0.1', '/api/menu/37', 'DELETE', 'class com.zero.sys.controller.MenuController.deleteById', '[37]', 15, 1, '[通用方法]通过主键删除一条对应实体类的数据库记录', NULL, NULL, '2024-01-26 22:20:30', 1, '2024-01-26 22:20:30', 1, 0);
INSERT INTO `sys_operation_log` VALUES (3994, 1, '2024-01-26 22:20:31', '127.0.0.1', '/api/menu/tree', 'GET', 'class com.zero.sys.controller.MenuController.tree', '[]', 55, 1, '查询系统菜单表并构建树状结构', NULL, NULL, '2024-01-26 22:20:31', 1, '2024-01-26 22:20:31', 1, 0);
INSERT INTO `sys_operation_log` VALUES (3995, 1, '2024-01-26 22:20:35', '127.0.0.1', '/api/resources/recover/page/1', 'GET', 'class com.zero.auth.controller.ResourcesController.recoverPage', '[1,10,{\"id\":null,\"uri\":null,\"regex\":null,\"description\":null,\"methodType\":null,\"roles\":null,\"queryRoleId\":null}]', 11, 1, '分页查询逻辑删除的系统资源表数据', NULL, NULL, '2024-01-26 22:20:35', 1, '2024-01-26 22:20:35', 1, 0);
INSERT INTO `sys_operation_log` VALUES (3996, 1, '2024-01-26 22:20:37', '127.0.0.1', '/api/menu/recover/page/1', 'GET', 'class com.zero.sys.controller.MenuController.recoverPage', '[1,10,{\"id\":null,\"parentId\":null,\"sort\":null,\"children\":null,\"path\":null,\"name\":null,\"metaTitle\":null,\"metaIcon\":null,\"hidden\":null,\"enabled\":null,\"roles\":null,\"queryRoleId\":null}]', 12, 1, '分页查询逻辑删除的系统菜单表数据', NULL, NULL, '2024-01-26 22:20:36', 1, '2024-01-26 22:20:36', 1, 0);
INSERT INTO `sys_operation_log` VALUES (3997, 1, '2024-01-26 22:20:44', '127.0.0.1', '/api/organ/recover/page/1', 'GET', 'class com.zero.sys.controller.OrganController.recoverPage', '[1,10,{\"id\":null,\"parentId\":null,\"sort\":null,\"children\":null,\"name\":null}]', 18, 1, '分页查询逻辑删除的系统组织机构表数据', NULL, NULL, '2024-01-26 22:20:43', 1, '2024-01-26 22:20:43', 1, 0);
INSERT INTO `sys_operation_log` VALUES (3998, 1, '2024-01-26 22:20:46', '127.0.0.1', '/api/menu/recover/page/1', 'GET', 'class com.zero.sys.controller.MenuController.recoverPage', '[1,10,{\"id\":null,\"parentId\":null,\"sort\":null,\"children\":null,\"path\":null,\"name\":null,\"metaTitle\":null,\"metaIcon\":null,\"hidden\":null,\"enabled\":null,\"roles\":null,\"queryRoleId\":null}]', 13, 1, '分页查询逻辑删除的系统菜单表数据', NULL, NULL, '2024-01-26 22:20:46', 1, '2024-01-26 22:20:46', 1, 0);
INSERT INTO `sys_operation_log` VALUES (3999, 1, '2024-01-26 22:20:50', '127.0.0.1', '/api/organ/recover/page/1', 'GET', 'class com.zero.sys.controller.OrganController.recoverPage', '[1,10,{\"id\":null,\"parentId\":null,\"sort\":null,\"children\":null,\"name\":null}]', 16, 1, '分页查询逻辑删除的系统组织机构表数据', NULL, NULL, '2024-01-26 22:20:50', 1, '2024-01-26 22:20:50', 1, 0);
INSERT INTO `sys_operation_log` VALUES (4000, 1, '2024-01-26 22:20:52', '127.0.0.1', '/api/resources/recover/page/1', 'GET', 'class com.zero.auth.controller.ResourcesController.recoverPage', '[1,10,{\"id\":null,\"uri\":null,\"regex\":null,\"description\":null,\"methodType\":null,\"roles\":null,\"queryRoleId\":null}]', 17, 1, '分页查询逻辑删除的系统资源表数据', NULL, NULL, '2024-01-26 22:20:51', 1, '2024-01-26 22:20:51', 1, 0);
INSERT INTO `sys_operation_log` VALUES (4001, 1, '2024-01-26 22:20:53', '127.0.0.1', '/api/role/recover/page/1', 'GET', 'class com.zero.auth.controller.RoleController.recoverPage', '[1,10,{\"id\":null,\"name\":null,\"description\":null,\"acquiescence\":null}]', 11, 1, '分页查询逻辑删除的系统角色表数据', NULL, NULL, '2024-01-26 22:20:53', 1, '2024-01-26 22:20:53', 1, 0);
INSERT INTO `sys_operation_log` VALUES (4002, 1, '2024-01-26 22:20:56', '127.0.0.1', '/api/role/page/1', 'GET', 'class com.zero.auth.controller.RoleController.page', '[1,10,{\"id\":null,\"name\":null,\"description\":null,\"acquiescence\":null}]', 15, 1, '分页查询角色数据', NULL, NULL, '2024-01-26 22:20:56', 1, '2024-01-26 22:20:56', 1, 0);
INSERT INTO `sys_operation_log` VALUES (4003, 1, '2024-01-26 22:20:57', '127.0.0.1', '/api/role/page/1', 'GET', 'class com.zero.auth.controller.RoleController.page', '[1,10,{\"id\":null,\"name\":null,\"description\":null,\"acquiescence\":null}]', 14, 1, '分页查询角色数据', NULL, NULL, '2024-01-26 22:20:57', 1, '2024-01-26 22:20:57', 1, 0);
INSERT INTO `sys_operation_log` VALUES (4004, 1, '2024-01-26 22:21:00', '127.0.0.1', '/api/role/check/name', 'GET', 'class com.zero.auth.controller.RoleController.checkName', '[\"s\"]', 5, 1, '检测角色名称是否已存在', NULL, NULL, '2024-01-26 22:21:00', 1, '2024-01-26 22:21:00', 1, 0);
INSERT INTO `sys_operation_log` VALUES (4005, 1, '2024-01-26 22:21:01', '127.0.0.1', '/api/role/check/name', 'GET', 'class com.zero.auth.controller.RoleController.checkName', '[\"h\"]', 4, 1, '检测角色名称是否已存在', NULL, NULL, '2024-01-26 22:21:01', 1, '2024-01-26 22:21:01', 1, 0);
INSERT INTO `sys_operation_log` VALUES (4006, 1, '2024-01-26 22:21:01', '127.0.0.1', '/api/role/check/name', 'GET', 'class com.zero.auth.controller.RoleController.checkName', '[\"hu\"]', 5, 1, '检测角色名称是否已存在', NULL, NULL, '2024-01-26 22:21:01', 1, '2024-01-26 22:21:01', 1, 0);
INSERT INTO `sys_operation_log` VALUES (4007, 1, '2024-01-26 22:21:01', '127.0.0.1', '/api/role/check/name', 'GET', 'class com.zero.auth.controller.RoleController.checkName', '[\"hui\"]', 5, 1, '检测角色名称是否已存在', NULL, NULL, '2024-01-26 22:21:01', 1, '2024-01-26 22:21:01', 1, 0);
INSERT INTO `sys_operation_log` VALUES (4008, 1, '2024-01-26 22:21:02', '127.0.0.1', '/api/role/check/name', 'GET', 'class com.zero.auth.controller.RoleController.checkName', '[\"huis\"]', 7, 1, '检测角色名称是否已存在', NULL, NULL, '2024-01-26 22:21:01', 1, '2024-01-26 22:21:01', 1, 0);
INSERT INTO `sys_operation_log` VALUES (4009, 1, '2024-01-26 22:21:02', '127.0.0.1', '/api/role/check/name', 'GET', 'class com.zero.auth.controller.RoleController.checkName', '[\"hui\"]', 5, 1, '检测角色名称是否已存在', NULL, NULL, '2024-01-26 22:21:01', 1, '2024-01-26 22:21:01', 1, 0);
INSERT INTO `sys_operation_log` VALUES (4010, 1, '2024-01-26 22:21:02', '127.0.0.1', '/api/role/check/name', 'GET', 'class com.zero.auth.controller.RoleController.checkName', '[\"hu\"]', 6, 1, '检测角色名称是否已存在', NULL, NULL, '2024-01-26 22:21:01', 1, '2024-01-26 22:21:01', 1, 0);
INSERT INTO `sys_operation_log` VALUES (4011, 1, '2024-01-26 22:21:02', '127.0.0.1', '/api/role/check/name', 'GET', 'class com.zero.auth.controller.RoleController.checkName', '[\"h\"]', 4, 1, '检测角色名称是否已存在', NULL, NULL, '2024-01-26 22:21:02', 1, '2024-01-26 22:21:02', 1, 0);
INSERT INTO `sys_operation_log` VALUES (4012, 1, '2024-01-26 22:21:04', '127.0.0.1', '/api/role/check/name', 'GET', 'class com.zero.auth.controller.RoleController.checkName', '[\"回收站\"]', 3, 1, '检测角色名称是否已存在', NULL, NULL, '2024-01-26 22:21:03', 1, '2024-01-26 22:21:03', 1, 0);
INSERT INTO `sys_operation_log` VALUES (4013, 1, '2024-01-26 22:21:05', '127.0.0.1', '/api/role/check/name', 'GET', 'class com.zero.auth.controller.RoleController.checkName', '[\"回收站角色\"]', 3, 1, '检测角色名称是否已存在', NULL, NULL, '2024-01-26 22:21:04', 1, '2024-01-26 22:21:04', 1, 0);
INSERT INTO `sys_operation_log` VALUES (4014, 1, '2024-01-26 22:21:07', '127.0.0.1', '/api/role/check/name', 'GET', 'class com.zero.auth.controller.RoleController.checkName', '[\"回收站角色\"]', 4, 1, '检测角色名称是否已存在', NULL, NULL, '2024-01-26 22:21:07', 1, '2024-01-26 22:21:07', 1, 0);
INSERT INTO `sys_operation_log` VALUES (4015, 1, '2024-01-26 22:21:07', '127.0.0.1', '/api/role', 'POST', 'class com.zero.auth.controller.RoleController.save', '[{\"id\":null,\"name\":\"回收站角色\",\"description\":\"回收站角色\",\"acquiescence\":null}]', 10, 1, '[通用方法]插入一条对应实体类的数据库记录', NULL, NULL, '2024-01-26 22:21:07', 1, '2024-01-26 22:21:07', 1, 0);
INSERT INTO `sys_operation_log` VALUES (4016, 1, '2024-01-26 22:21:08', '127.0.0.1', '/api/role/page/1', 'GET', 'class com.zero.auth.controller.RoleController.page', '[1,10,{\"id\":null,\"name\":null,\"description\":null,\"acquiescence\":null}]', 14, 1, '分页查询角色数据', NULL, NULL, '2024-01-26 22:21:07', 1, '2024-01-26 22:21:07', 1, 0);
INSERT INTO `sys_operation_log` VALUES (4017, 1, '2024-01-26 22:21:11', '127.0.0.1', '/api/role/4', 'DELETE', 'class com.zero.auth.controller.RoleController.deleteById', '[4]', 11, 1, '[通用方法]通过主键删除一条对应实体类的数据库记录', NULL, NULL, '2024-01-26 22:21:10', 1, '2024-01-26 22:21:10', 1, 0);
INSERT INTO `sys_operation_log` VALUES (4018, 1, '2024-01-26 22:21:11', '127.0.0.1', '/api/role/page/1', 'GET', 'class com.zero.auth.controller.RoleController.page', '[1,10,{\"id\":null,\"name\":null,\"description\":null,\"acquiescence\":null}]', 17, 1, '分页查询角色数据', NULL, NULL, '2024-01-26 22:21:10', 1, '2024-01-26 22:21:10', 1, 0);
INSERT INTO `sys_operation_log` VALUES (4019, 1, '2024-01-26 22:21:14', '127.0.0.1', '/api/role/recover/page/1', 'GET', 'class com.zero.auth.controller.RoleController.recoverPage', '[1,10,{\"id\":null,\"name\":null,\"description\":null,\"acquiescence\":null}]', 9, 1, '分页查询逻辑删除的系统角色表数据', NULL, NULL, '2024-01-26 22:21:13', 1, '2024-01-26 22:21:13', 1, 0);
INSERT INTO `sys_operation_log` VALUES (4020, 1, '2024-01-26 22:21:18', '127.0.0.1', '/api/organ/recover/page/1', 'GET', 'class com.zero.sys.controller.OrganController.recoverPage', '[1,10,{\"id\":null,\"parentId\":null,\"sort\":null,\"children\":null,\"name\":null}]', 12, 1, '分页查询逻辑删除的系统组织机构表数据', NULL, NULL, '2024-01-26 22:21:17', 1, '2024-01-26 22:21:17', 1, 0);
INSERT INTO `sys_operation_log` VALUES (4021, 1, '2024-01-26 22:21:23', '127.0.0.1', '/api/file/manage/recover/page/1', 'GET', 'class com.zero.upload.controller.FileManageController.recoverPage', '[1,10,{\"id\":null,\"name\":null,\"type\":null,\"uri\":null,\"uploadTime\":null,\"uploadUserId\":null,\"parentId\":null,\"bakFiles\":null,\"user\":null,\"queryUsername\":null,\"queryStartDate\":null,\"queryEndDate\":null}]', 20, 1, '分页查询逻辑删除的文件资源管理表数据', NULL, NULL, '2024-01-26 22:21:23', 1, '2024-01-26 22:21:23', 1, 0);
INSERT INTO `sys_operation_log` VALUES (4022, 1, '2024-01-26 22:21:28', '127.0.0.1', '/api/login/log/recover/page/1', 'GET', 'class com.zero.auth.controller.LoginLogController.recoverPage', '[1,10,{\"id\":null,\"userId\":null,\"ip\":null,\"country\":null,\"region\":null,\"city\":null,\"isp\":null,\"loginTime\":null,\"tokenId\":null,\"mobile\":null,\"browserName\":null,\"browserVersion\":null,\"osName\":null,\"logoutTime\":null,\"logout\":null,\"user\":null,\"queryUsername\":null,\"queryStartDate\":null,\"queryEndDate\":null,\"queryOnline\":null,\"queryAddress\":null}]', 23, 1, '分页查询逻辑删除的系统账号登录日志表数据', NULL, NULL, '2024-01-26 22:21:28', 1, '2024-01-26 22:21:28', 1, 0);
INSERT INTO `sys_operation_log` VALUES (4023, 1, '2024-01-26 22:21:30', '127.0.0.1', '/api/operation/log/recover/page/1', 'GET', 'class com.zero.sys.controller.OperationLogController.recoverPage', '[1,10,{\"id\":null,\"operationUserId\":null,\"accessTime\":null,\"ip\":null,\"uri\":null,\"methodType\":null,\"method\":null,\"requestArgs\":null,\"executionTime\":null,\"result\":null,\"description\":null,\"exceptionName\":null,\"exceptionMessage\":null,\"user\":null,\"queryUsername\":null,\"queryStartDate\":null,\"queryEndDate\":null}]', 18, 1, '分页查询逻辑删除的系统操作日志表数据', NULL, NULL, '2024-01-26 22:21:30', 1, '2024-01-26 22:21:30', 1, 0);
INSERT INTO `sys_operation_log` VALUES (4024, 1, '2024-01-26 22:21:41', '127.0.0.1', '/api/table/info/recover/page/1', 'GET', 'class com.zero.code.generate.controller.TableInfoController.recoverPage', '[1,10,{\"id\":null,\"name\":null,\"comment\":null,\"entityName\":null,\"requestMapping\":null,\"javaPackageName\":null,\"javaCodePath\":null,\"vueCodePath\":null,\"vuePackage\":null,\"tree\":null,\"cover\":null,\"codeAuthor\":null,\"tableColumnList\":null}]', 15, 1, '分页查询逻辑删除的系统数据库表信息表数据', NULL, NULL, '2024-01-26 22:21:41', 1, '2024-01-26 22:21:41', 1, 0);
INSERT INTO `sys_operation_log` VALUES (4025, 1, '2024-01-26 22:22:19', '127.0.0.1', '/api/login/log/recover/page/1', 'GET', 'class com.zero.auth.controller.LoginLogController.recoverPage', '[1,10,{\"id\":null,\"userId\":null,\"ip\":null,\"country\":null,\"region\":null,\"city\":null,\"isp\":null,\"loginTime\":null,\"tokenId\":null,\"mobile\":null,\"browserName\":null,\"browserVersion\":null,\"osName\":null,\"logoutTime\":null,\"logout\":null,\"user\":null,\"queryUsername\":null,\"queryStartDate\":null,\"queryEndDate\":null,\"queryOnline\":null,\"queryAddress\":null}]', 93, 1, '分页查询逻辑删除的系统账号登录日志表数据', NULL, NULL, '2024-01-26 22:22:18', 1, '2024-01-26 22:22:18', 1, 0);
INSERT INTO `sys_operation_log` VALUES (4026, 1, '2024-01-26 22:22:33', '127.0.0.1', '/api/login/log/page/1', 'GET', 'class com.zero.auth.controller.LoginLogController.page', '[1,10,{\"id\":null,\"userId\":null,\"ip\":null,\"country\":null,\"region\":null,\"city\":null,\"isp\":null,\"loginTime\":null,\"tokenId\":null,\"mobile\":null,\"browserName\":null,\"browserVersion\":null,\"osName\":null,\"logoutTime\":null,\"logout\":null,\"user\":null,\"queryUsername\":null,\"queryStartDate\":null,\"queryEndDate\":null,\"queryOnline\":null,\"queryAddress\":null}]', 64, 1, '分页查询系统账号登录日志表数据', NULL, NULL, '2024-01-26 22:22:32', 1, '2024-01-26 22:22:32', 1, 0);
INSERT INTO `sys_operation_log` VALUES (4027, 1, '2024-01-26 22:22:43', '127.0.0.1', '/api/login/log/offline/1', 'PUT', 'class com.zero.auth.controller.LoginLogController.offline', '[1,\"df9f21ba-108a-4cb5-8862-74ee57db01b9\"]', 18, 1, '通过tokenId下线用户', NULL, NULL, '2024-01-26 22:22:43', 1, '2024-01-26 22:22:43', 1, 0);
INSERT INTO `sys_operation_log` VALUES (4028, 1, '2024-01-26 22:22:51', '127.0.0.1', '/api/menu/routes', 'GET', 'class com.zero.sys.controller.MenuController.routes', '[]', 47, 1, '[动态路由]获取所有启用的系统菜单', NULL, NULL, '2024-01-26 22:22:50', 1, '2024-01-26 22:22:50', 1, 0);
INSERT INTO `sys_operation_log` VALUES (4029, 1, '2024-01-26 22:22:51', '127.0.0.1', '/api/menu/routes', 'GET', 'class com.zero.sys.controller.MenuController.routes', '[]', 37, 1, '[动态路由]获取所有启用的系统菜单', NULL, NULL, '2024-01-26 22:22:50', 1, '2024-01-26 22:22:50', 1, 0);
INSERT INTO `sys_operation_log` VALUES (4030, 1, '2024-01-26 22:22:51', '127.0.0.1', '/api/config/const/keys', 'POST', 'class com.zero.sys.controller.ConfigConstController.keys', '[[\"RECORD_NUMBER\",\"SHOW_SETTINGS\",\"THEME_COLOR\",\"TAGS_VIEW\",\"FIXED_HEADER\",\"SIDEBAR_LOGO\"]]', 50, 1, '批量查询常量键值配置数据', NULL, NULL, '2024-01-26 22:22:51', 1, '2024-01-26 22:22:51', 1, 0);
INSERT INTO `sys_operation_log` VALUES (4031, 1, '2024-01-26 22:22:51', '127.0.0.1', '/api/login/log/page/1', 'GET', 'class com.zero.auth.controller.LoginLogController.page', '[1,10,{\"id\":null,\"userId\":null,\"ip\":null,\"country\":null,\"region\":null,\"city\":null,\"isp\":null,\"loginTime\":null,\"tokenId\":null,\"mobile\":null,\"browserName\":null,\"browserVersion\":null,\"osName\":null,\"logoutTime\":null,\"logout\":null,\"user\":null,\"queryUsername\":null,\"queryStartDate\":null,\"queryEndDate\":null,\"queryOnline\":null,\"queryAddress\":null}]', 65, 1, '分页查询系统账号登录日志表数据', NULL, NULL, '2024-01-26 22:22:51', 1, '2024-01-26 22:22:51', 1, 0);
INSERT INTO `sys_operation_log` VALUES (4032, 1, '2024-01-26 22:26:32', '127.0.0.1', '/api/user/page/1', 'GET', 'class com.zero.auth.controller.UserController.page', '[1,10,{\"id\":null,\"username\":null,\"password\":null,\"enabled\":null,\"locked\":null,\"accountExpire\":null,\"passwordExpire\":null,\"type\":null,\"roles\":null,\"userInfo\":null,\"onlineLoginLogs\":null,\"queryRoleId\":null}]', 63, 1, '分页查询用户数据', NULL, NULL, '2024-01-26 22:26:32', 1, '2024-01-26 22:26:32', 1, 0);
INSERT INTO `sys_operation_log` VALUES (4033, 1, '2024-01-26 22:28:13', '127.0.0.1', '/api/login/log/offline/1', 'PUT', 'class com.zero.auth.controller.LoginLogController.offline', '[1,\"31260b44-2ede-4cab-8a1e-9bbb06e4f6b7\"]', 11, 1, '通过tokenId下线用户', NULL, NULL, '2024-01-26 22:28:13', 1, '2024-01-26 22:28:13', 1, 0);
INSERT INTO `sys_operation_log` VALUES (4034, 1, '2024-01-26 22:28:18', '127.0.0.1', '/api/menu/routes', 'GET', 'class com.zero.sys.controller.MenuController.routes', '[]', 49, 1, '[动态路由]获取所有启用的系统菜单', NULL, NULL, '2024-01-26 22:28:17', 1, '2024-01-26 22:28:17', 1, 0);
INSERT INTO `sys_operation_log` VALUES (4035, 1, '2024-01-26 22:28:18', '127.0.0.1', '/api/menu/routes', 'GET', 'class com.zero.sys.controller.MenuController.routes', '[]', 61, 1, '[动态路由]获取所有启用的系统菜单', NULL, NULL, '2024-01-26 22:28:17', 1, '2024-01-26 22:28:17', 1, 0);
INSERT INTO `sys_operation_log` VALUES (4036, 1, '2024-01-26 22:28:18', '127.0.0.1', '/api/config/const/keys', 'POST', 'class com.zero.sys.controller.ConfigConstController.keys', '[[\"RECORD_NUMBER\",\"SHOW_SETTINGS\",\"THEME_COLOR\",\"TAGS_VIEW\",\"FIXED_HEADER\",\"SIDEBAR_LOGO\"]]', 36, 1, '批量查询常量键值配置数据', NULL, NULL, '2024-01-26 22:28:18', 1, '2024-01-26 22:28:18', 1, 0);
INSERT INTO `sys_operation_log` VALUES (4037, 1, '2024-01-26 22:28:18', '127.0.0.1', '/api/login/log/page/1', 'GET', 'class com.zero.auth.controller.LoginLogController.page', '[1,10,{\"id\":null,\"userId\":null,\"ip\":null,\"country\":null,\"region\":null,\"city\":null,\"isp\":null,\"loginTime\":null,\"tokenId\":null,\"mobile\":null,\"browserName\":null,\"browserVersion\":null,\"osName\":null,\"logoutTime\":null,\"logout\":null,\"user\":null,\"queryUsername\":null,\"queryStartDate\":null,\"queryEndDate\":null,\"queryOnline\":null,\"queryAddress\":null}]', 63, 1, '分页查询系统账号登录日志表数据', NULL, NULL, '2024-01-26 22:28:18', 1, '2024-01-26 22:28:18', 1, 0);
INSERT INTO `sys_operation_log` VALUES (4038, 1, '2024-01-26 22:29:39', '127.0.0.1', '/api/menu/routes', 'GET', 'class com.zero.sys.controller.MenuController.routes', '[]', 48, 1, '[动态路由]获取所有启用的系统菜单', NULL, NULL, '2024-01-26 22:29:39', 1, '2024-01-26 22:29:39', 1, 0);
INSERT INTO `sys_operation_log` VALUES (4039, 1, '2024-01-26 22:29:40', '127.0.0.1', '/api/index/panel/group', 'GET', 'class com.zero.sys.controller.IndexController.panelGroup', '[]', 5, 1, '获取系统首页的展示数据', NULL, NULL, '2024-01-26 22:29:40', 1, '2024-01-26 22:29:40', 1, 0);
INSERT INTO `sys_operation_log` VALUES (4040, 1, '2024-01-26 22:29:40', '127.0.0.1', '/api/config/const/keys', 'POST', 'class com.zero.sys.controller.ConfigConstController.keys', '[[\"RECORD_NUMBER\",\"SHOW_SETTINGS\",\"THEME_COLOR\",\"TAGS_VIEW\",\"FIXED_HEADER\",\"SIDEBAR_LOGO\"]]', 23, 1, '批量查询常量键值配置数据', NULL, NULL, '2024-01-26 22:29:40', 1, '2024-01-26 22:29:40', 1, 0);
INSERT INTO `sys_operation_log` VALUES (4041, 1, '2024-01-26 22:29:40', '127.0.0.1', '/api/index/login/map', 'GET', 'class com.zero.sys.controller.IndexController.loginMap', '[]', 4, 1, '获取系统首页的用户登录地图数据', NULL, NULL, '2024-01-26 22:29:40', 1, '2024-01-26 22:29:40', 1, 0);

-- ----------------------------
-- Table structure for sys_organ
-- ----------------------------
DROP TABLE IF EXISTS `sys_organ`;
CREATE TABLE `sys_organ`  (
  `id` int(11) NOT NULL AUTO_INCREMENT COMMENT '主键',
  `name` varchar(50) CHARACTER SET utf8 COLLATE utf8_general_ci NOT NULL COMMENT '组织机构名称',
  `sort` int(11) NOT NULL COMMENT '组织机构排序',
  `parent_id` int(11) NOT NULL COMMENT '父级组织机构主键，如果为顶级组织机构，值为0',
  `create_time` datetime(0) NOT NULL DEFAULT CURRENT_TIMESTAMP COMMENT '数据库数据插入时间',
  `create_user_id` int(11) NOT NULL DEFAULT 0 COMMENT '数据库数据插入用户主键',
  `update_time` datetime(0) NOT NULL DEFAULT CURRENT_TIMESTAMP ON UPDATE CURRENT_TIMESTAMP(0) COMMENT '数据库数据更新时间',
  `update_user_id` int(11) NOT NULL DEFAULT 0 COMMENT '数据库数据更新用户主键',
  `deleted` tinyint(1) NOT NULL DEFAULT 0 COMMENT '逻辑删除标识，0为正常，1为逻辑删除，默认为0',
  PRIMARY KEY (`id`) USING BTREE
) ENGINE = InnoDB AUTO_INCREMENT = 18 CHARACTER SET = utf8mb4 COLLATE = utf8mb4_general_ci COMMENT = '系统组织机构表' ROW_FORMAT = Compact;

-- ----------------------------
-- Records of sys_organ
-- ----------------------------
INSERT INTO `sys_organ` VALUES (1, 'ZeroAdmin公司', 1, 0, '2023-09-03 16:46:02', 1, '2024-01-13 15:55:37', 1, 0);
INSERT INTO `sys_organ` VALUES (2, '人事部', 1, 1, '2023-09-03 17:01:33', 1, '2023-09-03 17:01:33', 1, 0);
INSERT INTO `sys_organ` VALUES (3, '行政部', 2, 1, '2023-09-03 17:22:26', 1, '2023-09-03 17:22:26', 1, 0);
INSERT INTO `sys_organ` VALUES (4, '开发部', 4, 1, '2023-09-03 17:26:54', 1, '2023-09-03 17:26:54', 1, 0);
INSERT INTO `sys_organ` VALUES (7, 'OA系统开发小组', 1, 4, '2023-09-03 17:32:01', 1, '2024-01-19 22:01:24', 1, 0);
INSERT INTO `sys_organ` VALUES (8, '财务部', 3, 1, '2023-09-03 17:38:11', 1, '2023-09-03 17:40:02', 1, 0);
INSERT INTO `sys_organ` VALUES (9, '人工智能研发部', 3, 4, '2023-09-03 17:40:35', 1, '2024-01-19 22:09:37', 1, 0);
INSERT INTO `sys_organ` VALUES (10, '技术平台部', 2, 4, '2023-09-03 17:40:44', 1, '2024-01-19 22:02:11', 1, 0);
INSERT INTO `sys_organ` VALUES (11, '出纳', 2, 8, '2023-09-03 21:46:30', 1, '2023-09-03 21:46:30', 1, 0);
INSERT INTO `sys_organ` VALUES (12, '会计', 1, 8, '2023-09-03 21:46:42', 1, '2024-01-19 00:01:29', 1, 0);
INSERT INTO `sys_organ` VALUES (13, 'HR', 1, 2, '2024-01-06 17:37:20', 1, '2024-01-20 23:26:48', 1, 1);
INSERT INTO `sys_organ` VALUES (14, 'HR部门', 2, 2, '2024-01-06 23:22:49', 1, '2024-01-06 23:23:25', 1, 0);
INSERT INTO `sys_organ` VALUES (15, 'HRBP部门', 3, 2, '2024-01-06 23:23:37', 1, '2024-01-06 23:23:37', 1, 0);
INSERT INTO `sys_organ` VALUES (16, 'Web开发部', 4, 4, '2024-01-20 18:54:43', 1, '2024-01-20 18:54:43', 1, 0);
INSERT INTO `sys_organ` VALUES (17, '宣传部', 5, 1, '2024-01-20 18:56:09', 1, '2024-01-20 18:56:09', 1, 0);

-- ----------------------------
-- Table structure for sys_user_config
-- ----------------------------
DROP TABLE IF EXISTS `sys_user_config`;
CREATE TABLE `sys_user_config`  (
  `id` int(11) NOT NULL AUTO_INCREMENT COMMENT '主键',
  `user_id` int(11) NOT NULL COMMENT '用户主键',
  `config_id` int(11) NOT NULL COMMENT '配置主键',
  `value` varchar(50) CHARACTER SET utf8mb4 COLLATE utf8mb4_general_ci NOT NULL COMMENT '用户配置值',
  `create_time` datetime(0) NOT NULL DEFAULT CURRENT_TIMESTAMP COMMENT '数据库数据插入时间',
  `create_user_id` int(11) NOT NULL DEFAULT 0 COMMENT '数据库数据插入用户主键',
  `update_time` datetime(0) NOT NULL DEFAULT CURRENT_TIMESTAMP ON UPDATE CURRENT_TIMESTAMP(0) COMMENT '数据库数据更新时间',
  `update_user_id` int(11) NOT NULL DEFAULT 0 COMMENT '数据库数据更新用户主键',
  `deleted` tinyint(1) NOT NULL DEFAULT 0 COMMENT '逻辑删除标识，0为正常，1为逻辑删除，默认为0',
  PRIMARY KEY (`id`) USING BTREE
) ENGINE = InnoDB AUTO_INCREMENT = 9 CHARACTER SET = utf8mb4 COLLATE = utf8mb4_general_ci COMMENT = '系统用户配置表' ROW_FORMAT = Compact;

-- ----------------------------
-- Records of sys_user_config
-- ----------------------------
INSERT INTO `sys_user_config` VALUES (1, 1, 3, '#F5222D', '2021-06-26 18:21:14', 1, '2021-06-27 09:44:14', 1, 0);
INSERT INTO `sys_user_config` VALUES (2, 22, 3, '#FC0277', '2021-06-26 21:46:16', 22, '2023-12-11 22:01:18', 22, 0);
INSERT INTO `sys_user_config` VALUES (3, 1, 4, 'true', '2021-06-26 22:19:20', 1, '2021-06-27 09:47:30', 1, 0);
INSERT INTO `sys_user_config` VALUES (4, 1, 7, 'true', '2021-06-27 09:47:32', 1, '2021-06-27 09:48:37', 1, 0);
INSERT INTO `sys_user_config` VALUES (5, 1, 8, 'true', '2021-06-27 09:47:35', 1, '2023-07-06 23:31:37', 1, 0);
INSERT INTO `sys_user_config` VALUES (6, 22, 8, 'false', '2021-11-02 22:14:12', 22, '2023-12-11 22:01:09', 22, 0);
INSERT INTO `sys_user_config` VALUES (7, 22, 7, 'true', '2021-11-02 22:14:22', 22, '2023-12-11 22:01:07', 22, 0);
INSERT INTO `sys_user_config` VALUES (8, 22, 4, 'true', '2021-11-02 22:14:26', 22, '2023-12-11 22:01:12', 22, 0);

-- ----------------------------
-- Table structure for sys_user_organ
-- ----------------------------
DROP TABLE IF EXISTS `sys_user_organ`;
CREATE TABLE `sys_user_organ`  (
  `id` int(11) NOT NULL AUTO_INCREMENT COMMENT '主键',
  `organ_id` int(11) NOT NULL COMMENT '组织机构主键',
  `user_id` int(11) NULL DEFAULT NULL COMMENT '用户主键',
  `create_time` datetime(0) NOT NULL DEFAULT CURRENT_TIMESTAMP COMMENT '数据库数据插入时间',
  `create_user_id` int(11) NOT NULL DEFAULT 0 COMMENT '数据库数据插入用户主键',
  `update_time` datetime(0) NOT NULL DEFAULT CURRENT_TIMESTAMP ON UPDATE CURRENT_TIMESTAMP(0) COMMENT '数据库数据更新时间',
  `update_user_id` int(11) NOT NULL DEFAULT 0 COMMENT '数据库数据更新用户主键',
  `deleted` tinyint(1) NOT NULL DEFAULT 0 COMMENT '逻辑删除标识，0为正常，1为逻辑删除，默认为0',
  PRIMARY KEY (`id`) USING BTREE
) ENGINE = InnoDB AUTO_INCREMENT = 2 CHARACTER SET = utf8mb4 COLLATE = utf8mb4_general_ci COMMENT = '用户组织机构关系表' ROW_FORMAT = Compact;

-- ----------------------------
-- Records of sys_user_organ
-- ----------------------------
INSERT INTO `sys_user_organ` VALUES (1, 2, 5, '2023-09-04 21:57:33', 0, '2023-09-04 21:57:33', 0, 0);

-- ----------------------------
-- Table structure for upload_file_manage
-- ----------------------------
DROP TABLE IF EXISTS `upload_file_manage`;
CREATE TABLE `upload_file_manage`  (
  `id` int(11) NOT NULL AUTO_INCREMENT COMMENT '主键',
  `name` varchar(255) CHARACTER SET utf8mb4 COLLATE utf8mb4_general_ci NOT NULL COMMENT '文件名称',
  `type` varchar(50) CHARACTER SET utf8mb4 COLLATE utf8mb4_general_ci NOT NULL COMMENT '文件类型',
  `uri` varchar(500) CHARACTER SET utf8mb4 COLLATE utf8mb4_general_ci NOT NULL COMMENT '文件http引用路径',
  `path` varchar(500) CHARACTER SET utf8mb4 COLLATE utf8mb4_general_ci NOT NULL COMMENT '文件磁盘路径',
  `upload_time` datetime(0) NOT NULL COMMENT '文件上传时间',
  `upload_user_id` int(11) NOT NULL COMMENT '文件上传用户主键',
  `parent_id` int(11) NOT NULL DEFAULT 0 COMMENT '主文件主键，源文件为0，其他值为对应的备份文件',
  `create_time` datetime(0) NOT NULL DEFAULT CURRENT_TIMESTAMP COMMENT '数据库数据插入时间',
  `create_user_id` int(11) NOT NULL DEFAULT 0 COMMENT '数据库数据插入用户主键',
  `update_time` datetime(0) NOT NULL DEFAULT CURRENT_TIMESTAMP ON UPDATE CURRENT_TIMESTAMP(0) COMMENT '数据库数据更新时间',
  `update_user_id` int(11) NOT NULL DEFAULT 0 COMMENT '数据库数据更新用户主键',
  `deleted` tinyint(1) NOT NULL DEFAULT 0 COMMENT '逻辑删除标识，0为正常，1为逻辑删除，默认为0',
  PRIMARY KEY (`id`) USING BTREE
) ENGINE = InnoDB AUTO_INCREMENT = 6 CHARACTER SET = utf8mb4 COLLATE = utf8mb4_general_ci COMMENT = '文件资源管理表' ROW_FORMAT = Compact;

-- ----------------------------
-- Records of upload_file_manage
-- ----------------------------
INSERT INTO `upload_file_manage` VALUES (1, '雅典娜-冰冠公主.jpg', 'IMAGE', 'http://127.0.0.1:10000/api/image/2021/4/10/c1e3f69c-38b5-4eb7-9d80-097dba435e4e.jpg', 'F:\\tmp\\image\\2021\\4\\10\\c1e3f69c-38b5-4eb7-9d80-097dba435e4e.jpg', '2021-04-10 17:56:10', 22, 0, '2021-04-10 17:56:09', 22, '2024-01-02 23:09:23', 22, 1);
INSERT INTO `upload_file_manage` VALUES (2, '60246991.jpg', 'IMAGE', 'http://127.0.0.1:10000/api/image/2021/11/2/4401b2ef-0179-40f3-ab4c-3909a85a938b.jpg', 'F:\\tmp\\image\\2021\\11\\2\\4401b2ef-0179-40f3-ab4c-3909a85a938b.jpg', '2021-11-02 23:35:25', 22, 0, '2021-11-02 23:35:24', 22, '2024-01-02 23:09:26', 22, 0);
INSERT INTO `upload_file_manage` VALUES (3, '60246991.jpg', 'IMAGE', 'http://127.0.0.1:10000/api/image/2021/11/6/507bcc9a-1531-4aae-b2fb-43ff844fdc94.jpg', 'F:\\tmp\\image\\2021\\11\\6\\507bcc9a-1531-4aae-b2fb-43ff844fdc94.jpg', '2021-11-06 22:41:39', 1, 0, '2021-11-06 22:41:38', 1, '2024-01-02 23:17:54', 1, 0);
INSERT INTO `upload_file_manage` VALUES (4, '60246991.jpg', 'IMAGE', 'http://127.0.0.1:10000/api/image/2024/1/2/4401b2ef-0179-40f3-ab4c-3909a85a938b.bak.1.jpg', 'F:\\tmp\\image\\2024\\1\\2\\4401b2ef-0179-40f3-ab4c-3909a85a938b.bak.1.jpg', '2024-01-02 23:09:32', 1, 2, '2024-01-02 23:09:32', 1, '2024-01-20 19:34:03', 1, 1);
INSERT INTO `upload_file_manage` VALUES (5, '60246991.jpg', 'IMAGE', 'http://127.0.0.1:10000/api/image/2024/1/2/4401b2ef-0179-40f3-ab4c-3909a85a938b.bak.2.jpg', 'F:\\tmp\\image\\2024\\1\\2\\4401b2ef-0179-40f3-ab4c-3909a85a938b.bak.2.jpg', '2024-01-02 23:18:12', 1, 2, '2024-01-02 23:18:12', 1, '2024-01-08 20:47:26', 1, 1);

SET FOREIGN_KEY_CHECKS = 1;
