/*
 Navicat Premium Data Transfer

 Source Server         : localhost-mysql
 Source Server Type    : MySQL
 Source Server Version : 50730
 Source Host           : localhost:3306
 Source Schema         : zero-admin

 Target Server Type    : MySQL
 Target Server Version : 50730
 File Encoding         : 65001

 Date: 04/01/2024 22:18:47
*/

SET NAMES utf8mb4;
SET FOREIGN_KEY_CHECKS = 0;

-- ----------------------------
-- Table structure for auth_login_log
-- ----------------------------
DROP TABLE IF EXISTS `auth_login_log`;
CREATE TABLE `auth_login_log`  (
  `id` int(11) NOT NULL AUTO_INCREMENT COMMENT '主键',
  `user_id` int(11) NOT NULL COMMENT '登录用户主键',
  `ip` varchar(50) CHARACTER SET utf8mb4 COLLATE utf8mb4_general_ci NOT NULL COMMENT '登录的IP地址',
  `country` varchar(100) CHARACTER SET utf8mb4 COLLATE utf8mb4_general_ci NULL DEFAULT NULL COMMENT '登录现实地址，国家',
  `region` varchar(100) CHARACTER SET utf8mb4 COLLATE utf8mb4_general_ci NULL DEFAULT NULL COMMENT '登录现实地址，区域，省',
  `city` varchar(100) CHARACTER SET utf8mb4 COLLATE utf8mb4_general_ci NULL DEFAULT NULL COMMENT '登录现实地址，城市',
  `isp` varchar(100) CHARACTER SET utf8mb4 COLLATE utf8mb4_general_ci NULL DEFAULT NULL COMMENT '因特网提供商',
  `login_time` datetime(0) NOT NULL COMMENT '登录时间',
  `token_id` varchar(100) CHARACTER SET utf8mb4 COLLATE utf8mb4_general_ci NOT NULL COMMENT 'tokenId',
  `logout_time` datetime(0) NOT NULL COMMENT '登出时间，默认为登录时间+token失效时间，登出时更新',
  `logout` tinyint(1) NOT NULL DEFAULT 0 COMMENT '是否主动登出，默认为0',
  `create_time` datetime(0) NOT NULL DEFAULT CURRENT_TIMESTAMP COMMENT '数据库数据插入时间',
  `create_user_id` int(11) NOT NULL DEFAULT 0 COMMENT '数据库数据插入用户主键',
  `update_time` datetime(0) NOT NULL DEFAULT CURRENT_TIMESTAMP ON UPDATE CURRENT_TIMESTAMP(0) COMMENT '数据库数据更新时间',
  `update_user_id` int(11) NOT NULL DEFAULT 0 COMMENT '数据库数据更新用户主键',
  `deleted` tinyint(1) NOT NULL DEFAULT 0 COMMENT '逻辑删除标识，0为正常，1为逻辑删除，默认为0',
  PRIMARY KEY (`id`) USING BTREE
) ENGINE = InnoDB AUTO_INCREMENT = 392 CHARACTER SET = utf8mb4 COLLATE = utf8mb4_general_ci COMMENT = '系统账号登录日志表' ROW_FORMAT = Compact;

-- ----------------------------
-- Records of auth_login_log
-- ----------------------------
INSERT INTO `auth_login_log` VALUES (218, 22, '127.0.0.1', NULL, NULL, NULL, NULL, '2023-07-11 20:57:46', 'af4aad23-664f-4c96-b8bf-f6b025c80fd6', '2023-07-11 21:57:46', 0, '2023-07-11 20:57:46', 0, '2024-01-04 22:17:38', 1, 1);
INSERT INTO `auth_login_log` VALUES (219, 22, '127.0.0.1', NULL, NULL, NULL, NULL, '2023-07-11 20:57:58', '5e4afbff-7a5f-468c-81b7-12a125ab8b4f', '2023-07-11 21:57:58', 0, '2023-07-11 20:57:58', 0, '2023-07-11 20:57:58', 0, 0);
INSERT INTO `auth_login_log` VALUES (220, 22, '127.0.0.1', NULL, NULL, NULL, NULL, '2023-07-11 21:02:46', '5cedadf0-0a81-4e82-a407-dc82030cf11e', '2023-07-11 22:02:46', 0, '2023-07-11 21:02:45', 0, '2023-07-11 21:02:45', 0, 0);
INSERT INTO `auth_login_log` VALUES (221, 22, '127.0.0.1', NULL, NULL, NULL, NULL, '2023-07-11 21:03:02', 'bbe10b34-0ba2-45a4-af7c-740a7b19fb17', '2023-07-11 21:08:02', 1, '2023-07-11 21:03:01', 0, '2023-07-11 21:03:01', 22, 0);
INSERT INTO `auth_login_log` VALUES (222, 1, '127.0.0.1', NULL, NULL, NULL, NULL, '2023-07-11 21:08:06', '7821f456-a457-4cf1-bd01-6eb8de07ea65', '2023-07-11 21:17:56', 1, '2023-07-11 21:08:05', 0, '2023-07-11 21:08:05', 1, 0);
INSERT INTO `auth_login_log` VALUES (223, 22, '127.0.0.1', NULL, NULL, NULL, NULL, '2023-07-11 21:29:55', '51895bc6-e6df-4cc1-94b1-81c3922cbba5', '2023-07-11 22:29:55', 0, '2023-07-11 21:29:55', 0, '2023-07-11 21:29:55', 0, 0);
INSERT INTO `auth_login_log` VALUES (224, 22, '127.0.0.1', NULL, NULL, NULL, NULL, '2023-07-11 21:29:56', 'ef7916b9-2d90-4021-a37c-f4a18224156b', '2023-07-11 21:32:17', 1, '2023-07-11 21:29:55', 0, '2023-07-11 21:29:55', 22, 0);
INSERT INTO `auth_login_log` VALUES (225, 22, '127.0.0.1', NULL, NULL, NULL, NULL, '2023-07-11 21:32:20', 'e2524e2d-90f8-4717-b5d3-bb7028011a53', '2023-07-11 21:37:37', 1, '2023-07-11 21:32:19', 0, '2023-07-11 21:32:19', 22, 0);
INSERT INTO `auth_login_log` VALUES (226, 22, '127.0.0.1', NULL, NULL, NULL, NULL, '2023-07-11 21:37:41', 'cdab2536-0263-4479-816e-6c59dbb26a3a', '2023-07-11 21:38:26', 1, '2023-07-11 21:37:41', 0, '2023-07-11 21:37:41', 22, 0);
INSERT INTO `auth_login_log` VALUES (227, 1, '127.0.0.1', NULL, NULL, NULL, NULL, '2023-07-11 21:38:29', '09d22b8b-d8ec-4080-a19e-29ad68dd3a89', '2023-07-11 21:38:50', 1, '2023-07-11 21:38:29', 0, '2023-07-11 21:38:29', 1, 0);
INSERT INTO `auth_login_log` VALUES (228, 22, '127.0.0.1', NULL, NULL, NULL, NULL, '2023-07-11 21:38:56', 'f324e8d3-103b-465c-ad85-5221ec61ddfd', '2023-07-11 21:39:38', 1, '2023-07-11 21:38:55', 0, '2023-07-11 21:38:55', 22, 0);
INSERT INTO `auth_login_log` VALUES (229, 22, '127.0.0.1', NULL, NULL, NULL, NULL, '2023-07-11 21:39:41', 'af3ca868-62d8-4a71-834e-f986750f68ce', '2023-07-11 21:43:26', 1, '2023-07-11 21:39:40', 0, '2023-07-11 21:39:40', 22, 0);
INSERT INTO `auth_login_log` VALUES (230, 22, '127.0.0.1', NULL, NULL, NULL, NULL, '2023-07-11 21:43:31', 'eafc5ff5-0b84-4040-b71d-ee2f06e18af8', '2023-07-11 21:43:44', 1, '2023-07-11 21:43:30', 0, '2023-07-11 21:43:30', 22, 0);
INSERT INTO `auth_login_log` VALUES (231, 22, '127.0.0.1', NULL, NULL, NULL, NULL, '2023-07-11 21:43:48', '5a86a501-d9d1-4b11-9dc0-bc9f13a8b409', '2023-07-11 21:44:13', 1, '2023-07-11 21:43:48', 0, '2023-07-11 21:43:48', 22, 0);
INSERT INTO `auth_login_log` VALUES (232, 22, '127.0.0.1', NULL, NULL, NULL, NULL, '2023-07-11 21:44:16', '672bd048-fa08-427c-86ef-bb06840ab6a5', '2023-07-11 21:46:27', 1, '2023-07-11 21:44:16', 0, '2023-07-11 21:44:16', 22, 0);
INSERT INTO `auth_login_log` VALUES (233, 22, '127.0.0.1', NULL, NULL, NULL, NULL, '2023-07-11 21:46:31', '0c9c079e-dfe1-4136-80f4-aaa4de9fe65b', '2023-07-11 21:47:11', 1, '2023-07-11 21:46:31', 0, '2023-07-11 21:46:31', 22, 0);
INSERT INTO `auth_login_log` VALUES (234, 22, '127.0.0.1', NULL, NULL, NULL, NULL, '2023-07-11 21:47:14', 'd004f333-0451-4db9-8f27-08d05a3c6ebb', '2023-07-11 21:47:59', 1, '2023-07-11 21:47:13', 0, '2023-07-11 21:47:13', 22, 0);
INSERT INTO `auth_login_log` VALUES (235, 22, '127.0.0.1', NULL, NULL, NULL, NULL, '2023-07-11 21:48:01', '62495457-7e9b-42d3-ac47-de1dc66a8dd1', '2023-07-11 22:48:01', 0, '2023-07-11 21:48:01', 0, '2023-07-11 21:48:01', 0, 0);
INSERT INTO `auth_login_log` VALUES (236, 22, '127.0.0.1', NULL, NULL, NULL, NULL, '2023-07-11 21:53:30', '84df563e-c3b3-42d1-ad00-5442f20ee3ba', '2023-07-11 21:54:44', 1, '2023-07-11 21:53:29', 0, '2023-07-11 21:53:29', 22, 0);
INSERT INTO `auth_login_log` VALUES (237, 22, '127.0.0.1', NULL, NULL, NULL, NULL, '2023-07-11 21:54:47', 'bc101083-a32b-4fbd-95b5-16df074e4eb6', '2023-07-11 21:55:09', 1, '2023-07-11 21:54:46', 0, '2023-07-11 21:54:46', 22, 0);
INSERT INTO `auth_login_log` VALUES (238, 22, '127.0.0.1', NULL, NULL, NULL, NULL, '2023-07-11 21:55:11', '14fba86a-8ac2-43d8-96f6-e9cd38df19da', '2023-07-11 21:55:27', 1, '2023-07-11 21:55:10', 0, '2023-07-11 21:55:10', 22, 0);
INSERT INTO `auth_login_log` VALUES (239, 22, '127.0.0.1', NULL, NULL, NULL, NULL, '2023-07-11 21:55:29', 'f1e2e371-79de-43e6-85dd-bfd9b7060d10', '2023-07-11 21:55:47', 1, '2023-07-11 21:55:28', 0, '2023-07-11 21:55:28', 22, 0);
INSERT INTO `auth_login_log` VALUES (240, 22, '127.0.0.1', NULL, NULL, NULL, NULL, '2023-07-11 21:55:50', '905cd26b-1c69-4b37-b353-a96d6eeca9ad', '2023-07-11 22:55:50', 0, '2023-07-11 21:55:50', 0, '2023-07-11 21:55:50', 0, 0);
INSERT INTO `auth_login_log` VALUES (241, 22, '127.0.0.1', NULL, NULL, NULL, NULL, '2023-07-11 21:59:23', '35b8a983-fb45-4ba0-9e8d-745bb1a687b7', '2023-07-11 21:59:45', 1, '2023-07-11 21:59:23', 0, '2023-07-11 21:59:23', 22, 0);
INSERT INTO `auth_login_log` VALUES (242, 22, '127.0.0.1', NULL, NULL, NULL, NULL, '2023-07-11 21:59:50', '660e10fd-656a-4e0d-be51-ce4c228e4f80', '2023-07-11 22:03:48', 1, '2023-07-11 21:59:50', 0, '2023-07-11 21:59:50', 22, 0);
INSERT INTO `auth_login_log` VALUES (243, 1, '127.0.0.1', NULL, NULL, NULL, NULL, '2023-07-11 22:03:51', '649db440-dfd0-4498-955b-a63105a7bb79', '2023-07-11 22:04:06', 1, '2023-07-11 22:03:51', 0, '2023-07-11 22:03:51', 1, 0);
INSERT INTO `auth_login_log` VALUES (244, 1, '127.0.0.1', NULL, NULL, NULL, NULL, '2023-07-11 22:04:17', 'a944b745-c119-461b-b76c-47febf6a7614', '2023-07-11 22:05:33', 1, '2023-07-11 22:04:17', 0, '2023-07-11 22:04:17', 1, 0);
INSERT INTO `auth_login_log` VALUES (245, 22, '127.0.0.1', NULL, NULL, NULL, NULL, '2023-07-11 22:05:36', 'b1b9b84f-883a-410b-8257-761c424d2b41', '2023-07-11 22:06:06', 1, '2023-07-11 22:05:35', 0, '2023-07-11 22:05:35', 22, 0);
INSERT INTO `auth_login_log` VALUES (246, 22, '127.0.0.1', NULL, NULL, NULL, NULL, '2023-07-11 22:06:14', 'bd6b6c16-43ea-4116-bc35-6d073885d67f', '2023-07-11 23:06:14', 0, '2023-07-11 22:06:13', 0, '2023-07-11 22:06:13', 0, 0);
INSERT INTO `auth_login_log` VALUES (247, 22, '127.0.0.1', NULL, NULL, NULL, NULL, '2023-07-11 22:08:10', 'fbdaecec-bef4-4e37-b48f-300fee94f12e', '2023-07-11 22:11:31', 1, '2023-07-11 22:08:10', 0, '2023-07-11 22:08:10', 22, 0);
INSERT INTO `auth_login_log` VALUES (248, 22, '127.0.0.1', NULL, NULL, NULL, NULL, '2023-07-11 22:11:33', '24065081-9208-43ae-a563-b40438f10b4c', '2023-07-11 22:12:31', 1, '2023-07-11 22:11:33', 0, '2023-07-11 22:11:33', 22, 0);
INSERT INTO `auth_login_log` VALUES (249, 22, '127.0.0.1', NULL, NULL, NULL, NULL, '2023-07-11 22:12:34', '0ac9f071-c108-46c1-b246-5f4d548fbe03', '2023-07-11 22:13:46', 1, '2023-07-11 22:12:34', 0, '2023-07-11 22:12:34', 22, 0);
INSERT INTO `auth_login_log` VALUES (250, 22, '127.0.0.1', NULL, NULL, NULL, NULL, '2023-07-11 22:13:49', 'a0f7972f-1361-4640-9d11-b60e1dee54d5', '2023-07-11 22:14:15', 1, '2023-07-11 22:13:48', 0, '2023-07-11 22:13:48', 22, 0);
INSERT INTO `auth_login_log` VALUES (251, 22, '127.0.0.1', NULL, NULL, NULL, NULL, '2023-07-11 22:14:17', '719c29bc-4ae0-4eaa-be8e-047e0e1c4117', '2023-07-11 22:20:13', 1, '2023-07-11 22:14:16', 0, '2023-07-11 22:14:16', 22, 0);
INSERT INTO `auth_login_log` VALUES (252, 22, '127.0.0.1', NULL, NULL, NULL, NULL, '2023-07-11 22:20:16', 'a5a12ea3-eacb-4fda-9030-3c21a40d9c86', '2023-07-11 23:20:16', 0, '2023-07-11 22:20:15', 0, '2023-07-11 22:20:15', 0, 0);
INSERT INTO `auth_login_log` VALUES (253, 22, '127.0.0.1', NULL, NULL, NULL, NULL, '2023-07-12 20:49:35', 'f7fae679-8273-4dcd-ad72-ccd17feb3068', '2023-07-12 21:49:35', 0, '2023-07-12 20:49:34', 0, '2023-07-12 20:49:34', 0, 0);
INSERT INTO `auth_login_log` VALUES (254, 22, '127.0.0.1', NULL, NULL, NULL, NULL, '2023-07-12 20:49:42', '38d67446-6820-4a83-b425-2d319a5e026c', '2023-07-12 21:49:42', 0, '2023-07-12 20:49:42', 0, '2023-07-12 20:49:42', 0, 0);
INSERT INTO `auth_login_log` VALUES (255, 22, '127.0.0.1', NULL, NULL, NULL, NULL, '2023-07-12 20:57:37', '488c8c9e-62e6-4e13-855d-7593bf2ff0de', '2023-07-12 20:58:36', 1, '2023-07-12 20:57:37', 0, '2023-07-12 20:57:37', 22, 0);
INSERT INTO `auth_login_log` VALUES (256, 22, '127.0.0.1', NULL, NULL, NULL, NULL, '2023-07-12 20:59:09', '81a73132-30e0-4b5c-8cb6-7d1fe3cf979d', '2023-07-12 20:59:30', 1, '2023-07-12 20:59:09', 0, '2023-07-12 20:59:09', 22, 0);
INSERT INTO `auth_login_log` VALUES (257, 22, '127.0.0.1', NULL, NULL, NULL, NULL, '2023-07-12 20:59:34', '4ab1e460-12f8-42cf-bff5-53950e98f26f', '2023-07-12 21:02:50', 1, '2023-07-12 20:59:34', 0, '2023-07-12 20:59:34', 22, 0);
INSERT INTO `auth_login_log` VALUES (258, 22, '127.0.0.1', NULL, NULL, NULL, NULL, '2023-07-12 21:02:55', '3228c5c3-a15a-49ba-a26f-537d4450f793', '2023-07-12 21:03:11', 1, '2023-07-12 21:02:55', 0, '2023-07-12 21:02:55', 22, 0);
INSERT INTO `auth_login_log` VALUES (259, 22, '127.0.0.1', NULL, NULL, NULL, NULL, '2023-07-12 21:03:13', '26072c1f-8b37-4779-b2b3-cf418e4331a7', '2023-07-12 21:03:17', 1, '2023-07-12 21:03:13', 0, '2023-07-12 21:03:13', 22, 0);
INSERT INTO `auth_login_log` VALUES (260, 22, '127.0.0.1', NULL, NULL, NULL, NULL, '2023-07-12 21:03:25', '2ff74d3f-bad2-49c2-98e7-e89d23c46ba5', '2023-07-12 21:06:25', 1, '2023-07-12 21:03:24', 0, '2023-07-12 21:03:24', 22, 0);
INSERT INTO `auth_login_log` VALUES (261, 22, '127.0.0.1', NULL, NULL, NULL, NULL, '2023-07-12 21:06:28', 'fa35d47c-62b5-4ab8-8419-fd040159fe04', '2023-07-12 21:06:56', 1, '2023-07-12 21:06:27', 0, '2023-07-12 21:06:27', 22, 0);
INSERT INTO `auth_login_log` VALUES (262, 22, '127.0.0.1', NULL, NULL, NULL, NULL, '2023-07-12 21:06:59', '95a94122-8207-4e8e-ac32-c7fd7aaa37be', '2023-07-12 21:08:21', 1, '2023-07-12 21:06:58', 0, '2023-07-12 21:06:58', 22, 0);
INSERT INTO `auth_login_log` VALUES (263, 22, '127.0.0.1', NULL, NULL, NULL, NULL, '2023-07-12 21:08:24', '2ec97975-4ec3-42f8-bc16-d408cd68611d', '2023-07-12 21:08:52', 1, '2023-07-12 21:08:24', 0, '2023-07-12 21:08:24', 22, 0);
INSERT INTO `auth_login_log` VALUES (264, 22, '127.0.0.1', NULL, NULL, NULL, NULL, '2023-07-12 21:09:01', 'd32fb794-d329-467a-849c-f58d08411865', '2023-07-12 21:09:34', 1, '2023-07-12 21:09:00', 0, '2023-07-12 21:09:00', 22, 0);
INSERT INTO `auth_login_log` VALUES (265, 22, '127.0.0.1', NULL, NULL, NULL, NULL, '2023-07-12 21:09:36', '12a97418-16f3-44b1-b018-6a277bceda5a', '2023-07-12 22:09:36', 0, '2023-07-12 21:09:36', 0, '2023-07-12 21:09:36', 0, 0);
INSERT INTO `auth_login_log` VALUES (266, 22, '127.0.0.1', NULL, NULL, NULL, NULL, '2023-07-12 21:10:56', 'b040f113-6796-41dd-a12b-4f9be4897c20', '2023-07-12 21:13:09', 1, '2023-07-12 21:10:56', 0, '2023-07-12 21:10:56', 22, 0);
INSERT INTO `auth_login_log` VALUES (267, 22, '127.0.0.1', NULL, NULL, NULL, NULL, '2023-07-12 21:13:12', '690b8a2d-2f25-4c3d-857b-fbdefc4927a8', '2023-07-12 22:13:12', 0, '2023-07-12 21:13:11', 0, '2023-07-12 21:13:11', 0, 0);
INSERT INTO `auth_login_log` VALUES (268, 22, '127.0.0.1', NULL, NULL, NULL, NULL, '2023-07-12 21:15:56', '59204982-1a0f-42c7-b72e-b4b9660a527d', '2023-07-12 21:16:05', 1, '2023-07-12 21:15:55', 0, '2023-07-12 21:15:55', 22, 0);
INSERT INTO `auth_login_log` VALUES (269, 22, '127.0.0.1', NULL, NULL, NULL, NULL, '2023-07-12 21:16:08', '9db9b64b-145e-47cc-a660-c9954d8bf47c', '2023-07-12 21:16:28', 1, '2023-07-12 21:16:08', 0, '2023-07-12 21:16:08', 22, 0);
INSERT INTO `auth_login_log` VALUES (270, 22, '127.0.0.1', NULL, NULL, NULL, NULL, '2023-07-12 21:16:30', '2d03f87e-8926-4a4a-aaf7-81ab74440f74', '2023-07-12 21:16:39', 1, '2023-07-12 21:16:30', 0, '2023-07-12 21:16:30', 22, 0);
INSERT INTO `auth_login_log` VALUES (271, 22, '127.0.0.1', NULL, NULL, NULL, NULL, '2023-07-12 21:16:42', 'd0b71270-b6e6-4642-bb54-6e2249792c1e', '2023-07-12 21:17:05', 1, '2023-07-12 21:16:41', 0, '2023-07-12 21:16:41', 22, 0);
INSERT INTO `auth_login_log` VALUES (272, 22, '127.0.0.1', NULL, NULL, NULL, NULL, '2023-07-12 21:17:08', '3b4fe5d6-14db-48b6-8f79-29facc0ea78a', '2023-07-12 21:19:32', 1, '2023-07-12 21:17:08', 0, '2023-07-12 21:17:08', 22, 0);
INSERT INTO `auth_login_log` VALUES (273, 22, '127.0.0.1', NULL, NULL, NULL, NULL, '2023-07-12 21:19:36', '6864fd9a-5ebf-4cea-bd37-f34f466f6fc2', '2023-07-12 21:19:53', 1, '2023-07-12 21:19:35', 0, '2023-07-12 21:19:35', 22, 0);
INSERT INTO `auth_login_log` VALUES (274, 22, '127.0.0.1', NULL, NULL, NULL, NULL, '2023-07-12 21:19:55', '0bdee6a8-9b46-4193-b78f-c719bb7fe1dd', '2023-07-12 21:20:07', 1, '2023-07-12 21:19:55', 0, '2023-07-12 21:19:55', 22, 0);
INSERT INTO `auth_login_log` VALUES (275, 22, '127.0.0.1', NULL, NULL, NULL, NULL, '2023-07-12 21:20:11', '78da44e4-5bb7-4181-94c0-00cfe5a71994', '2023-07-12 22:20:11', 0, '2023-07-12 21:20:10', 0, '2023-07-12 21:20:10', 0, 0);
INSERT INTO `auth_login_log` VALUES (276, 22, '127.0.0.1', NULL, NULL, NULL, NULL, '2023-07-12 21:24:55', '731dc746-cde9-489d-9046-2f6d4692f42c', '2023-07-12 22:24:55', 0, '2023-07-12 21:24:54', 0, '2023-07-12 21:24:54', 0, 0);
INSERT INTO `auth_login_log` VALUES (277, 22, '127.0.0.1', NULL, NULL, NULL, NULL, '2023-07-12 21:25:51', '4459610e-623b-400f-8ac3-5f7527e9d824', '2023-07-12 22:25:51', 0, '2023-07-12 21:25:51', 0, '2023-07-12 21:25:51', 0, 0);
INSERT INTO `auth_login_log` VALUES (278, 22, '127.0.0.1', NULL, NULL, NULL, NULL, '2023-07-12 21:29:22', 'b6645855-aaaf-40fd-97fb-61f0b6d780a6', '2023-07-12 21:45:22', 1, '2023-07-12 21:29:22', 0, '2023-07-12 21:29:22', 22, 0);
INSERT INTO `auth_login_log` VALUES (279, 22, '127.0.0.1', NULL, NULL, NULL, NULL, '2023-07-12 21:45:25', 'c04eeed5-feda-4752-a8f2-36ad83bf9b9a', '2023-07-12 21:46:03', 1, '2023-07-12 21:45:24', 0, '2023-07-12 21:45:24', 22, 0);
INSERT INTO `auth_login_log` VALUES (280, 22, '127.0.0.1', NULL, NULL, NULL, NULL, '2023-07-12 21:46:05', '96a4002e-bffb-4d58-a96f-3a99c194a3fb', '2023-07-12 22:46:05', 0, '2023-07-12 21:46:04', 0, '2023-07-12 21:46:04', 0, 0);
INSERT INTO `auth_login_log` VALUES (281, 22, '127.0.0.1', NULL, NULL, NULL, NULL, '2023-07-12 21:48:38', '775904da-8cef-4a04-afd3-a0eaa790ddb4', '2023-07-12 22:48:38', 0, '2023-07-12 21:48:38', 22, '2023-07-12 21:48:38', 22, 0);
INSERT INTO `auth_login_log` VALUES (282, 22, '127.0.0.1', NULL, NULL, NULL, NULL, '2023-07-12 21:48:43', 'f952ab9b-b5e8-487f-a183-f4aff9672df1', '2023-07-12 21:55:01', 1, '2023-07-12 21:48:43', 22, '2023-07-12 21:48:43', 22, 0);
INSERT INTO `auth_login_log` VALUES (283, 22, '127.0.0.1', NULL, NULL, NULL, NULL, '2023-07-12 21:55:21', 'f030d23c-0b8d-44e7-a623-7c287caa07b3', '2023-07-12 21:57:43', 1, '2023-07-12 21:55:21', 0, '2023-07-12 21:55:21', 22, 0);
INSERT INTO `auth_login_log` VALUES (284, 22, '127.0.0.1', NULL, NULL, NULL, NULL, '2023-07-12 21:57:44', 'fe689137-a758-4e72-8a55-5581642f2a44', '2023-07-12 22:57:44', 0, '2023-07-12 21:57:44', 0, '2023-07-12 21:57:44', 0, 0);
INSERT INTO `auth_login_log` VALUES (285, 22, '127.0.0.1', NULL, NULL, NULL, NULL, '2023-07-12 22:20:25', '281f1e20-edad-4f78-83c9-9b44a8735697', '2023-07-12 23:20:25', 0, '2023-07-12 22:20:24', 0, '2023-07-12 22:20:24', 0, 0);
INSERT INTO `auth_login_log` VALUES (286, 22, '127.0.0.1', NULL, NULL, NULL, NULL, '2023-07-12 22:20:26', '28dd37f4-d739-4487-9521-83e84c74c7c2', '2023-07-12 22:21:44', 1, '2023-07-12 22:20:25', 0, '2023-07-12 22:20:25', 22, 0);
INSERT INTO `auth_login_log` VALUES (287, 22, '127.0.0.1', NULL, NULL, NULL, NULL, '2023-07-12 22:21:45', '0a9e9642-8296-4e35-9d64-372231107621', '2023-07-12 22:22:54', 1, '2023-07-12 22:21:44', 0, '2023-07-12 22:21:44', 22, 0);
INSERT INTO `auth_login_log` VALUES (288, 22, '127.0.0.1', NULL, NULL, NULL, NULL, '2023-07-13 00:03:29', '3c92e31f-232b-43de-b6af-2225954a1673', '2023-07-13 00:05:24', 1, '2023-07-13 00:03:28', 0, '2023-07-13 00:03:28', 22, 0);
INSERT INTO `auth_login_log` VALUES (289, 22, '127.0.0.1', NULL, NULL, NULL, NULL, '2023-07-13 00:05:28', '783951de-55fb-4983-a1f8-a1c80615f038', '2023-07-13 01:05:28', 0, '2023-07-13 00:05:27', 0, '2023-07-13 00:05:27', 0, 0);
INSERT INTO `auth_login_log` VALUES (290, 22, '127.0.0.1', NULL, NULL, NULL, NULL, '2023-07-13 00:07:25', '7eef672d-7a23-4da0-9074-d95392a2b47d', '2023-07-13 01:07:25', 0, '2023-07-13 00:07:24', 0, '2023-07-13 00:07:24', 0, 0);
INSERT INTO `auth_login_log` VALUES (291, 22, '127.0.0.1', NULL, NULL, NULL, NULL, '2023-07-13 00:09:36', 'ea59ce63-62e0-42be-8699-c8b24eee53f4', '2023-07-13 01:09:36', 0, '2023-07-13 00:09:35', 0, '2023-07-13 00:09:35', 0, 0);
INSERT INTO `auth_login_log` VALUES (292, 22, '127.0.0.1', NULL, NULL, NULL, NULL, '2023-09-03 16:14:20', '7c3387ec-ca9c-42f3-96b3-4230543b360b', '2023-09-03 16:20:25', 1, '2023-09-03 16:14:20', 0, '2023-09-03 16:14:20', 22, 0);
INSERT INTO `auth_login_log` VALUES (293, 1, '127.0.0.1', NULL, NULL, NULL, NULL, '2023-09-03 16:20:28', 'aa7ad626-c90a-4726-bf7a-2bcc363e86a8', '2023-09-03 16:21:34', 1, '2023-09-03 16:20:27', 0, '2023-09-03 16:20:27', 1, 0);
INSERT INTO `auth_login_log` VALUES (294, 22, '127.0.0.1', NULL, NULL, NULL, NULL, '2023-09-03 16:21:35', '56fd13ee-6364-4543-bf7f-1be404070ddd', '2023-09-03 16:21:40', 1, '2023-09-03 16:21:35', 0, '2023-09-03 16:21:35', 22, 0);
INSERT INTO `auth_login_log` VALUES (295, 1, '127.0.0.1', NULL, NULL, NULL, NULL, '2023-09-03 16:21:44', 'aa0ce968-b5f9-4129-b71a-c21bbc9146c2', '2023-09-03 16:29:50', 1, '2023-09-03 16:21:43', 0, '2023-09-03 16:21:43', 1, 0);
INSERT INTO `auth_login_log` VALUES (296, 1, '127.0.0.1', NULL, NULL, NULL, NULL, '2023-09-03 16:29:54', '1ff722f4-a749-4e84-bc4b-449cfadf7554', '2023-09-03 17:29:54', 0, '2023-09-03 16:29:53', 0, '2023-09-03 16:29:53', 0, 0);
INSERT INTO `auth_login_log` VALUES (297, 22, '127.0.0.1', NULL, NULL, NULL, NULL, '2023-09-03 17:30:28', '045a63a3-6452-490d-b67b-68b0aefd8d36', '2023-09-03 17:30:33', 1, '2023-09-03 17:30:28', 0, '2023-09-03 17:30:28', 22, 0);
INSERT INTO `auth_login_log` VALUES (298, 1, '127.0.0.1', NULL, NULL, NULL, NULL, '2023-09-03 17:30:36', 'f9197119-446d-4d9b-8813-1ab4e4949ecc', '2023-09-03 17:57:04', 1, '2023-09-03 17:30:36', 0, '2023-09-03 17:30:36', 1, 0);
INSERT INTO `auth_login_log` VALUES (299, 22, '127.0.0.1', NULL, NULL, NULL, NULL, '2023-09-03 17:57:06', '0d182c98-c81f-4f7d-b741-8f518b7eb33c', '2023-09-03 18:23:13', 1, '2023-09-03 17:57:05', 0, '2023-09-03 17:57:05', 22, 0);
INSERT INTO `auth_login_log` VALUES (300, 1, '127.0.0.1', NULL, NULL, NULL, NULL, '2023-09-03 18:23:26', '1b426e0f-33d3-49d8-934a-03a5aa975f45', '2023-09-03 18:29:42', 1, '2023-09-03 18:23:25', 0, '2023-09-03 18:23:25', 1, 0);
INSERT INTO `auth_login_log` VALUES (301, 22, '127.0.0.1', NULL, NULL, NULL, NULL, '2023-09-03 18:29:46', 'bd51f247-a2a1-4d85-85ba-9773dbe14a87', '2023-09-03 19:29:46', 0, '2023-09-03 18:29:45', 0, '2023-09-03 18:29:45', 0, 0);
INSERT INTO `auth_login_log` VALUES (302, 1, '127.0.0.1', NULL, NULL, NULL, NULL, '2023-09-03 18:33:31', '661504cd-20e8-4877-8c7f-90fb84af15bb', '2023-09-03 19:33:31', 0, '2023-09-03 18:33:31', 0, '2023-09-03 18:33:31', 0, 0);
INSERT INTO `auth_login_log` VALUES (303, 1, '127.0.0.1', NULL, NULL, NULL, NULL, '2023-09-03 18:36:29', '94a83d25-50d1-4481-b0ff-62f5885985a7', '2023-09-03 19:36:29', 0, '2023-09-03 18:36:28', 0, '2023-09-03 18:36:28', 0, 0);
INSERT INTO `auth_login_log` VALUES (304, 1, '127.0.0.1', NULL, NULL, NULL, NULL, '2023-09-03 18:36:30', 'ef8282ce-a0d6-4bbb-b813-ea43b6eff34b', '2023-09-03 19:36:30', 0, '2023-09-03 18:36:30', 0, '2023-09-03 18:36:30', 0, 0);
INSERT INTO `auth_login_log` VALUES (305, 1, '127.0.0.1', NULL, NULL, NULL, NULL, '2023-09-03 21:45:24', '551bd1ae-d082-4c06-8954-2442676c8a04', '2023-09-03 22:45:24', 0, '2023-09-03 21:45:23', 0, '2023-09-03 21:45:23', 0, 0);
INSERT INTO `auth_login_log` VALUES (306, 1, '127.0.0.1', NULL, NULL, NULL, NULL, '2023-09-04 21:09:14', '659f0e0a-f33d-4464-8c1b-e63f3b47c6c5', '2023-09-04 22:09:14', 0, '2023-09-04 21:09:14', 0, '2023-09-04 21:09:14', 0, 0);
INSERT INTO `auth_login_log` VALUES (307, 1, '127.0.0.1', NULL, NULL, NULL, NULL, '2023-09-04 23:03:38', 'f3e783e4-959e-4fb2-983f-1903b1c3f5cb', '2023-09-05 00:03:38', 0, '2023-09-04 23:03:38', 0, '2023-09-04 23:03:38', 0, 0);
INSERT INTO `auth_login_log` VALUES (308, 1, '127.0.0.1', NULL, NULL, NULL, NULL, '2023-09-04 23:16:29', '3ab7097f-09bf-40bc-9f39-8ac0f48147ab', '2023-09-05 00:16:29', 0, '2023-09-04 23:16:29', 0, '2023-09-04 23:16:29', 0, 0);
INSERT INTO `auth_login_log` VALUES (309, 22, '127.0.0.1', NULL, NULL, NULL, NULL, '2023-12-11 21:59:10', '565c3308-86fc-439a-b87c-d73b9100f1e7', '2023-12-11 22:59:10', 0, '2023-12-11 21:59:10', 0, '2023-12-11 21:59:10', 0, 0);
INSERT INTO `auth_login_log` VALUES (310, 22, '127.0.0.1', NULL, NULL, NULL, NULL, '2023-12-12 21:41:24', '954e0426-bf2d-4ad5-95bc-ced4d62dd201', '2023-12-12 22:41:24', 0, '2023-12-12 21:41:23', 0, '2023-12-12 21:41:23', 0, 0);
INSERT INTO `auth_login_log` VALUES (311, 22, '127.0.0.1', NULL, NULL, NULL, NULL, '2023-12-12 21:50:21', 'f674e407-bfc5-4eeb-828a-54e7077c6a59', '2023-12-12 22:50:21', 0, '2023-12-12 21:50:21', 0, '2023-12-12 21:50:21', 0, 0);
INSERT INTO `auth_login_log` VALUES (312, 22, '127.0.0.1', NULL, NULL, NULL, NULL, '2023-12-12 21:50:39', '46048da1-e62e-4121-b0ef-40f41c8e3911', '2023-12-12 22:50:39', 0, '2023-12-12 21:50:39', 0, '2023-12-12 21:50:39', 0, 0);
INSERT INTO `auth_login_log` VALUES (313, 1, '127.0.0.1', NULL, NULL, NULL, NULL, '2023-12-12 21:50:53', 'f13ed4f5-96bf-42a7-9437-a43d7f8e50f6', '2023-12-12 22:50:53', 0, '2023-12-12 21:50:53', 0, '2023-12-12 21:50:53', 0, 0);
INSERT INTO `auth_login_log` VALUES (314, 22, '127.0.0.1', NULL, NULL, NULL, NULL, '2023-12-12 21:55:28', '75c98721-c189-4612-965c-e036d339697e', '2023-12-12 22:55:28', 0, '2023-12-12 21:55:27', 0, '2023-12-12 21:55:27', 0, 0);
INSERT INTO `auth_login_log` VALUES (315, 22, '127.0.0.1', NULL, NULL, NULL, NULL, '2023-12-12 21:58:37', '149b1f59-e2e4-4f4d-a45e-ad491daaa40e', '2023-12-12 22:58:37', 0, '2023-12-12 21:58:36', 0, '2023-12-12 21:58:36', 0, 0);
INSERT INTO `auth_login_log` VALUES (316, 22, '127.0.0.1', NULL, NULL, NULL, NULL, '2023-12-12 22:01:03', 'ea25c748-3c1c-4f11-9b0c-b6e139b86a0a', '2023-12-12 23:01:03', 0, '2023-12-12 22:01:03', 0, '2023-12-12 22:01:03', 0, 0);
INSERT INTO `auth_login_log` VALUES (317, 22, '127.0.0.1', NULL, NULL, NULL, NULL, '2023-12-12 22:08:33', 'a99d18d1-52b2-496e-b4bb-283afac4cffb', '2023-12-12 23:08:33', 0, '2023-12-12 22:08:32', 22, '2023-12-12 22:08:32', 22, 0);
INSERT INTO `auth_login_log` VALUES (318, 22, '127.0.0.1', NULL, NULL, NULL, NULL, '2023-12-12 22:09:52', 'eb96574a-2aa7-4af9-b3d9-0bcaab3f788c', '2023-12-12 23:09:52', 0, '2023-12-12 22:09:52', 22, '2023-12-12 22:09:52', 22, 0);
INSERT INTO `auth_login_log` VALUES (319, 22, '127.0.0.1', NULL, NULL, NULL, NULL, '2023-12-12 22:17:27', 'c002ce78-03c1-4609-8857-26494489c5e6', '2023-12-12 23:17:27', 0, '2023-12-12 22:17:27', 0, '2023-12-12 22:17:27', 0, 0);
INSERT INTO `auth_login_log` VALUES (320, 22, '127.0.0.1', NULL, NULL, NULL, NULL, '2023-12-12 22:17:53', 'f17ec6fe-325b-43b7-b80f-331ce484848b', '2023-12-12 23:17:53', 0, '2023-12-12 22:17:53', 0, '2023-12-12 22:17:53', 0, 0);
INSERT INTO `auth_login_log` VALUES (321, 22, '127.0.0.1', NULL, NULL, NULL, NULL, '2023-12-13 21:42:34', '54f21e25-5850-43ed-98f6-2133f9aae7b1', '2023-12-13 22:42:34', 0, '2023-12-13 21:42:33', 0, '2023-12-13 21:42:33', 0, 0);
INSERT INTO `auth_login_log` VALUES (322, 22, '127.0.0.1', NULL, NULL, NULL, NULL, '2023-12-13 21:54:39', '27617acc-8940-4b31-9b7b-8b7262372ef9', '2023-12-13 22:00:23', 1, '2023-12-13 21:54:39', 0, '2023-12-13 21:54:39', 22, 0);
INSERT INTO `auth_login_log` VALUES (323, 1, '127.0.0.1', NULL, NULL, NULL, NULL, '2023-12-13 22:00:28', '1126118a-41e9-4d88-80f2-d929f0ab3fc5', '2023-12-13 23:00:28', 0, '2023-12-13 22:00:27', 0, '2023-12-13 22:00:27', 0, 0);
INSERT INTO `auth_login_log` VALUES (324, 22, '127.0.0.1', NULL, NULL, NULL, NULL, '2023-12-13 22:07:34', '29f54975-47a3-4daf-8804-06c4c12b38eb', '2023-12-13 23:07:34', 0, '2023-12-13 22:07:34', 0, '2023-12-13 22:07:34', 0, 0);
INSERT INTO `auth_login_log` VALUES (325, 22, '127.0.0.1', NULL, NULL, NULL, NULL, '2023-12-28 23:04:35', '448d79fc-d3b7-43c8-8e32-1d5a380a3812', '2023-12-28 23:08:53', 1, '2023-12-28 23:04:35', 0, '2023-12-28 23:04:35', 22, 0);
INSERT INTO `auth_login_log` VALUES (326, 22, '127.0.0.1', NULL, NULL, NULL, NULL, '2023-12-28 23:09:00', 'e20e823d-3114-49e0-b112-720b46df6d22', '2023-12-28 23:09:05', 1, '2023-12-28 23:09:00', 0, '2023-12-28 23:09:00', 22, 0);
INSERT INTO `auth_login_log` VALUES (327, 22, '127.0.0.1', NULL, NULL, NULL, NULL, '2023-12-28 23:09:33', 'ceb3ac62-16ec-4782-9ad4-d8b9ef40a763', '2023-12-28 23:09:58', 1, '2023-12-28 23:09:33', 0, '2023-12-28 23:09:33', 22, 0);
INSERT INTO `auth_login_log` VALUES (328, 22, '127.0.0.1', NULL, NULL, NULL, NULL, '2023-12-28 23:10:43', '052008d9-bf19-408d-b34e-ab7bdbb5f8e4', '2023-12-28 23:10:54', 1, '2023-12-28 23:10:42', 0, '2023-12-28 23:10:42', 22, 0);
INSERT INTO `auth_login_log` VALUES (329, 22, '127.0.0.1', NULL, NULL, NULL, NULL, '2023-12-28 23:55:31', '72600fd2-2a2a-428a-9fec-1e96949b6a44', '2023-12-29 00:55:31', 0, '2023-12-28 23:55:30', 0, '2023-12-28 23:55:30', 0, 0);
INSERT INTO `auth_login_log` VALUES (330, 22, '127.0.0.1', NULL, NULL, NULL, NULL, '2023-12-31 17:09:47', '24c862bf-e272-4a05-a0c0-dc3d2fd2a77a', '2023-12-31 18:09:47', 0, '2023-12-31 17:09:46', 0, '2023-12-31 17:09:46', 0, 0);
INSERT INTO `auth_login_log` VALUES (331, 22, '127.0.0.1', NULL, NULL, NULL, NULL, '2024-01-01 10:44:29', 'fbfb9f47-2993-4fdc-856e-abd63a1276e6', '2024-01-01 11:44:29', 0, '2024-01-01 10:44:28', 0, '2024-01-01 10:44:28', 0, 0);
INSERT INTO `auth_login_log` VALUES (332, 22, '127.0.0.1', NULL, NULL, NULL, NULL, '2024-01-01 11:11:51', 'ca168a09-b2fc-4a0d-8290-c307447f4356', '2024-01-01 11:20:59', 1, '2024-01-01 11:11:51', 0, '2024-01-01 11:11:51', 22, 0);
INSERT INTO `auth_login_log` VALUES (333, 22, '127.0.0.1', NULL, NULL, NULL, NULL, '2024-01-01 11:21:02', 'a404b5fc-a3e0-4229-8e3f-465e6d7d9d69', '2024-01-01 11:22:27', 1, '2024-01-01 11:21:01', 0, '2024-01-01 11:21:01', 22, 0);
INSERT INTO `auth_login_log` VALUES (334, 22, '127.0.0.1', NULL, NULL, NULL, NULL, '2024-01-01 11:22:29', 'bba96c0c-2f54-4fa2-9bab-f337452091cd', '2024-01-01 11:22:59', 1, '2024-01-01 11:22:29', 0, '2024-01-01 11:22:29', 22, 0);
INSERT INTO `auth_login_log` VALUES (335, 22, '127.0.0.1', NULL, NULL, NULL, NULL, '2024-01-01 11:23:12', '313df4d1-70a7-4e70-b8c5-2cea5e3a1e5f', '2024-01-01 11:23:22', 1, '2024-01-01 11:23:11', 0, '2024-01-01 11:23:11', 22, 0);
INSERT INTO `auth_login_log` VALUES (336, 22, '127.0.0.1', NULL, NULL, NULL, NULL, '2024-01-01 11:23:25', '652b655e-fb9d-474e-bb3a-54a73416e069', '2024-01-01 11:23:37', 1, '2024-01-01 11:23:24', 0, '2024-01-01 11:23:24', 22, 0);
INSERT INTO `auth_login_log` VALUES (337, 22, '127.0.0.1', NULL, NULL, NULL, NULL, '2024-01-01 11:24:09', 'ef868839-9bfa-4ea6-bbc4-3017aa42bf67', '2024-01-01 11:24:22', 1, '2024-01-01 11:24:09', 0, '2024-01-01 11:24:09', 22, 0);
INSERT INTO `auth_login_log` VALUES (338, 22, '127.0.0.1', NULL, NULL, NULL, NULL, '2024-01-01 11:30:48', 'b3958d89-aeac-4f3f-8c6f-9afcb97246e0', '2024-01-01 11:32:58', 1, '2024-01-01 11:30:48', 0, '2024-01-01 11:30:48', 22, 0);
INSERT INTO `auth_login_log` VALUES (339, 1, '127.0.0.1', NULL, NULL, NULL, NULL, '2024-01-01 11:32:24', '31bbabb3-2ade-47e8-8b68-50b0c4c02a60', '2024-01-01 11:34:42', 1, '2024-01-01 11:32:23', 0, '2024-01-01 11:32:23', 1, 0);
INSERT INTO `auth_login_log` VALUES (340, 22, '127.0.0.1', NULL, NULL, NULL, NULL, '2024-01-01 11:33:00', '08a557a1-b09f-48ba-9434-16d81fe8a638', '2024-01-01 11:35:58', 1, '2024-01-01 11:32:59', 0, '2024-01-01 11:32:59', 22, 0);
INSERT INTO `auth_login_log` VALUES (341, 1, '127.0.0.1', NULL, NULL, NULL, NULL, '2024-01-01 11:34:59', 'ba258628-76eb-48b0-932c-37219c4dcc9e', '2024-01-01 12:34:59', 0, '2024-01-01 11:34:59', 0, '2024-01-01 11:34:59', 0, 0);
INSERT INTO `auth_login_log` VALUES (342, 22, '127.0.0.1', NULL, NULL, NULL, NULL, '2024-01-01 11:35:59', '3d5827a1-fa48-4fc3-a83b-0d8ac97f975d', '2024-01-01 11:38:47', 1, '2024-01-01 11:35:59', 0, '2024-01-01 11:35:59', 22, 0);
INSERT INTO `auth_login_log` VALUES (343, 22, '127.0.0.1', NULL, NULL, NULL, NULL, '2024-01-01 11:38:48', 'e6d0807f-1609-42f2-b30b-2599b37a21ed', '2024-01-01 12:38:48', 0, '2024-01-01 11:38:48', 0, '2024-01-01 11:38:48', 0, 0);
INSERT INTO `auth_login_log` VALUES (344, 22, '127.0.0.1', NULL, NULL, NULL, NULL, '2024-01-01 11:45:56', '0afcde40-99ab-41fc-9cf4-465508618396', '2024-01-01 12:45:56', 0, '2024-01-01 11:45:56', 0, '2024-01-01 11:45:56', 0, 0);
INSERT INTO `auth_login_log` VALUES (345, 22, '127.0.0.1', NULL, NULL, NULL, NULL, '2024-01-01 12:36:06', '12ac0b29-5ef0-45c1-ad4c-1f02a0f12e66', '2024-01-01 13:36:06', 0, '2024-01-01 12:36:06', 0, '2024-01-01 12:36:06', 0, 0);
INSERT INTO `auth_login_log` VALUES (346, 22, '127.0.0.1', NULL, NULL, NULL, NULL, '2024-01-01 15:56:24', '20efcfd3-c09d-4850-ab61-60b61bb000bd', '2024-01-01 16:07:21', 1, '2024-01-01 15:56:24', 0, '2024-01-01 15:56:24', 22, 0);
INSERT INTO `auth_login_log` VALUES (347, 22, '127.0.0.1', NULL, NULL, NULL, NULL, '2024-01-01 16:07:22', 'fe4bc00e-4474-4a81-a41f-e9cc9bba9bfc', '2024-01-01 17:07:22', 0, '2024-01-01 16:07:22', 0, '2024-01-01 16:07:22', 0, 0);
INSERT INTO `auth_login_log` VALUES (348, 22, '127.0.0.1', NULL, NULL, NULL, NULL, '2024-01-01 16:13:22', 'de0dc171-b97e-4293-9cbe-c7dc74b1235a', '2024-01-01 17:13:22', 0, '2024-01-01 16:13:22', 0, '2024-01-01 16:13:22', 0, 0);
INSERT INTO `auth_login_log` VALUES (349, 22, '127.0.0.1', NULL, NULL, NULL, NULL, '2024-01-01 21:00:04', 'fec925d8-84ac-4507-893b-583ef18d21bf', '2024-01-01 22:00:04', 0, '2024-01-01 21:00:03', 0, '2024-01-01 21:00:03', 0, 0);
INSERT INTO `auth_login_log` VALUES (350, 22, '127.0.0.1', NULL, NULL, NULL, NULL, '2024-01-01 21:27:21', '28067de5-fb63-496c-a5c0-05efe20bb068', '2024-01-01 22:27:21', 0, '2024-01-01 21:27:21', 0, '2024-01-01 21:27:21', 0, 0);
INSERT INTO `auth_login_log` VALUES (351, 22, '127.0.0.1', NULL, NULL, NULL, NULL, '2024-01-01 21:57:04', '6b412429-6d46-4c80-9e93-d751de323fb9', '2024-01-01 22:57:04', 0, '2024-01-01 21:57:03', 0, '2024-01-01 21:57:03', 0, 0);
INSERT INTO `auth_login_log` VALUES (352, 22, '127.0.0.1', NULL, NULL, NULL, NULL, '2024-01-01 21:59:43', '87671a81-0946-47e8-a53e-a66c885090a2', '2024-01-01 22:59:43', 0, '2024-01-01 21:59:42', 0, '2024-01-01 21:59:42', 0, 0);
INSERT INTO `auth_login_log` VALUES (353, 22, '127.0.0.1', NULL, NULL, NULL, NULL, '2024-01-02 21:11:03', 'd33693fd-d447-4e1f-bb52-58b60438329f', '2024-01-02 22:11:03', 0, '2024-01-02 21:11:03', 0, '2024-01-02 21:11:03', 0, 0);
INSERT INTO `auth_login_log` VALUES (354, 1, '127.0.0.1', NULL, NULL, NULL, NULL, '2024-01-02 21:13:19', '9cc054ee-34ac-4491-8b25-a58a4a1d6a21', '2024-01-02 22:13:19', 0, '2024-01-02 21:13:19', 0, '2024-01-02 21:13:19', 0, 0);
INSERT INTO `auth_login_log` VALUES (355, 22, '127.0.0.1', NULL, NULL, NULL, NULL, '2024-01-02 21:13:36', '93d43ee7-6632-4d6a-9091-1da0e4099034', '2024-01-02 22:13:36', 0, '2024-01-02 21:13:36', 0, '2024-01-02 21:13:36', 0, 0);
INSERT INTO `auth_login_log` VALUES (356, 1, '127.0.0.1', NULL, NULL, NULL, NULL, '2024-01-02 21:14:26', '4e4a2602-9daa-4bc3-acf6-c6491f3a7a82', '2024-01-02 22:14:26', 0, '2024-01-02 21:14:25', 0, '2024-01-02 21:14:25', 0, 0);
INSERT INTO `auth_login_log` VALUES (357, 1, '127.0.0.1', NULL, NULL, NULL, NULL, '2024-01-02 21:17:16', '47b7fd23-9cec-47ca-a4c2-ed3a61b7bb81', '2024-01-02 22:17:16', 0, '2024-01-02 21:17:16', 0, '2024-01-02 21:17:16', 0, 0);
INSERT INTO `auth_login_log` VALUES (358, 1, '127.0.0.1', NULL, NULL, NULL, NULL, '2024-01-02 21:40:09', 'c2add0fa-03de-40c2-8fb4-3d90b144d832', '2024-01-02 22:40:09', 0, '2024-01-02 21:40:09', 0, '2024-01-02 21:40:09', 0, 0);
INSERT INTO `auth_login_log` VALUES (359, 1, '127.0.0.1', NULL, NULL, NULL, NULL, '2024-01-02 21:44:25', '9fcf7e22-9eae-473f-ac76-b256a4bf1791', '2024-01-02 22:44:25', 0, '2024-01-02 21:44:24', 0, '2024-01-02 21:44:24', 0, 0);
INSERT INTO `auth_login_log` VALUES (360, 1, '127.0.0.1', NULL, NULL, NULL, NULL, '2024-01-02 22:57:12', 'a4b75900-45e9-491e-b298-ca59fd9dcb58', '2024-01-02 23:57:12', 0, '2024-01-02 22:57:11', 0, '2024-01-02 22:57:11', 0, 0);
INSERT INTO `auth_login_log` VALUES (361, 22, '127.0.0.1', NULL, NULL, NULL, NULL, '2024-01-03 20:12:16', '4562c501-ac09-4b0d-8157-2df1241f9ba8', '2024-01-03 20:12:20', 1, '2024-01-03 20:12:16', 0, '2024-01-03 20:12:16', 22, 0);
INSERT INTO `auth_login_log` VALUES (362, 1, '127.0.0.1', NULL, NULL, NULL, NULL, '2024-01-03 20:12:23', '27af161b-3c4e-49b3-ae6e-ba83cd69c30c', '2024-01-03 21:12:23', 0, '2024-01-03 20:12:23', 0, '2024-01-03 20:12:23', 0, 0);
INSERT INTO `auth_login_log` VALUES (363, 1, '127.0.0.1', NULL, NULL, NULL, NULL, '2024-01-03 20:12:44', '66e65292-1d68-4895-a629-2c5fd2a92994', '2024-01-03 21:12:44', 0, '2024-01-03 20:12:44', 0, '2024-01-03 20:12:44', 0, 0);
INSERT INTO `auth_login_log` VALUES (364, 22, '127.0.0.1', NULL, NULL, NULL, NULL, '2024-01-03 20:30:49', '6f4b592c-3e0c-42c1-9e92-c431315881f0', '2024-01-03 20:30:53', 1, '2024-01-03 20:30:48', 0, '2024-01-03 20:30:48', 22, 0);
INSERT INTO `auth_login_log` VALUES (365, 1, '127.0.0.1', NULL, NULL, NULL, NULL, '2024-01-03 20:30:56', 'dfad9d33-0d87-4f6e-a3b2-28ff2f811a74', '2024-01-03 21:30:56', 0, '2024-01-03 20:30:55', 0, '2024-01-03 20:30:55', 0, 0);
INSERT INTO `auth_login_log` VALUES (366, 1, '127.0.0.1', NULL, NULL, NULL, NULL, '2024-01-03 22:15:17', '80625e4c-3b3d-4ea9-a255-beae005f16d7', '2024-01-03 22:17:23', 1, '2024-01-03 22:15:17', 0, '2024-01-03 22:15:17', 1, 0);
INSERT INTO `auth_login_log` VALUES (367, 1, '127.0.0.1', NULL, NULL, NULL, NULL, '2024-01-03 22:17:28', 'b8824dfb-9778-4fff-a519-c8f69f443ba1', '2024-01-03 22:18:02', 1, '2024-01-03 22:17:28', 0, '2024-01-03 22:17:28', 1, 0);
INSERT INTO `auth_login_log` VALUES (368, 1, '127.0.0.1', NULL, NULL, NULL, NULL, '2024-01-03 22:18:05', 'ad7b95ab-6b4d-4d09-82a2-d5bce8cf446b', '2024-01-03 23:18:05', 0, '2024-01-03 22:18:04', 0, '2024-01-03 22:18:04', 0, 0);
INSERT INTO `auth_login_log` VALUES (369, 1, '127.0.0.1', NULL, NULL, NULL, NULL, '2024-01-03 22:21:00', '3593468e-b136-4ea3-885a-54a4f45151f1', '2024-01-03 22:21:56', 1, '2024-01-03 22:21:00', 0, '2024-01-03 22:21:00', 1, 0);
INSERT INTO `auth_login_log` VALUES (370, 1, '127.0.0.1', NULL, NULL, NULL, NULL, '2024-01-03 22:22:01', 'cc672c0d-a3ea-49cb-a1b8-88b1ece0f7a2', '2024-01-03 22:22:43', 1, '2024-01-03 22:22:01', 0, '2024-01-03 22:22:01', 1, 0);
INSERT INTO `auth_login_log` VALUES (371, 1, '127.0.0.1', NULL, NULL, NULL, NULL, '2024-01-03 22:22:46', 'ec9533dd-690d-4f17-ac45-9a10ce929e5f', '2024-01-03 23:22:46', 0, '2024-01-03 22:22:45', 0, '2024-01-03 22:22:45', 0, 0);
INSERT INTO `auth_login_log` VALUES (372, 1, '127.0.0.1', NULL, NULL, NULL, NULL, '2024-01-03 22:23:21', '8591d4e8-5086-4e1e-b4e5-a365a9c2fa27', '2024-01-03 22:25:34', 1, '2024-01-03 22:23:20', 0, '2024-01-03 22:23:20', 1, 0);
INSERT INTO `auth_login_log` VALUES (373, 1, '127.0.0.1', NULL, NULL, NULL, NULL, '2024-01-03 22:25:41', '5054fc9b-1a97-4d71-b94c-e4df609b4cfb', '2024-01-03 22:26:46', 1, '2024-01-03 22:25:40', 0, '2024-01-03 22:25:40', 1, 0);
INSERT INTO `auth_login_log` VALUES (374, 1, '127.0.0.1', NULL, NULL, NULL, NULL, '2024-01-03 22:26:50', '65afdde6-119f-47c5-b4d2-90156a05c82a', '2024-01-03 22:29:02', 1, '2024-01-03 22:26:50', 0, '2024-01-03 22:26:50', 1, 0);
INSERT INTO `auth_login_log` VALUES (375, 1, '127.0.0.1', NULL, NULL, NULL, NULL, '2024-01-03 22:29:08', '15568247-8671-4a37-b642-b578bb0e11dc', '2024-01-03 23:29:08', 0, '2024-01-03 22:29:07', 0, '2024-01-03 22:29:07', 0, 0);
INSERT INTO `auth_login_log` VALUES (376, 1, '127.0.0.1', NULL, NULL, NULL, NULL, '2024-01-03 22:32:59', 'bc24d0df-8ab7-4f34-8715-b09f944c6858', '2024-01-03 23:32:59', 0, '2024-01-03 22:32:59', 0, '2024-01-03 22:32:59', 0, 0);
INSERT INTO `auth_login_log` VALUES (377, 1, '127.0.0.1', NULL, NULL, NULL, NULL, '2024-01-03 22:34:25', '13f67df2-7bb0-45c7-aab2-17787f6ce893', '2024-01-03 22:34:51', 1, '2024-01-03 22:34:25', 0, '2024-01-03 22:34:25', 1, 0);
INSERT INTO `auth_login_log` VALUES (378, 1, '127.0.0.1', NULL, NULL, NULL, NULL, '2024-01-03 22:34:56', '0b0c25a2-3d63-4886-8f76-d9cd30f59c32', '2024-01-03 22:36:04', 1, '2024-01-03 22:34:56', 0, '2024-01-03 22:34:56', 1, 0);
INSERT INTO `auth_login_log` VALUES (379, 1, '127.0.0.1', NULL, NULL, NULL, NULL, '2024-01-03 22:36:08', 'd0be7fa2-0966-4abe-9b4a-6cc455d70359', '2024-01-03 22:36:35', 1, '2024-01-03 22:36:08', 0, '2024-01-03 22:36:08', 1, 0);
INSERT INTO `auth_login_log` VALUES (380, 1, '127.0.0.1', NULL, NULL, NULL, NULL, '2024-01-03 22:36:44', 'c2f9eb30-2edf-4410-b3c4-63218bfe1e65', '2024-01-03 22:37:37', 1, '2024-01-03 22:36:44', 0, '2024-01-03 22:36:44', 1, 0);
INSERT INTO `auth_login_log` VALUES (381, 1, '127.0.0.1', NULL, NULL, NULL, NULL, '2024-01-03 22:37:41', '6a3f7eac-4fde-4ca0-b620-ae56d3c5edb8', '2024-01-03 22:38:55', 1, '2024-01-03 22:37:40', 0, '2024-01-03 22:37:40', 1, 0);
INSERT INTO `auth_login_log` VALUES (382, 1, '127.0.0.1', NULL, NULL, NULL, NULL, '2024-01-03 22:38:57', '68640d73-bc63-42c0-859c-50d635ac2e7c', '2024-01-03 22:39:25', 1, '2024-01-03 22:38:57', 0, '2024-01-03 22:38:57', 1, 0);
INSERT INTO `auth_login_log` VALUES (383, 1, '127.0.0.1', NULL, NULL, NULL, NULL, '2024-01-03 22:39:28', 'df2877ff-8da9-434b-8050-5b02730e1d57', '2024-01-03 22:42:50', 1, '2024-01-03 22:39:28', 0, '2024-01-03 22:39:28', 1, 0);
INSERT INTO `auth_login_log` VALUES (384, 1, '127.0.0.1', NULL, NULL, NULL, NULL, '2024-01-03 22:42:57', '77ede0f3-e447-4881-b58b-f40cd7af39aa', '2024-01-03 22:43:16', 1, '2024-01-03 22:42:57', 0, '2024-01-03 22:42:57', 1, 0);
INSERT INTO `auth_login_log` VALUES (385, 1, '127.0.0.1', NULL, NULL, NULL, NULL, '2024-01-03 22:43:21', '9beef22e-eedc-4b45-a461-c28ba20d93ca', '2024-01-03 22:48:44', 1, '2024-01-03 22:43:20', 0, '2024-01-03 22:43:20', 1, 0);
INSERT INTO `auth_login_log` VALUES (386, 1, '127.0.0.1', NULL, NULL, NULL, NULL, '2024-01-03 22:48:47', '4acb9eb3-1c43-4fb0-907a-9e78e54e7d1d', '2024-01-03 23:48:47', 0, '2024-01-03 22:48:46', 0, '2024-01-03 22:48:46', 0, 0);
INSERT INTO `auth_login_log` VALUES (387, 1, '127.0.0.1', NULL, NULL, NULL, NULL, '2024-01-04 21:24:11', '48233dd8-bb0c-493e-bab0-4194e6ea3998', '2024-01-04 21:25:24', 1, '2024-01-04 21:24:10', 0, '2024-01-04 21:24:10', 1, 0);
INSERT INTO `auth_login_log` VALUES (388, 22, '127.0.0.1', NULL, NULL, NULL, NULL, '2024-01-04 21:25:29', 'b8bc7481-dbbe-4c3b-a64f-937ffae6316f', '2024-01-04 21:25:32', 1, '2024-01-04 21:25:28', 0, '2024-01-04 21:25:28', 22, 0);
INSERT INTO `auth_login_log` VALUES (389, 1, '127.0.0.1', NULL, NULL, NULL, NULL, '2024-01-04 21:25:34', '35b664d1-3bd0-4bb4-8280-7805e6e4cfd8', '2024-01-04 22:25:34', 0, '2024-01-04 21:25:33', 0, '2024-01-04 21:25:33', 0, 0);
INSERT INTO `auth_login_log` VALUES (390, 1, '127.0.0.1', NULL, NULL, NULL, NULL, '2024-01-04 21:35:42', 'f837ae83-e07b-4cd5-accf-be5694082b83', '2024-01-04 22:35:42', 0, '2024-01-04 21:35:42', 0, '2024-01-04 21:35:42', 0, 0);
INSERT INTO `auth_login_log` VALUES (391, 1, '127.0.0.1', NULL, NULL, NULL, NULL, '2024-01-04 22:13:08', '160ca13b-0915-4253-b095-6f2d184f4647', '2024-01-04 23:13:08', 0, '2024-01-04 22:13:07', 0, '2024-01-04 22:13:07', 0, 0);

-- ----------------------------
-- Table structure for auth_resources
-- ----------------------------
DROP TABLE IF EXISTS `auth_resources`;
CREATE TABLE `auth_resources`  (
  `id` int(11) NOT NULL AUTO_INCREMENT COMMENT '资源主键',
  `uri` varchar(255) CHARACTER SET utf8 COLLATE utf8_general_ci NOT NULL COMMENT '资源定位符',
  `regex` varchar(255) CHARACTER SET utf8 COLLATE utf8_general_ci NOT NULL COMMENT '正则匹配',
  `description` varchar(255) CHARACTER SET utf8 COLLATE utf8_general_ci NOT NULL COMMENT '资源描述信息',
  `method_type` varchar(16) CHARACTER SET utf8 COLLATE utf8_general_ci NOT NULL COMMENT '资源方法类型：get/post/put/delete',
  `create_time` datetime(0) NOT NULL DEFAULT CURRENT_TIMESTAMP COMMENT '数据库数据插入时间',
  `create_user_id` int(11) NOT NULL DEFAULT 0 COMMENT '数据库数据插入用户主键',
  `update_time` datetime(0) NOT NULL DEFAULT CURRENT_TIMESTAMP ON UPDATE CURRENT_TIMESTAMP(0) COMMENT '数据库数据更新时间',
  `update_user_id` int(11) NOT NULL DEFAULT 0 COMMENT '数据库数据更新用户主键',
  `deleted` tinyint(1) NOT NULL DEFAULT 0 COMMENT '逻辑删除标识，0为正常，1为逻辑删除0，默认为0',
  PRIMARY KEY (`id`) USING BTREE
) ENGINE = InnoDB AUTO_INCREMENT = 954 CHARACTER SET = utf8mb4 COLLATE = utf8mb4_general_ci COMMENT = '系统资源表' ROW_FORMAT = Compact;

-- ----------------------------
-- Records of auth_resources
-- ----------------------------
INSERT INTO `auth_resources` VALUES (776, '/config/const/list', '^/config/const/list$', '查询所有的系统配置常量表数据', 'GET', '2024-01-01 23:45:54', 0, '2024-01-01 23:45:54', 0, 0);
INSERT INTO `auth_resources` VALUES (777, '/config/const/key', '^/config/const/key$', '查询常量键值配置数据', 'GET', '2024-01-01 23:45:54', 0, '2024-01-01 23:45:54', 0, 0);
INSERT INTO `auth_resources` VALUES (778, '/config/const/keys', '^/config/const/keys$', '批量查询常量键值配置数据', 'POST', '2024-01-01 23:45:54', 0, '2024-01-01 23:45:54', 0, 0);
INSERT INTO `auth_resources` VALUES (779, '/config/const/page/{currentPage}', '^/config/const/page/[0-9]+$', '分页查询系统配置常量表数据', 'GET', '2024-01-01 23:45:54', 0, '2024-01-01 23:45:54', 0, 0);
INSERT INTO `auth_resources` VALUES (780, '/config/const/recover/{id}', '^/config/const/recover/[0-9]+$', '通过主键彻底删除一条系统配置常量表数据', 'DELETE', '2024-01-01 23:45:54', 0, '2024-01-01 23:45:54', 0, 0);
INSERT INTO `auth_resources` VALUES (781, '/config/const/recover/page/{currentPage}', '^/config/const/recover/page/[0-9]+$', '分页查询逻辑删除的系统配置常量表数据', 'GET', '2024-01-01 23:45:54', 0, '2024-01-01 23:45:54', 0, 0);
INSERT INTO `auth_resources` VALUES (782, '/config/const/recover/{id}', '^/config/const/recover/[0-9]+$', '通过主键恢复逻辑删除的系统配置常量表数据', 'PUT', '2024-01-01 23:45:54', 0, '2024-01-01 23:45:54', 0, 0);
INSERT INTO `auth_resources` VALUES (783, '/config/const/list/key', '^/config/const/list/key$', '查询所有的常量键值数据', 'GET', '2024-01-01 23:45:54', 0, '2024-01-01 23:45:54', 0, 0);
INSERT INTO `auth_resources` VALUES (784, '/config/const/export/excel', '^/config/const/export/excel$', '导出系统配置常量表数据的Excel文件', 'GET', '2024-01-01 23:45:54', 0, '2024-01-01 23:45:54', 0, 0);
INSERT INTO `auth_resources` VALUES (785, '/config/const', '^/config/const$', '[通用方法]插入一条对应实体类的数据库记录', 'POST', '2024-01-01 23:45:54', 0, '2024-01-01 23:45:54', 0, 0);
INSERT INTO `auth_resources` VALUES (786, '/config/const', '^/config/const$', '[通用方法]更新一条对应实体类的数据库记录', 'PUT', '2024-01-01 23:45:54', 0, '2024-01-01 23:45:54', 0, 0);
INSERT INTO `auth_resources` VALUES (787, '/config/const/{id}', '^/config/const/[0-9]+$', '[通用方法]通过主键获取一条对应实体类的数据库记录', 'GET', '2024-01-01 23:45:54', 0, '2024-01-01 23:45:54', 0, 0);
INSERT INTO `auth_resources` VALUES (788, '/config/const/{id}', '^/config/const/[0-9]+$', '[通用方法]通过主键删除一条对应实体类的数据库记录', 'DELETE', '2024-01-01 23:45:54', 0, '2024-01-01 23:45:54', 0, 0);
INSERT INTO `auth_resources` VALUES (789, '/index/weather', '^/index/weather$', '获取当前城市的天气预报信息', 'GET', '2024-01-01 23:45:54', 0, '2024-01-01 23:45:54', 0, 0);
INSERT INTO `auth_resources` VALUES (790, '/index/panel/group', '^/index/panel/group$', '获取系统首页的展示数据', 'GET', '2024-01-01 23:45:54', 0, '2024-01-01 23:45:54', 0, 0);
INSERT INTO `auth_resources` VALUES (791, '/index/login/map', '^/index/login/map$', '获取系统首页的用户登录地图数据', 'GET', '2024-01-01 23:45:54', 0, '2024-01-01 23:45:54', 0, 0);
INSERT INTO `auth_resources` VALUES (792, '/log/list', '^/log/list$', '查询所有的系统操作日志表数据', 'GET', '2024-01-01 23:45:54', 0, '2024-01-01 23:45:54', 0, 0);
INSERT INTO `auth_resources` VALUES (793, '/log/page/{currentPage}', '^/log/page/[0-9]+$', '分页查询系统操作日志表数据', 'GET', '2024-01-01 23:45:54', 0, '2024-01-01 23:45:54', 0, 0);
INSERT INTO `auth_resources` VALUES (794, '/log/recover/{id}', '^/log/recover/[0-9]+$', '通过主键彻底删除一条系统操作日志表数据', 'DELETE', '2024-01-01 23:45:54', 0, '2024-01-01 23:45:54', 0, 0);
INSERT INTO `auth_resources` VALUES (795, '/log/recover/page/{currentPage}', '^/log/recover/page/[0-9]+$', '分页查询逻辑删除的系统操作日志表数据', 'GET', '2024-01-01 23:45:54', 0, '2024-01-01 23:45:54', 0, 0);
INSERT INTO `auth_resources` VALUES (796, '/log/recover/{id}', '^/log/recover/[0-9]+$', '通过主键恢复逻辑删除的系统操作日志表数据', 'PUT', '2024-01-01 23:45:54', 0, '2024-01-01 23:45:54', 0, 0);
INSERT INTO `auth_resources` VALUES (797, '/log/export/excel', '^/log/export/excel$', '导出操作日志列表数据的Excel文件', 'GET', '2024-01-01 23:45:54', 0, '2024-01-01 23:45:54', 0, 0);
INSERT INTO `auth_resources` VALUES (798, '/log', '^/log$', '[通用方法]插入一条对应实体类的数据库记录', 'POST', '2024-01-01 23:45:54', 0, '2024-01-01 23:45:54', 0, 0);
INSERT INTO `auth_resources` VALUES (799, '/log', '^/log$', '[通用方法]更新一条对应实体类的数据库记录', 'PUT', '2024-01-01 23:45:54', 0, '2024-01-01 23:45:54', 0, 0);
INSERT INTO `auth_resources` VALUES (800, '/log/{id}', '^/log/[0-9]+$', '[通用方法]通过主键获取一条对应实体类的数据库记录', 'GET', '2024-01-01 23:45:54', 0, '2024-01-01 23:45:54', 0, 0);
INSERT INTO `auth_resources` VALUES (801, '/log/{id}', '^/log/[0-9]+$', '[通用方法]通过主键删除一条对应实体类的数据库记录', 'DELETE', '2024-01-01 23:45:54', 0, '2024-01-01 23:45:54', 0, 0);
INSERT INTO `auth_resources` VALUES (802, '/menu/enabled/{id}', '^/menu/enabled/[0-9]+$', '启用或者禁用一个菜单', 'PUT', '2024-01-01 23:45:54', 0, '2024-01-01 23:45:54', 0, 0);
INSERT INTO `auth_resources` VALUES (803, '/menu/hidden/{id}', '^/menu/hidden/[0-9]+$', '隐藏或者显示一个菜单', 'PUT', '2024-01-01 23:45:54', 0, '2024-01-01 23:45:54', 0, 0);
INSERT INTO `auth_resources` VALUES (804, '/menu/routes', '^/menu/routes$', '[动态路由]获取所有启用的系统菜单', 'GET', '2024-01-01 23:45:54', 0, '2024-01-01 23:45:54', 0, 0);
INSERT INTO `auth_resources` VALUES (805, '/menu/role/{menuId}', '^/menu/role/[0-9]+$', '删除菜单角色', 'DELETE', '2024-01-01 23:45:54', 0, '2024-01-01 23:45:54', 0, 0);
INSERT INTO `auth_resources` VALUES (806, '/menu/role/{menuId}', '^/menu/role/[0-9]+$', '获取该菜单未拥有的角色', 'GET', '2024-01-01 23:45:54', 0, '2024-01-01 23:45:54', 0, 0);
INSERT INTO `auth_resources` VALUES (807, '/menu/role/{menuId}', '^/menu/role/[0-9]+$', '添加菜单角色', 'POST', '2024-01-01 23:45:54', 0, '2024-01-01 23:45:54', 0, 0);
INSERT INTO `auth_resources` VALUES (808, '/menu/page/{currentPage}', '^/menu/page/[0-9]+$', '分页查询系统菜单表数据', 'GET', '2024-01-01 23:45:54', 0, '2024-01-01 23:45:54', 0, 0);
INSERT INTO `auth_resources` VALUES (809, '/menu/recover/{id}', '^/menu/recover/[0-9]+$', '通过主键彻底删除一条系统菜单表数据', 'DELETE', '2024-01-01 23:45:54', 0, '2024-01-01 23:45:54', 0, 0);
INSERT INTO `auth_resources` VALUES (810, '/menu/recover/page/{currentPage}', '^/menu/recover/page/[0-9]+$', '分页查询逻辑删除的系统菜单表数据', 'GET', '2024-01-01 23:45:54', 0, '2024-01-01 23:45:54', 0, 0);
INSERT INTO `auth_resources` VALUES (811, '/menu/recover/{id}', '^/menu/recover/[0-9]+$', '通过主键恢复逻辑删除的系统菜单表数据', 'PUT', '2024-01-01 23:45:54', 0, '2024-01-01 23:45:54', 0, 0);
INSERT INTO `auth_resources` VALUES (812, '/menu/export/excel', '^/menu/export/excel$', '导出系统菜单列表数据的Excel文件', 'GET', '2024-01-01 23:45:54', 0, '2024-01-01 23:45:54', 0, 0);
INSERT INTO `auth_resources` VALUES (813, '/menu', '^/menu$', '[通用方法]插入一条对应实体类的数据库记录', 'POST', '2024-01-01 23:45:54', 0, '2024-01-01 23:45:54', 0, 0);
INSERT INTO `auth_resources` VALUES (814, '/menu', '^/menu$', '[通用方法]更新一条对应实体类的数据库记录', 'PUT', '2024-01-01 23:45:54', 0, '2024-01-01 23:45:54', 0, 0);
INSERT INTO `auth_resources` VALUES (815, '/menu/{id}', '^/menu/[0-9]+$', '[通用方法]通过主键获取一条对应实体类的数据库记录', 'GET', '2024-01-01 23:45:54', 0, '2024-01-01 23:45:54', 0, 0);
INSERT INTO `auth_resources` VALUES (816, '/menu/{id}', '^/menu/[0-9]+$', '[通用方法]通过主键删除一条对应实体类的数据库记录', 'DELETE', '2024-01-01 23:45:54', 0, '2024-01-01 23:45:54', 0, 0);
INSERT INTO `auth_resources` VALUES (817, '/organ/list', '^/organ/list$', '查询所有的系统组织机构表数据', 'GET', '2024-01-01 23:45:54', 0, '2024-01-01 23:45:54', 0, 0);
INSERT INTO `auth_resources` VALUES (818, '/organ/page/{currentPage}', '^/organ/page/[0-9]+$', '分页查询系统组织机构表数据', 'GET', '2024-01-01 23:45:54', 0, '2024-01-01 23:45:54', 0, 0);
INSERT INTO `auth_resources` VALUES (819, '/organ/recover/{id}', '^/organ/recover/[0-9]+$', '通过主键彻底删除一条系统组织机构表数据', 'DELETE', '2024-01-01 23:45:54', 0, '2024-01-01 23:45:54', 0, 0);
INSERT INTO `auth_resources` VALUES (820, '/organ/recover/page/{currentPage}', '^/organ/recover/page/[0-9]+$', '分页查询逻辑删除的系统组织机构表数据', 'GET', '2024-01-01 23:45:54', 0, '2024-01-01 23:45:54', 0, 0);
INSERT INTO `auth_resources` VALUES (821, '/organ/recover/{id}', '^/organ/recover/[0-9]+$', '通过主键恢复逻辑删除的系统组织机构表数据', 'PUT', '2024-01-01 23:45:54', 0, '2024-01-01 23:45:54', 0, 0);
INSERT INTO `auth_resources` VALUES (822, '/organ/export/excel', '^/organ/export/excel$', '导出系统组织机构表数据的Excel文件', 'GET', '2024-01-01 23:45:54', 0, '2024-01-01 23:45:54', 0, 0);
INSERT INTO `auth_resources` VALUES (823, '/organ', '^/organ$', '[通用方法]插入一条对应实体类的数据库记录', 'POST', '2024-01-01 23:45:54', 0, '2024-01-01 23:45:54', 0, 0);
INSERT INTO `auth_resources` VALUES (824, '/organ', '^/organ$', '[通用方法]更新一条对应实体类的数据库记录', 'PUT', '2024-01-01 23:45:54', 0, '2024-01-01 23:45:54', 0, 0);
INSERT INTO `auth_resources` VALUES (825, '/organ/{id}', '^/organ/[0-9]+$', '[通用方法]通过主键获取一条对应实体类的数据库记录', 'GET', '2024-01-01 23:45:54', 0, '2024-01-01 23:45:54', 0, 0);
INSERT INTO `auth_resources` VALUES (826, '/organ/{id}', '^/organ/[0-9]+$', '[通用方法]通过主键删除一条对应实体类的数据库记录', 'DELETE', '2024-01-01 23:45:54', 0, '2024-01-01 23:45:54', 0, 0);
INSERT INTO `auth_resources` VALUES (827, '/user/config/list', '^/user/config/list$', '查询所有的系统用户配置表数据', 'GET', '2024-01-01 23:45:54', 0, '2024-01-01 23:45:54', 0, 0);
INSERT INTO `auth_resources` VALUES (828, '/user/config/key', '^/user/config/key$', '更新用户配置数据', 'PUT', '2024-01-01 23:45:54', 0, '2024-01-01 23:45:54', 0, 0);
INSERT INTO `auth_resources` VALUES (829, '/user/config/page/{currentPage}', '^/user/config/page/[0-9]+$', '分页查询系统用户配置表数据', 'GET', '2024-01-01 23:45:54', 0, '2024-01-01 23:45:54', 0, 0);
INSERT INTO `auth_resources` VALUES (830, '/user/config/recover/{id}', '^/user/config/recover/[0-9]+$', '通过主键彻底删除一条系统用户配置表数据', 'DELETE', '2024-01-01 23:45:54', 0, '2024-01-01 23:45:54', 0, 0);
INSERT INTO `auth_resources` VALUES (831, '/user/config/recover/page/{currentPage}', '^/user/config/recover/page/[0-9]+$', '分页查询逻辑删除的系统用户配置表数据', 'GET', '2024-01-01 23:45:54', 0, '2024-01-01 23:45:54', 0, 0);
INSERT INTO `auth_resources` VALUES (832, '/user/config/recover/{id}', '^/user/config/recover/[0-9]+$', '通过主键恢复逻辑删除的系统用户配置表数据', 'PUT', '2024-01-01 23:45:54', 0, '2024-01-01 23:45:54', 0, 0);
INSERT INTO `auth_resources` VALUES (833, '/user/config/export/excel', '^/user/config/export/excel$', '导出系统用户配置表数据的Excel文件', 'GET', '2024-01-01 23:45:54', 0, '2024-01-01 23:45:54', 0, 0);
INSERT INTO `auth_resources` VALUES (834, '/user/config', '^/user/config$', '[通用方法]插入一条对应实体类的数据库记录', 'POST', '2024-01-01 23:45:54', 0, '2024-01-01 23:45:54', 0, 0);
INSERT INTO `auth_resources` VALUES (835, '/user/config', '^/user/config$', '[通用方法]更新一条对应实体类的数据库记录', 'PUT', '2024-01-01 23:45:54', 0, '2024-01-01 23:45:54', 0, 0);
INSERT INTO `auth_resources` VALUES (836, '/user/config/{id}', '^/user/config/[0-9]+$', '[通用方法]通过主键获取一条对应实体类的数据库记录', 'GET', '2024-01-01 23:45:54', 0, '2024-01-01 23:45:54', 0, 0);
INSERT INTO `auth_resources` VALUES (837, '/user/config/{id}', '^/user/config/[0-9]+$', '[通用方法]通过主键删除一条对应实体类的数据库记录', 'DELETE', '2024-01-01 23:45:54', 0, '2024-01-01 23:45:54', 0, 0);
INSERT INTO `auth_resources` VALUES (838, '/user/info/list', '^/user/info/list$', '查询所有的系统用户信息表数据', 'GET', '2024-01-01 23:45:55', 0, '2024-01-01 23:45:55', 0, 0);
INSERT INTO `auth_resources` VALUES (839, '/user/info', '^/user/info$', '查询当前登录用户的信息数据', 'GET', '2024-01-01 23:45:55', 0, '2024-01-01 23:45:55', 0, 0);
INSERT INTO `auth_resources` VALUES (840, '/user/info/mail/verify', '^/user/info/mail/verify$', '验证邮件验证码', 'POST', '2024-01-01 23:45:55', 0, '2024-01-01 23:45:55', 0, 0);
INSERT INTO `auth_resources` VALUES (841, '/user/info/page/{currentPage}', '^/user/info/page/[0-9]+$', '分页查询系统用户信息表数据', 'GET', '2024-01-01 23:45:55', 0, '2024-01-01 23:45:55', 0, 0);
INSERT INTO `auth_resources` VALUES (842, '/user/info/recover/{id}', '^/user/info/recover/[0-9]+$', '通过主键彻底删除一条系统用户信息表数据', 'DELETE', '2024-01-01 23:45:55', 0, '2024-01-01 23:45:55', 0, 0);
INSERT INTO `auth_resources` VALUES (843, '/user/info/recover/page/{currentPage}', '^/user/info/recover/page/[0-9]+$', '分页查询逻辑删除的系统用户信息表数据', 'GET', '2024-01-01 23:45:55', 0, '2024-01-01 23:45:55', 0, 0);
INSERT INTO `auth_resources` VALUES (844, '/user/info/recover/{id}', '^/user/info/recover/[0-9]+$', '通过主键恢复逻辑删除的系统用户信息表数据', 'PUT', '2024-01-01 23:45:55', 0, '2024-01-01 23:45:55', 0, 0);
INSERT INTO `auth_resources` VALUES (845, '/user/info/export/excel', '^/user/info/export/excel$', '导出系统用户信息表数据的Excel文件', 'GET', '2024-01-01 23:45:55', 0, '2024-01-01 23:45:55', 0, 0);
INSERT INTO `auth_resources` VALUES (846, '/user/info/avatar', '^/user/info/avatar$', '获取用户头像路径', 'GET', '2024-01-01 23:45:55', 0, '2024-01-01 23:45:55', 0, 0);
INSERT INTO `auth_resources` VALUES (847, '/user/info/mail/verify/send', '^/user/info/mail/verify/send$', '发送电子邮件号码验证邮件', 'POST', '2024-01-01 23:45:55', 0, '2024-01-01 23:45:55', 0, 0);
INSERT INTO `auth_resources` VALUES (848, '/user/info/avatar', '^/user/info/avatar$', '上传用户头像', 'POST', '2024-01-01 23:45:55', 0, '2024-01-01 23:45:55', 0, 0);
INSERT INTO `auth_resources` VALUES (849, '/user/info', '^/user/info$', '[通用方法]插入一条对应实体类的数据库记录', 'POST', '2024-01-01 23:45:55', 0, '2024-01-01 23:45:55', 0, 0);
INSERT INTO `auth_resources` VALUES (850, '/user/info', '^/user/info$', '[通用方法]更新一条对应实体类的数据库记录', 'PUT', '2024-01-01 23:45:55', 0, '2024-01-01 23:45:55', 0, 0);
INSERT INTO `auth_resources` VALUES (851, '/user/info/{id}', '^/user/info/[0-9]+$', '[通用方法]通过主键获取一条对应实体类的数据库记录', 'GET', '2024-01-01 23:45:55', 0, '2024-01-01 23:45:55', 0, 0);
INSERT INTO `auth_resources` VALUES (852, '/user/info/{id}', '^/user/info/[0-9]+$', '[通用方法]通过主键删除一条对应实体类的数据库记录', 'DELETE', '2024-01-01 23:45:55', 0, '2024-01-01 23:45:55', 0, 0);
INSERT INTO `auth_resources` VALUES (853, '/server/info', '^/server/info$', '获取系统服务器的监控信息', 'GET', '2024-01-01 23:45:55', 0, '2024-01-01 23:45:55', 0, 0);
INSERT INTO `auth_resources` VALUES (854, '/server/piechart', '^/server/piechart$', '获取系统服务器的CPU，内存，JVM饼图信息', 'GET', '2024-01-01 23:45:55', 0, '2024-01-01 23:45:55', 0, 0);
INSERT INTO `auth_resources` VALUES (855, '/file/manage/replace', '^/file/manage/replace$', '通过主键替换一个文件资源', 'POST', '2024-01-01 23:45:55', 0, '2024-01-01 23:45:55', 0, 0);
INSERT INTO `auth_resources` VALUES (856, '/file/manage/list', '^/file/manage/list$', '查询所有的文件资源管理表数据', 'GET', '2024-01-01 23:45:55', 0, '2024-01-01 23:45:55', 0, 0);
INSERT INTO `auth_resources` VALUES (857, '/file/manage/page/{currentPage}', '^/file/manage/page/[0-9]+$', '分页查询文件资源管理表数据', 'GET', '2024-01-01 23:45:55', 0, '2024-01-01 23:45:55', 0, 0);
INSERT INTO `auth_resources` VALUES (858, '/file/manage/recover/{id}', '^/file/manage/recover/[0-9]+$', '通过主键彻底删除一条文件资源管理表数据', 'DELETE', '2024-01-01 23:45:55', 0, '2024-01-01 23:45:55', 0, 0);
INSERT INTO `auth_resources` VALUES (859, '/file/manage/recover/page/{currentPage}', '^/file/manage/recover/page/[0-9]+$', '分页查询逻辑删除的文件资源管理表数据', 'GET', '2024-01-01 23:45:55', 0, '2024-01-01 23:45:55', 0, 0);
INSERT INTO `auth_resources` VALUES (860, '/file/manage/recover/{id}', '^/file/manage/recover/[0-9]+$', '通过主键恢复逻辑删除的文件资源管理表数据', 'PUT', '2024-01-01 23:45:55', 0, '2024-01-01 23:45:55', 0, 0);
INSERT INTO `auth_resources` VALUES (861, '/file/manage/export/excel', '^/file/manage/export/excel$', '导出文件资源管理表数据的Excel文件', 'GET', '2024-01-01 23:45:55', 0, '2024-01-01 23:45:55', 0, 0);
INSERT INTO `auth_resources` VALUES (862, '/file/manage/bak/{id}', '^/file/manage/bak/[0-9]+$', '通过主键备份一个文件资源', 'POST', '2024-01-01 23:45:55', 0, '2024-01-01 23:45:55', 0, 0);
INSERT INTO `auth_resources` VALUES (863, '/file/manage', '^/file/manage$', '[通用方法]插入一条对应实体类的数据库记录', 'POST', '2024-01-01 23:45:55', 0, '2024-01-01 23:45:55', 0, 0);
INSERT INTO `auth_resources` VALUES (864, '/file/manage', '^/file/manage$', '[通用方法]更新一条对应实体类的数据库记录', 'PUT', '2024-01-01 23:45:55', 0, '2024-01-01 23:45:55', 0, 0);
INSERT INTO `auth_resources` VALUES (865, '/file/manage/{id}', '^/file/manage/[0-9]+$', '[通用方法]通过主键获取一条对应实体类的数据库记录', 'GET', '2024-01-01 23:45:55', 0, '2024-01-01 23:45:55', 0, 0);
INSERT INTO `auth_resources` VALUES (866, '/file/manage/{id}', '^/file/manage/[0-9]+$', '[通用方法]通过主键删除一条对应实体类的数据库记录', 'DELETE', '2024-01-01 23:45:55', 0, '2024-01-01 23:45:55', 0, 0);
INSERT INTO `auth_resources` VALUES (867, '/upload/image', '^/upload/image$', '上传图片文件', 'POST', '2024-01-01 23:45:55', 0, '2024-01-01 23:45:55', 0, 0);
INSERT INTO `auth_resources` VALUES (868, '/login/log/list', '^/login/log/list$', '查询所有的系统账号登录日志表数据', 'GET', '2024-01-01 23:45:55', 0, '2024-01-01 23:45:55', 0, 0);
INSERT INTO `auth_resources` VALUES (869, '/login/log/page/{currentPage}', '^/login/log/page/[0-9]+$', '分页查询系统账号登录日志表数据', 'GET', '2024-01-01 23:45:55', 0, '2024-01-01 23:45:55', 0, 0);
INSERT INTO `auth_resources` VALUES (870, '/login/log/recover/{id}', '^/login/log/recover/[0-9]+$', '通过主键彻底删除一条系统账号登录日志表数据', 'DELETE', '2024-01-01 23:45:55', 0, '2024-01-01 23:45:55', 0, 0);
INSERT INTO `auth_resources` VALUES (871, '/login/log/recover/page/{currentPage}', '^/login/log/recover/page/[0-9]+$', '分页查询逻辑删除的系统账号登录日志表数据', 'GET', '2024-01-01 23:45:55', 0, '2024-01-01 23:45:55', 0, 0);
INSERT INTO `auth_resources` VALUES (872, '/login/log/recover/{id}', '^/login/log/recover/[0-9]+$', '通过主键恢复逻辑删除的系统账号登录日志表数据', 'PUT', '2024-01-01 23:45:55', 0, '2024-01-01 23:45:55', 0, 0);
INSERT INTO `auth_resources` VALUES (873, '/login/log/export/excel', '^/login/log/export/excel$', '导出系统账号登录日志表数据的Excel文件', 'GET', '2024-01-01 23:45:55', 0, '2024-01-01 23:45:55', 0, 0);
INSERT INTO `auth_resources` VALUES (874, '/login/log/online/{userId}', '^/login/log/online/[0-9]+$', '获取当前在线的用户记录', 'GET', '2024-01-01 23:45:55', 0, '2024-01-01 23:45:55', 0, 0);
INSERT INTO `auth_resources` VALUES (875, '/login/log/offline/{userId}', '^/login/log/offline/[0-9]+$', '通过tokenId下线用户', 'PUT', '2024-01-01 23:45:55', 0, '2024-01-01 23:45:55', 0, 0);
INSERT INTO `auth_resources` VALUES (876, '/login/log', '^/login/log$', '[通用方法]插入一条对应实体类的数据库记录', 'POST', '2024-01-01 23:45:55', 0, '2024-01-01 23:45:55', 0, 0);
INSERT INTO `auth_resources` VALUES (877, '/login/log', '^/login/log$', '[通用方法]更新一条对应实体类的数据库记录', 'PUT', '2024-01-01 23:45:55', 0, '2024-01-01 23:45:55', 0, 0);
INSERT INTO `auth_resources` VALUES (878, '/login/log/{id}', '^/login/log/[0-9]+$', '[通用方法]通过主键获取一条对应实体类的数据库记录', 'GET', '2024-01-01 23:45:55', 0, '2024-01-01 23:45:55', 0, 0);
INSERT INTO `auth_resources` VALUES (879, '/login/log/{id}', '^/login/log/[0-9]+$', '[通用方法]通过主键删除一条对应实体类的数据库记录', 'DELETE', '2024-01-01 23:45:55', 0, '2024-01-01 23:45:55', 0, 0);
INSERT INTO `auth_resources` VALUES (880, '/resources/page/{currentPage}', '^/resources/page/[0-9]+$', '分页查询系统资源数据', 'GET', '2024-01-01 23:45:55', 0, '2024-01-01 23:45:55', 0, 0);
INSERT INTO `auth_resources` VALUES (881, '/resources/recover/{id}', '^/resources/recover/[0-9]+$', '通过主键彻底删除一条系统资源表数据', 'DELETE', '2024-01-01 23:45:55', 0, '2024-01-01 23:45:55', 0, 0);
INSERT INTO `auth_resources` VALUES (882, '/resources/recover/page/{currentPage}', '^/resources/recover/page/[0-9]+$', '分页查询逻辑删除的系统资源表数据', 'GET', '2024-01-01 23:45:55', 0, '2024-01-01 23:45:55', 0, 0);
INSERT INTO `auth_resources` VALUES (883, '/resources/recover/{id}', '^/resources/recover/[0-9]+$', '通过主键恢复逻辑删除的系统资源表数据', 'PUT', '2024-01-01 23:45:55', 0, '2024-01-01 23:45:55', 0, 0);
INSERT INTO `auth_resources` VALUES (884, '/resources/export/excel', '^/resources/export/excel$', '导出系统资源列表数据的Excel文件', 'GET', '2024-01-01 23:45:55', 0, '2024-01-01 23:45:55', 0, 0);
INSERT INTO `auth_resources` VALUES (885, '/resources/role/{resourcesId}', '^/resources/role/[0-9]+$', '添加系统资源角色', 'POST', '2024-01-01 23:45:55', 0, '2024-01-01 23:45:55', 0, 0);
INSERT INTO `auth_resources` VALUES (886, '/resources/role/{resourcesId}', '^/resources/role/[0-9]+$', '获取未拥有该系统资源的角色', 'GET', '2024-01-01 23:45:55', 0, '2024-01-01 23:45:55', 0, 0);
INSERT INTO `auth_resources` VALUES (887, '/resources/role/{resourcesId}', '^/resources/role/[0-9]+$', '删除系统资源角色', 'DELETE', '2024-01-01 23:45:55', 0, '2024-01-01 23:45:55', 0, 0);
INSERT INTO `auth_resources` VALUES (888, '/resources', '^/resources$', '[通用方法]插入一条对应实体类的数据库记录', 'POST', '2024-01-01 23:45:55', 0, '2024-01-01 23:45:55', 0, 0);
INSERT INTO `auth_resources` VALUES (889, '/resources', '^/resources$', '[通用方法]更新一条对应实体类的数据库记录', 'PUT', '2024-01-01 23:45:55', 0, '2024-01-01 23:45:55', 0, 0);
INSERT INTO `auth_resources` VALUES (890, '/resources/{id}', '^/resources/[0-9]+$', '[通用方法]通过主键获取一条对应实体类的数据库记录', 'GET', '2024-01-01 23:45:55', 0, '2024-01-01 23:45:55', 0, 0);
INSERT INTO `auth_resources` VALUES (891, '/resources/{id}', '^/resources/[0-9]+$', '[通用方法]通过主键删除一条对应实体类的数据库记录', 'DELETE', '2024-01-01 23:45:55', 0, '2024-01-01 23:45:55', 0, 0);
INSERT INTO `auth_resources` VALUES (892, '/role/list', '^/role/list$', '获取所有的用户角色', 'GET', '2024-01-01 23:45:55', 0, '2024-01-01 23:45:55', 0, 0);
INSERT INTO `auth_resources` VALUES (893, '/role/check/name', '^/role/check/name$', '检测角色名称是否已存在', 'GET', '2024-01-01 23:45:55', 0, '2024-01-01 23:45:55', 0, 0);
INSERT INTO `auth_resources` VALUES (894, '/role/page/{currentPage}', '^/role/page/[0-9]+$', '分页查询角色数据', 'GET', '2024-01-01 23:45:55', 0, '2024-01-01 23:45:55', 0, 0);
INSERT INTO `auth_resources` VALUES (895, '/role/recover/{id}', '^/role/recover/[0-9]+$', '通过主键彻底删除一条系统角色表数据', 'DELETE', '2024-01-01 23:45:55', 0, '2024-01-01 23:45:55', 0, 0);
INSERT INTO `auth_resources` VALUES (896, '/role/recover/page/{currentPage}', '^/role/recover/page/[0-9]+$', '分页查询逻辑删除的系统角色表数据', 'GET', '2024-01-01 23:45:55', 0, '2024-01-01 23:45:55', 0, 0);
INSERT INTO `auth_resources` VALUES (897, '/role/recover/{id}', '^/role/recover/[0-9]+$', '通过主键恢复逻辑删除的系统角色表数据', 'PUT', '2024-01-01 23:45:55', 0, '2024-01-01 23:45:55', 0, 0);
INSERT INTO `auth_resources` VALUES (898, '/role/export/excel', '^/role/export/excel$', '导出角色列表数据的Excel文件', 'GET', '2024-01-01 23:45:55', 0, '2024-01-01 23:45:55', 0, 0);
INSERT INTO `auth_resources` VALUES (899, '/role/acquiescence', '^/role/acquiescence$', '通过主键设置或者取消默认角色', 'PUT', '2024-01-01 23:45:55', 0, '2024-01-01 23:45:55', 0, 0);
INSERT INTO `auth_resources` VALUES (900, '/role', '^/role$', '[通用方法]插入一条对应实体类的数据库记录', 'POST', '2024-01-01 23:45:55', 0, '2024-01-01 23:45:55', 0, 0);
INSERT INTO `auth_resources` VALUES (901, '/role', '^/role$', '[通用方法]更新一条对应实体类的数据库记录', 'PUT', '2024-01-01 23:45:55', 0, '2024-01-01 23:45:55', 0, 0);
INSERT INTO `auth_resources` VALUES (902, '/role/{id}', '^/role/[0-9]+$', '[通用方法]通过主键获取一条对应实体类的数据库记录', 'GET', '2024-01-01 23:45:55', 0, '2024-01-01 23:45:55', 0, 0);
INSERT INTO `auth_resources` VALUES (903, '/role/{id}', '^/role/[0-9]+$', '[通用方法]通过主键删除一条对应实体类的数据库记录', 'DELETE', '2024-01-01 23:45:55', 0, '2024-01-01 23:45:55', 0, 0);
INSERT INTO `auth_resources` VALUES (904, '/user/enabled/{id}', '^/user/enabled/[0-9]+$', '启用或者禁用一个用户账号', 'PUT', '2024-01-01 23:45:55', 0, '2024-01-01 23:45:55', 0, 0);
INSERT INTO `auth_resources` VALUES (905, '/user/token', '^/user/token$', '获取请求头上的accessToken，并根据accessToken返回用户信息', 'GET', '2024-01-01 23:45:55', 0, '2024-01-01 23:45:55', 0, 0);
INSERT INTO `auth_resources` VALUES (906, '/user/role/{userId}', '^/user/role/[0-9]+$', '添加用户角色', 'POST', '2024-01-01 23:45:55', 0, '2024-01-01 23:45:55', 0, 0);
INSERT INTO `auth_resources` VALUES (907, '/user/page/{currentPage}', '^/user/page/[0-9]+$', '分页查询用户数据', 'GET', '2024-01-01 23:45:55', 0, '2024-01-01 23:45:55', 0, 0);
INSERT INTO `auth_resources` VALUES (908, '/user/recover/{id}', '^/user/recover/[0-9]+$', '通过主键彻底删除一条用户数据', 'DELETE', '2024-01-01 23:45:55', 0, '2024-01-01 23:45:55', 0, 0);
INSERT INTO `auth_resources` VALUES (909, '/user/recover/page/{currentPage}', '^/user/recover/page/[0-9]+$', '分页查询逻辑删除的用户数据', 'GET', '2024-01-01 23:45:55', 0, '2024-01-01 23:45:55', 0, 0);
INSERT INTO `auth_resources` VALUES (910, '/user/recover/{id}', '^/user/recover/[0-9]+$', '通过主键恢复逻辑删除的用户数据', 'PUT', '2024-01-01 23:45:55', 0, '2024-01-01 23:45:55', 0, 0);
INSERT INTO `auth_resources` VALUES (911, '/user/export/excel', '^/user/export/excel$', '导出用户列表数据的Excel文件', 'GET', '2024-01-01 23:45:55', 0, '2024-01-01 23:45:55', 0, 0);
INSERT INTO `auth_resources` VALUES (912, '/user/reset/password', '^/user/reset/password$', '重置用户账号密码', 'PUT', '2024-01-01 23:45:55', 0, '2024-01-01 23:45:55', 0, 0);
INSERT INTO `auth_resources` VALUES (913, '/user/role/{userId}', '^/user/role/[0-9]+$', '获取该用户未拥有的角色', 'GET', '2024-01-01 23:45:55', 0, '2024-01-01 23:45:55', 0, 0);
INSERT INTO `auth_resources` VALUES (914, '/user/check/username', '^/user/check/username$', '检测用户名是否已存在', 'GET', '2024-01-01 23:45:55', 0, '2024-01-01 23:45:55', 0, 0);
INSERT INTO `auth_resources` VALUES (915, '/user/check/password', '^/user/check/password$', '检测用户密码是否正确', 'GET', '2024-01-01 23:45:55', 0, '2024-01-01 23:45:55', 0, 0);
INSERT INTO `auth_resources` VALUES (916, '/user/role/{userId}', '^/user/role/[0-9]+$', '删除用户角色', 'DELETE', '2024-01-01 23:45:55', 0, '2024-01-01 23:45:55', 0, 0);
INSERT INTO `auth_resources` VALUES (917, '/user', '^/user$', '[通用方法]插入一条对应实体类的数据库记录', 'POST', '2024-01-01 23:45:55', 0, '2024-01-01 23:45:55', 0, 0);
INSERT INTO `auth_resources` VALUES (918, '/user', '^/user$', '[通用方法]更新一条对应实体类的数据库记录', 'PUT', '2024-01-01 23:45:55', 0, '2024-01-01 23:45:55', 0, 0);
INSERT INTO `auth_resources` VALUES (919, '/user/{id}', '^/user/[0-9]+$', '[通用方法]通过主键获取一条对应实体类的数据库记录', 'GET', '2024-01-01 23:45:55', 0, '2024-01-01 23:45:55', 0, 0);
INSERT INTO `auth_resources` VALUES (920, '/user/{id}', '^/user/[0-9]+$', '[通用方法]通过主键删除一条对应实体类的数据库记录', 'DELETE', '2024-01-01 23:45:55', 0, '2024-01-01 23:45:55', 0, 0);
INSERT INTO `auth_resources` VALUES (921, '/mail/text', '^/mail/text$', '发送普通文本邮件', 'POST', '2024-01-01 23:45:55', 0, '2024-01-01 23:45:55', 0, 0);
INSERT INTO `auth_resources` VALUES (922, '/mail/template', '^/mail/template$', '发送HTML模板邮件', 'POST', '2024-01-01 23:45:55', 0, '2024-01-01 23:45:55', 0, 0);
INSERT INTO `auth_resources` VALUES (923, '/table/column/list', '^/table/column/list$', '查询所有的系统数据库表字段信息表数据', 'GET', '2024-01-02 21:39:34', 0, '2024-01-02 21:39:34', 0, 0);
INSERT INTO `auth_resources` VALUES (924, '/table/column/export/excel', '^/table/column/export/excel$', '导出系统数据库表字段信息表数据的Excel文件', 'GET', '2024-01-02 21:39:34', 0, '2024-01-02 21:39:34', 0, 0);
INSERT INTO `auth_resources` VALUES (925, '/table/column/recover/{id}', '^/table/column/recover/[0-9]+$', '通过主键恢复逻辑删除的系统数据库表字段信息表数据', 'PUT', '2024-01-02 21:39:34', 0, '2024-01-02 21:39:34', 0, 0);
INSERT INTO `auth_resources` VALUES (926, '/table/column/recover/{id}', '^/table/column/recover/[0-9]+$', '通过主键彻底删除一条系统数据库表字段信息表数据', 'DELETE', '2024-01-02 21:39:34', 0, '2024-01-02 21:39:34', 0, 0);
INSERT INTO `auth_resources` VALUES (927, '/table/column/recover/page/{currentPage}', '^/table/column/recover/page/[0-9]+$', '分页查询逻辑删除的系统数据库表字段信息表数据', 'GET', '2024-01-02 21:39:34', 0, '2024-01-02 21:39:34', 0, 0);
INSERT INTO `auth_resources` VALUES (928, '/table/column/page/{currentPage}', '^/table/column/page/[0-9]+$', '分页查询系统数据库表字段信息表数据', 'GET', '2024-01-02 21:39:34', 0, '2024-01-02 21:39:34', 0, 0);
INSERT INTO `auth_resources` VALUES (929, '/table/column/table/info/{tableInfoId}', '^/table/column/table/info/[0-9]+$', '通过tableInfoId获取所有的字段信息', 'GET', '2024-01-02 21:39:34', 0, '2024-01-02 21:39:34', 0, 0);
INSERT INTO `auth_resources` VALUES (930, '/table/column', '^/table/column$', '[通用方法]插入一条对应实体类的数据库记录', 'POST', '2024-01-02 21:39:34', 0, '2024-01-02 21:39:34', 0, 0);
INSERT INTO `auth_resources` VALUES (931, '/table/column', '^/table/column$', '[通用方法]更新一条对应实体类的数据库记录', 'PUT', '2024-01-02 21:39:34', 0, '2024-01-02 21:39:34', 0, 0);
INSERT INTO `auth_resources` VALUES (932, '/table/column/{id}', '^/table/column/[0-9]+$', '[通用方法]通过主键删除一条对应实体类的数据库记录', 'DELETE', '2024-01-02 21:39:34', 0, '2024-01-02 21:39:34', 0, 0);
INSERT INTO `auth_resources` VALUES (933, '/table/column/{id}', '^/table/column/[0-9]+$', '[通用方法]通过主键获取一条对应实体类的数据库记录', 'GET', '2024-01-02 21:39:34', 0, '2024-01-02 21:39:34', 0, 0);
INSERT INTO `auth_resources` VALUES (934, '/table/info/recover/{id}', '^/table/info/recover/[0-9]+$', '通过主键恢复逻辑删除的系统数据库表信息表数据', 'PUT', '2024-01-02 21:39:34', 0, '2024-01-02 21:39:34', 0, 0);
INSERT INTO `auth_resources` VALUES (935, '/table/info/recover/{id}', '^/table/info/recover/[0-9]+$', '通过主键彻底删除一条系统数据库表信息表数据', 'DELETE', '2024-01-02 21:39:34', 0, '2024-01-02 21:39:34', 0, 0);
INSERT INTO `auth_resources` VALUES (936, '/table/info/recover/page/{currentPage}', '^/table/info/recover/page/[0-9]+$', '分页查询逻辑删除的系统数据库表信息表数据', 'GET', '2024-01-02 21:39:34', 0, '2024-01-02 21:39:34', 0, 0);
INSERT INTO `auth_resources` VALUES (937, '/table/info/page/{currentPage}', '^/table/info/page/[0-9]+$', '分页查询系统数据库表信息数据', 'GET', '2024-01-02 21:39:34', 0, '2024-01-02 21:39:34', 0, 0);
INSERT INTO `auth_resources` VALUES (938, '/table/info/code/generation/{id}', '^/table/info/code/generation/[0-9]+$', '生成代码', 'POST', '2024-01-02 21:39:34', 0, '2024-01-02 21:39:34', 0, 0);
INSERT INTO `auth_resources` VALUES (939, '/table/info/not/list', '^/table/info/not/list$', '获取还没有插入数据库中的数据库表信息', 'GET', '2024-01-02 21:39:34', 0, '2024-01-02 21:39:34', 0, 0);
INSERT INTO `auth_resources` VALUES (940, '/table/info', '^/table/info$', '[通用方法]插入一条对应实体类的数据库记录', 'POST', '2024-01-02 21:39:34', 0, '2024-01-02 21:39:34', 0, 0);
INSERT INTO `auth_resources` VALUES (941, '/table/info', '^/table/info$', '[通用方法]更新一条对应实体类的数据库记录', 'PUT', '2024-01-02 21:39:34', 0, '2024-01-02 21:39:34', 0, 0);
INSERT INTO `auth_resources` VALUES (942, '/table/info/{id}', '^/table/info/[0-9]+$', '[通用方法]通过主键删除一条对应实体类的数据库记录', 'DELETE', '2024-01-02 21:39:34', 0, '2024-01-02 21:39:34', 0, 0);
INSERT INTO `auth_resources` VALUES (943, '/table/info/{id}', '^/table/info/[0-9]+$', '[通用方法]通过主键获取一条对应实体类的数据库记录', 'GET', '2024-01-02 21:39:34', 0, '2024-01-02 21:39:34', 0, 0);
INSERT INTO `auth_resources` VALUES (944, '/operation/log/list', '^/operation/log/list$', '查询所有的系统操作日志表数据', 'GET', '2024-01-04 22:02:48', 0, '2024-01-04 22:02:48', 0, 0);
INSERT INTO `auth_resources` VALUES (945, '/operation/log/page/{currentPage}', '^/operation/log/page/[0-9]+$', '分页查询系统操作日志表数据', 'GET', '2024-01-04 22:02:48', 0, '2024-01-04 22:02:48', 0, 0);
INSERT INTO `auth_resources` VALUES (946, '/operation/log/export/excel', '^/operation/log/export/excel$', '导出操作日志列表数据的Excel文件', 'GET', '2024-01-04 22:02:48', 0, '2024-01-04 22:02:48', 0, 0);
INSERT INTO `auth_resources` VALUES (947, '/operation/log/recover/page/{currentPage}', '^/operation/log/recover/page/[0-9]+$', '分页查询逻辑删除的系统操作日志表数据', 'GET', '2024-01-04 22:02:48', 0, '2024-01-04 22:02:48', 0, 0);
INSERT INTO `auth_resources` VALUES (948, '/operation/log/recover/{id}', '^/operation/log/recover/[0-9]+$', '通过主键恢复逻辑删除的系统操作日志表数据', 'PUT', '2024-01-04 22:02:48', 0, '2024-01-04 22:02:48', 0, 0);
INSERT INTO `auth_resources` VALUES (949, '/operation/log/recover/{id}', '^/operation/log/recover/[0-9]+$', '通过主键彻底删除一条系统操作日志表数据', 'DELETE', '2024-01-04 22:02:48', 0, '2024-01-04 22:02:48', 0, 0);
INSERT INTO `auth_resources` VALUES (950, '/operation/log', '^/operation/log$', '[通用方法]插入一条对应实体类的数据库记录', 'POST', '2024-01-04 22:02:48', 0, '2024-01-04 22:02:48', 0, 0);
INSERT INTO `auth_resources` VALUES (951, '/operation/log/{id}', '^/operation/log/[0-9]+$', '[通用方法]通过主键删除一条对应实体类的数据库记录', 'DELETE', '2024-01-04 22:02:48', 0, '2024-01-04 22:02:48', 0, 0);
INSERT INTO `auth_resources` VALUES (952, '/operation/log', '^/operation/log$', '[通用方法]更新一条对应实体类的数据库记录', 'PUT', '2024-01-04 22:02:48', 0, '2024-01-04 22:02:48', 0, 0);
INSERT INTO `auth_resources` VALUES (953, '/operation/log/{id}', '^/operation/log/[0-9]+$', '[通用方法]通过主键获取一条对应实体类的数据库记录', 'GET', '2024-01-04 22:02:48', 0, '2024-01-04 22:02:48', 0, 0);

-- ----------------------------
-- Table structure for auth_resources_role
-- ----------------------------
DROP TABLE IF EXISTS `auth_resources_role`;
CREATE TABLE `auth_resources_role`  (
  `id` int(11) NOT NULL AUTO_INCREMENT COMMENT '主键',
  `resources_id` int(11) NOT NULL COMMENT '资源主键',
  `role_id` int(11) NOT NULL COMMENT '角色主键',
  `create_time` datetime(0) NOT NULL DEFAULT CURRENT_TIMESTAMP COMMENT '数据库数据插入时间',
  `create_user_id` int(11) NOT NULL DEFAULT 0 COMMENT '数据库数据插入用户主键',
  `update_time` datetime(0) NOT NULL DEFAULT CURRENT_TIMESTAMP ON UPDATE CURRENT_TIMESTAMP(0) COMMENT '数据库数据更新时间',
  `update_user_id` int(11) NOT NULL DEFAULT 0 COMMENT '数据库数据更新用户主键',
  `deleted` tinyint(1) NOT NULL DEFAULT 0 COMMENT '逻辑删除标识，0为正常，1为逻辑删除，默认为0',
  PRIMARY KEY (`id`) USING BTREE
) ENGINE = InnoDB AUTO_INCREMENT = 1071 CHARACTER SET = utf8mb4 COLLATE = utf8mb4_general_ci COMMENT = '资源角色关系表' ROW_FORMAT = Compact;

-- ----------------------------
-- Records of auth_resources_role
-- ----------------------------
INSERT INTO `auth_resources_role` VALUES (891, 776, 1, '2024-01-01 23:45:54', 0, '2024-01-01 23:45:54', 0, 0);
INSERT INTO `auth_resources_role` VALUES (892, 777, 1, '2024-01-01 23:45:54', 0, '2024-01-01 23:45:54', 0, 0);
INSERT INTO `auth_resources_role` VALUES (893, 778, 1, '2024-01-01 23:45:54', 0, '2024-01-01 23:45:54', 0, 0);
INSERT INTO `auth_resources_role` VALUES (894, 779, 1, '2024-01-01 23:45:54', 0, '2024-01-01 23:45:54', 0, 0);
INSERT INTO `auth_resources_role` VALUES (895, 780, 1, '2024-01-01 23:45:54', 0, '2024-01-01 23:45:54', 0, 0);
INSERT INTO `auth_resources_role` VALUES (896, 781, 1, '2024-01-01 23:45:54', 0, '2024-01-01 23:45:54', 0, 0);
INSERT INTO `auth_resources_role` VALUES (897, 782, 1, '2024-01-01 23:45:54', 0, '2024-01-01 23:45:54', 0, 0);
INSERT INTO `auth_resources_role` VALUES (898, 783, 1, '2024-01-01 23:45:54', 0, '2024-01-01 23:45:54', 0, 0);
INSERT INTO `auth_resources_role` VALUES (899, 784, 1, '2024-01-01 23:45:54', 0, '2024-01-01 23:45:54', 0, 0);
INSERT INTO `auth_resources_role` VALUES (900, 785, 1, '2024-01-01 23:45:54', 0, '2024-01-01 23:45:54', 0, 0);
INSERT INTO `auth_resources_role` VALUES (901, 786, 1, '2024-01-01 23:45:54', 0, '2024-01-01 23:45:54', 0, 0);
INSERT INTO `auth_resources_role` VALUES (902, 787, 1, '2024-01-01 23:45:54', 0, '2024-01-01 23:45:54', 0, 0);
INSERT INTO `auth_resources_role` VALUES (903, 788, 1, '2024-01-01 23:45:54', 0, '2024-01-01 23:45:54', 0, 0);
INSERT INTO `auth_resources_role` VALUES (904, 789, 1, '2024-01-01 23:45:54', 0, '2024-01-01 23:45:54', 0, 0);
INSERT INTO `auth_resources_role` VALUES (905, 790, 1, '2024-01-01 23:45:54', 0, '2024-01-01 23:45:54', 0, 0);
INSERT INTO `auth_resources_role` VALUES (906, 791, 1, '2024-01-01 23:45:54', 0, '2024-01-01 23:45:54', 0, 0);
INSERT INTO `auth_resources_role` VALUES (907, 792, 1, '2024-01-01 23:45:54', 0, '2024-01-01 23:45:54', 0, 0);
INSERT INTO `auth_resources_role` VALUES (908, 793, 1, '2024-01-01 23:45:54', 0, '2024-01-01 23:45:54', 0, 0);
INSERT INTO `auth_resources_role` VALUES (909, 794, 1, '2024-01-01 23:45:54', 0, '2024-01-01 23:45:54', 0, 0);
INSERT INTO `auth_resources_role` VALUES (910, 795, 1, '2024-01-01 23:45:54', 0, '2024-01-01 23:45:54', 0, 0);
INSERT INTO `auth_resources_role` VALUES (911, 796, 1, '2024-01-01 23:45:54', 0, '2024-01-01 23:45:54', 0, 0);
INSERT INTO `auth_resources_role` VALUES (912, 797, 1, '2024-01-01 23:45:54', 0, '2024-01-01 23:45:54', 0, 0);
INSERT INTO `auth_resources_role` VALUES (913, 798, 1, '2024-01-01 23:45:54', 0, '2024-01-01 23:45:54', 0, 0);
INSERT INTO `auth_resources_role` VALUES (914, 799, 1, '2024-01-01 23:45:54', 0, '2024-01-01 23:45:54', 0, 0);
INSERT INTO `auth_resources_role` VALUES (915, 800, 1, '2024-01-01 23:45:54', 0, '2024-01-01 23:45:54', 0, 0);
INSERT INTO `auth_resources_role` VALUES (916, 801, 1, '2024-01-01 23:45:54', 0, '2024-01-01 23:45:54', 0, 0);
INSERT INTO `auth_resources_role` VALUES (917, 802, 1, '2024-01-01 23:45:54', 0, '2024-01-01 23:45:54', 0, 0);
INSERT INTO `auth_resources_role` VALUES (918, 803, 1, '2024-01-01 23:45:54', 0, '2024-01-01 23:45:54', 0, 0);
INSERT INTO `auth_resources_role` VALUES (919, 804, 1, '2024-01-01 23:45:54', 0, '2024-01-01 23:45:54', 0, 0);
INSERT INTO `auth_resources_role` VALUES (920, 805, 1, '2024-01-01 23:45:54', 0, '2024-01-01 23:45:54', 0, 0);
INSERT INTO `auth_resources_role` VALUES (921, 806, 1, '2024-01-01 23:45:54', 0, '2024-01-01 23:45:54', 0, 0);
INSERT INTO `auth_resources_role` VALUES (922, 807, 1, '2024-01-01 23:45:54', 0, '2024-01-01 23:45:54', 0, 0);
INSERT INTO `auth_resources_role` VALUES (923, 808, 1, '2024-01-01 23:45:54', 0, '2024-01-01 23:45:54', 0, 0);
INSERT INTO `auth_resources_role` VALUES (924, 809, 1, '2024-01-01 23:45:54', 0, '2024-01-01 23:45:54', 0, 0);
INSERT INTO `auth_resources_role` VALUES (925, 810, 1, '2024-01-01 23:45:54', 0, '2024-01-01 23:45:54', 0, 0);
INSERT INTO `auth_resources_role` VALUES (926, 811, 1, '2024-01-01 23:45:54', 0, '2024-01-01 23:45:54', 0, 0);
INSERT INTO `auth_resources_role` VALUES (927, 812, 1, '2024-01-01 23:45:54', 0, '2024-01-01 23:45:54', 0, 0);
INSERT INTO `auth_resources_role` VALUES (928, 813, 1, '2024-01-01 23:45:54', 0, '2024-01-01 23:45:54', 0, 0);
INSERT INTO `auth_resources_role` VALUES (929, 814, 1, '2024-01-01 23:45:54', 0, '2024-01-01 23:45:54', 0, 0);
INSERT INTO `auth_resources_role` VALUES (930, 815, 1, '2024-01-01 23:45:54', 0, '2024-01-01 23:45:54', 0, 0);
INSERT INTO `auth_resources_role` VALUES (931, 816, 1, '2024-01-01 23:45:54', 0, '2024-01-01 23:45:54', 0, 0);
INSERT INTO `auth_resources_role` VALUES (932, 817, 1, '2024-01-01 23:45:54', 0, '2024-01-01 23:45:54', 0, 0);
INSERT INTO `auth_resources_role` VALUES (933, 818, 1, '2024-01-01 23:45:54', 0, '2024-01-01 23:45:54', 0, 0);
INSERT INTO `auth_resources_role` VALUES (934, 819, 1, '2024-01-01 23:45:54', 0, '2024-01-01 23:45:54', 0, 0);
INSERT INTO `auth_resources_role` VALUES (935, 820, 1, '2024-01-01 23:45:54', 0, '2024-01-01 23:45:54', 0, 0);
INSERT INTO `auth_resources_role` VALUES (936, 821, 1, '2024-01-01 23:45:54', 0, '2024-01-01 23:45:54', 0, 0);
INSERT INTO `auth_resources_role` VALUES (937, 822, 1, '2024-01-01 23:45:54', 0, '2024-01-01 23:45:54', 0, 0);
INSERT INTO `auth_resources_role` VALUES (938, 823, 1, '2024-01-01 23:45:54', 0, '2024-01-01 23:45:54', 0, 0);
INSERT INTO `auth_resources_role` VALUES (939, 824, 1, '2024-01-01 23:45:54', 0, '2024-01-01 23:45:54', 0, 0);
INSERT INTO `auth_resources_role` VALUES (940, 825, 1, '2024-01-01 23:45:54', 0, '2024-01-01 23:45:54', 0, 0);
INSERT INTO `auth_resources_role` VALUES (941, 826, 1, '2024-01-01 23:45:54', 0, '2024-01-01 23:45:54', 0, 0);
INSERT INTO `auth_resources_role` VALUES (942, 827, 1, '2024-01-01 23:45:54', 0, '2024-01-01 23:45:54', 0, 0);
INSERT INTO `auth_resources_role` VALUES (943, 828, 1, '2024-01-01 23:45:54', 0, '2024-01-01 23:45:54', 0, 0);
INSERT INTO `auth_resources_role` VALUES (944, 829, 1, '2024-01-01 23:45:54', 0, '2024-01-01 23:45:54', 0, 0);
INSERT INTO `auth_resources_role` VALUES (945, 830, 1, '2024-01-01 23:45:54', 0, '2024-01-01 23:45:54', 0, 0);
INSERT INTO `auth_resources_role` VALUES (946, 831, 1, '2024-01-01 23:45:54', 0, '2024-01-01 23:45:54', 0, 0);
INSERT INTO `auth_resources_role` VALUES (947, 832, 1, '2024-01-01 23:45:54', 0, '2024-01-01 23:45:54', 0, 0);
INSERT INTO `auth_resources_role` VALUES (948, 833, 1, '2024-01-01 23:45:54', 0, '2024-01-01 23:45:54', 0, 0);
INSERT INTO `auth_resources_role` VALUES (949, 834, 1, '2024-01-01 23:45:54', 0, '2024-01-01 23:45:54', 0, 0);
INSERT INTO `auth_resources_role` VALUES (950, 835, 1, '2024-01-01 23:45:54', 0, '2024-01-01 23:45:54', 0, 0);
INSERT INTO `auth_resources_role` VALUES (951, 836, 1, '2024-01-01 23:45:54', 0, '2024-01-01 23:45:54', 0, 0);
INSERT INTO `auth_resources_role` VALUES (952, 837, 1, '2024-01-01 23:45:54', 0, '2024-01-01 23:45:54', 0, 0);
INSERT INTO `auth_resources_role` VALUES (953, 838, 1, '2024-01-01 23:45:55', 0, '2024-01-01 23:45:55', 0, 0);
INSERT INTO `auth_resources_role` VALUES (954, 839, 1, '2024-01-01 23:45:55', 0, '2024-01-01 23:45:55', 0, 0);
INSERT INTO `auth_resources_role` VALUES (955, 840, 1, '2024-01-01 23:45:55', 0, '2024-01-01 23:45:55', 0, 0);
INSERT INTO `auth_resources_role` VALUES (956, 841, 1, '2024-01-01 23:45:55', 0, '2024-01-01 23:45:55', 0, 0);
INSERT INTO `auth_resources_role` VALUES (957, 842, 1, '2024-01-01 23:45:55', 0, '2024-01-01 23:45:55', 0, 0);
INSERT INTO `auth_resources_role` VALUES (958, 843, 1, '2024-01-01 23:45:55', 0, '2024-01-01 23:45:55', 0, 0);
INSERT INTO `auth_resources_role` VALUES (959, 844, 1, '2024-01-01 23:45:55', 0, '2024-01-01 23:45:55', 0, 0);
INSERT INTO `auth_resources_role` VALUES (960, 845, 1, '2024-01-01 23:45:55', 0, '2024-01-01 23:45:55', 0, 0);
INSERT INTO `auth_resources_role` VALUES (961, 846, 1, '2024-01-01 23:45:55', 0, '2024-01-01 23:45:55', 0, 0);
INSERT INTO `auth_resources_role` VALUES (962, 847, 1, '2024-01-01 23:45:55', 0, '2024-01-01 23:45:55', 0, 0);
INSERT INTO `auth_resources_role` VALUES (963, 848, 1, '2024-01-01 23:45:55', 0, '2024-01-01 23:45:55', 0, 0);
INSERT INTO `auth_resources_role` VALUES (964, 849, 1, '2024-01-01 23:45:55', 0, '2024-01-01 23:45:55', 0, 0);
INSERT INTO `auth_resources_role` VALUES (965, 850, 1, '2024-01-01 23:45:55', 0, '2024-01-01 23:45:55', 0, 0);
INSERT INTO `auth_resources_role` VALUES (966, 851, 1, '2024-01-01 23:45:55', 0, '2024-01-01 23:45:55', 0, 0);
INSERT INTO `auth_resources_role` VALUES (967, 852, 1, '2024-01-01 23:45:55', 0, '2024-01-01 23:45:55', 0, 0);
INSERT INTO `auth_resources_role` VALUES (968, 853, 1, '2024-01-01 23:45:55', 0, '2024-01-01 23:45:55', 0, 0);
INSERT INTO `auth_resources_role` VALUES (969, 854, 1, '2024-01-01 23:45:55', 0, '2024-01-01 23:45:55', 0, 0);
INSERT INTO `auth_resources_role` VALUES (970, 855, 1, '2024-01-01 23:45:55', 0, '2024-01-01 23:45:55', 0, 0);
INSERT INTO `auth_resources_role` VALUES (971, 856, 1, '2024-01-01 23:45:55', 0, '2024-01-01 23:45:55', 0, 0);
INSERT INTO `auth_resources_role` VALUES (972, 857, 1, '2024-01-01 23:45:55', 0, '2024-01-01 23:45:55', 0, 0);
INSERT INTO `auth_resources_role` VALUES (973, 858, 1, '2024-01-01 23:45:55', 0, '2024-01-01 23:45:55', 0, 0);
INSERT INTO `auth_resources_role` VALUES (974, 859, 1, '2024-01-01 23:45:55', 0, '2024-01-01 23:45:55', 0, 0);
INSERT INTO `auth_resources_role` VALUES (975, 860, 1, '2024-01-01 23:45:55', 0, '2024-01-01 23:45:55', 0, 0);
INSERT INTO `auth_resources_role` VALUES (976, 861, 1, '2024-01-01 23:45:55', 0, '2024-01-01 23:45:55', 0, 0);
INSERT INTO `auth_resources_role` VALUES (977, 862, 1, '2024-01-01 23:45:55', 0, '2024-01-01 23:45:55', 0, 0);
INSERT INTO `auth_resources_role` VALUES (978, 863, 1, '2024-01-01 23:45:55', 0, '2024-01-01 23:45:55', 0, 0);
INSERT INTO `auth_resources_role` VALUES (979, 864, 1, '2024-01-01 23:45:55', 0, '2024-01-01 23:45:55', 0, 0);
INSERT INTO `auth_resources_role` VALUES (980, 865, 1, '2024-01-01 23:45:55', 0, '2024-01-01 23:45:55', 0, 0);
INSERT INTO `auth_resources_role` VALUES (981, 866, 1, '2024-01-01 23:45:55', 0, '2024-01-01 23:45:55', 0, 0);
INSERT INTO `auth_resources_role` VALUES (982, 867, 1, '2024-01-01 23:45:55', 0, '2024-01-01 23:45:55', 0, 0);
INSERT INTO `auth_resources_role` VALUES (983, 868, 1, '2024-01-01 23:45:55', 0, '2024-01-01 23:45:55', 0, 0);
INSERT INTO `auth_resources_role` VALUES (984, 869, 1, '2024-01-01 23:45:55', 0, '2024-01-01 23:45:55', 0, 0);
INSERT INTO `auth_resources_role` VALUES (985, 870, 1, '2024-01-01 23:45:55', 0, '2024-01-01 23:45:55', 0, 0);
INSERT INTO `auth_resources_role` VALUES (986, 871, 1, '2024-01-01 23:45:55', 0, '2024-01-01 23:45:55', 0, 0);
INSERT INTO `auth_resources_role` VALUES (987, 872, 1, '2024-01-01 23:45:55', 0, '2024-01-01 23:45:55', 0, 0);
INSERT INTO `auth_resources_role` VALUES (988, 873, 1, '2024-01-01 23:45:55', 0, '2024-01-01 23:45:55', 0, 0);
INSERT INTO `auth_resources_role` VALUES (989, 874, 1, '2024-01-01 23:45:55', 0, '2024-01-01 23:45:55', 0, 0);
INSERT INTO `auth_resources_role` VALUES (990, 875, 1, '2024-01-01 23:45:55', 0, '2024-01-01 23:45:55', 0, 0);
INSERT INTO `auth_resources_role` VALUES (991, 876, 1, '2024-01-01 23:45:55', 0, '2024-01-01 23:45:55', 0, 0);
INSERT INTO `auth_resources_role` VALUES (992, 877, 1, '2024-01-01 23:45:55', 0, '2024-01-01 23:45:55', 0, 0);
INSERT INTO `auth_resources_role` VALUES (993, 878, 1, '2024-01-01 23:45:55', 0, '2024-01-01 23:45:55', 0, 0);
INSERT INTO `auth_resources_role` VALUES (994, 879, 1, '2024-01-01 23:45:55', 0, '2024-01-01 23:45:55', 0, 0);
INSERT INTO `auth_resources_role` VALUES (995, 880, 1, '2024-01-01 23:45:55', 0, '2024-01-01 23:45:55', 0, 0);
INSERT INTO `auth_resources_role` VALUES (996, 881, 1, '2024-01-01 23:45:55', 0, '2024-01-01 23:45:55', 0, 0);
INSERT INTO `auth_resources_role` VALUES (997, 882, 1, '2024-01-01 23:45:55', 0, '2024-01-01 23:45:55', 0, 0);
INSERT INTO `auth_resources_role` VALUES (998, 883, 1, '2024-01-01 23:45:55', 0, '2024-01-01 23:45:55', 0, 0);
INSERT INTO `auth_resources_role` VALUES (999, 884, 1, '2024-01-01 23:45:55', 0, '2024-01-01 23:45:55', 0, 0);
INSERT INTO `auth_resources_role` VALUES (1000, 885, 1, '2024-01-01 23:45:55', 0, '2024-01-01 23:45:55', 0, 0);
INSERT INTO `auth_resources_role` VALUES (1001, 886, 1, '2024-01-01 23:45:55', 0, '2024-01-01 23:45:55', 0, 0);
INSERT INTO `auth_resources_role` VALUES (1002, 887, 1, '2024-01-01 23:45:55', 0, '2024-01-01 23:45:55', 0, 0);
INSERT INTO `auth_resources_role` VALUES (1003, 888, 1, '2024-01-01 23:45:55', 0, '2024-01-01 23:45:55', 0, 0);
INSERT INTO `auth_resources_role` VALUES (1004, 889, 1, '2024-01-01 23:45:55', 0, '2024-01-01 23:45:55', 0, 0);
INSERT INTO `auth_resources_role` VALUES (1005, 890, 1, '2024-01-01 23:45:55', 0, '2024-01-01 23:45:55', 0, 0);
INSERT INTO `auth_resources_role` VALUES (1006, 891, 1, '2024-01-01 23:45:55', 0, '2024-01-01 23:45:55', 0, 0);
INSERT INTO `auth_resources_role` VALUES (1007, 892, 1, '2024-01-01 23:45:55', 0, '2024-01-01 23:45:55', 0, 0);
INSERT INTO `auth_resources_role` VALUES (1008, 893, 1, '2024-01-01 23:45:55', 0, '2024-01-01 23:45:55', 0, 0);
INSERT INTO `auth_resources_role` VALUES (1009, 894, 1, '2024-01-01 23:45:55', 0, '2024-01-01 23:45:55', 0, 0);
INSERT INTO `auth_resources_role` VALUES (1010, 895, 1, '2024-01-01 23:45:55', 0, '2024-01-01 23:45:55', 0, 0);
INSERT INTO `auth_resources_role` VALUES (1011, 896, 1, '2024-01-01 23:45:55', 0, '2024-01-01 23:45:55', 0, 0);
INSERT INTO `auth_resources_role` VALUES (1012, 897, 1, '2024-01-01 23:45:55', 0, '2024-01-01 23:45:55', 0, 0);
INSERT INTO `auth_resources_role` VALUES (1013, 898, 1, '2024-01-01 23:45:55', 0, '2024-01-01 23:45:55', 0, 0);
INSERT INTO `auth_resources_role` VALUES (1014, 899, 1, '2024-01-01 23:45:55', 0, '2024-01-01 23:45:55', 0, 0);
INSERT INTO `auth_resources_role` VALUES (1015, 900, 1, '2024-01-01 23:45:55', 0, '2024-01-01 23:45:55', 0, 0);
INSERT INTO `auth_resources_role` VALUES (1016, 901, 1, '2024-01-01 23:45:55', 0, '2024-01-01 23:45:55', 0, 0);
INSERT INTO `auth_resources_role` VALUES (1017, 902, 1, '2024-01-01 23:45:55', 0, '2024-01-01 23:45:55', 0, 0);
INSERT INTO `auth_resources_role` VALUES (1018, 903, 1, '2024-01-01 23:45:55', 0, '2024-01-01 23:45:55', 0, 0);
INSERT INTO `auth_resources_role` VALUES (1019, 904, 1, '2024-01-01 23:45:55', 0, '2024-01-01 23:45:55', 0, 0);
INSERT INTO `auth_resources_role` VALUES (1020, 905, 1, '2024-01-01 23:45:55', 0, '2024-01-01 23:45:55', 0, 0);
INSERT INTO `auth_resources_role` VALUES (1021, 906, 1, '2024-01-01 23:45:55', 0, '2024-01-01 23:45:55', 0, 0);
INSERT INTO `auth_resources_role` VALUES (1022, 907, 1, '2024-01-01 23:45:55', 0, '2024-01-01 23:45:55', 0, 0);
INSERT INTO `auth_resources_role` VALUES (1023, 908, 1, '2024-01-01 23:45:55', 0, '2024-01-01 23:45:55', 0, 0);
INSERT INTO `auth_resources_role` VALUES (1024, 909, 1, '2024-01-01 23:45:55', 0, '2024-01-01 23:45:55', 0, 0);
INSERT INTO `auth_resources_role` VALUES (1025, 910, 1, '2024-01-01 23:45:55', 0, '2024-01-01 23:45:55', 0, 0);
INSERT INTO `auth_resources_role` VALUES (1026, 911, 1, '2024-01-01 23:45:55', 0, '2024-01-01 23:45:55', 0, 0);
INSERT INTO `auth_resources_role` VALUES (1027, 912, 1, '2024-01-01 23:45:55', 0, '2024-01-01 23:45:55', 0, 0);
INSERT INTO `auth_resources_role` VALUES (1028, 913, 1, '2024-01-01 23:45:55', 0, '2024-01-01 23:45:55', 0, 0);
INSERT INTO `auth_resources_role` VALUES (1029, 914, 1, '2024-01-01 23:45:55', 0, '2024-01-01 23:45:55', 0, 0);
INSERT INTO `auth_resources_role` VALUES (1030, 915, 1, '2024-01-01 23:45:55', 0, '2024-01-01 23:45:55', 0, 0);
INSERT INTO `auth_resources_role` VALUES (1031, 916, 1, '2024-01-01 23:45:55', 0, '2024-01-01 23:45:55', 0, 0);
INSERT INTO `auth_resources_role` VALUES (1032, 917, 1, '2024-01-01 23:45:55', 0, '2024-01-01 23:45:55', 0, 0);
INSERT INTO `auth_resources_role` VALUES (1033, 918, 1, '2024-01-01 23:45:55', 0, '2024-01-01 23:45:55', 0, 0);
INSERT INTO `auth_resources_role` VALUES (1034, 919, 1, '2024-01-01 23:45:55', 0, '2024-01-01 23:45:55', 0, 0);
INSERT INTO `auth_resources_role` VALUES (1035, 920, 1, '2024-01-01 23:45:55', 0, '2024-01-01 23:45:55', 0, 0);
INSERT INTO `auth_resources_role` VALUES (1036, 921, 1, '2024-01-01 23:45:55', 0, '2024-01-01 23:45:55', 0, 0);
INSERT INTO `auth_resources_role` VALUES (1037, 922, 1, '2024-01-01 23:45:55', 0, '2024-01-01 23:45:55', 0, 0);
INSERT INTO `auth_resources_role` VALUES (1038, 804, 3, '2024-01-02 21:13:30', 1, '2024-01-02 21:13:30', 1, 0);
INSERT INTO `auth_resources_role` VALUES (1039, 905, 3, '2024-01-02 21:13:48', 1, '2024-01-02 21:13:48', 1, 0);
INSERT INTO `auth_resources_role` VALUES (1040, 923, 1, '2024-01-02 21:39:34', 0, '2024-01-02 21:39:34', 0, 0);
INSERT INTO `auth_resources_role` VALUES (1041, 924, 1, '2024-01-02 21:39:34', 0, '2024-01-02 21:39:34', 0, 0);
INSERT INTO `auth_resources_role` VALUES (1042, 925, 1, '2024-01-02 21:39:34', 0, '2024-01-02 21:39:34', 0, 0);
INSERT INTO `auth_resources_role` VALUES (1043, 926, 1, '2024-01-02 21:39:34', 0, '2024-01-02 21:39:34', 0, 0);
INSERT INTO `auth_resources_role` VALUES (1044, 927, 1, '2024-01-02 21:39:34', 0, '2024-01-02 21:39:34', 0, 0);
INSERT INTO `auth_resources_role` VALUES (1045, 928, 1, '2024-01-02 21:39:34', 0, '2024-01-02 21:39:34', 0, 0);
INSERT INTO `auth_resources_role` VALUES (1046, 929, 1, '2024-01-02 21:39:34', 0, '2024-01-02 21:39:34', 0, 0);
INSERT INTO `auth_resources_role` VALUES (1047, 930, 1, '2024-01-02 21:39:34', 0, '2024-01-02 21:39:34', 0, 0);
INSERT INTO `auth_resources_role` VALUES (1048, 931, 1, '2024-01-02 21:39:34', 0, '2024-01-02 21:39:34', 0, 0);
INSERT INTO `auth_resources_role` VALUES (1049, 932, 1, '2024-01-02 21:39:34', 0, '2024-01-02 21:39:34', 0, 0);
INSERT INTO `auth_resources_role` VALUES (1050, 933, 1, '2024-01-02 21:39:34', 0, '2024-01-02 21:39:34', 0, 0);
INSERT INTO `auth_resources_role` VALUES (1051, 934, 1, '2024-01-02 21:39:34', 0, '2024-01-02 21:39:34', 0, 0);
INSERT INTO `auth_resources_role` VALUES (1052, 935, 1, '2024-01-02 21:39:34', 0, '2024-01-02 21:39:34', 0, 0);
INSERT INTO `auth_resources_role` VALUES (1053, 936, 1, '2024-01-02 21:39:34', 0, '2024-01-02 21:39:34', 0, 0);
INSERT INTO `auth_resources_role` VALUES (1054, 937, 1, '2024-01-02 21:39:34', 0, '2024-01-02 21:39:34', 0, 0);
INSERT INTO `auth_resources_role` VALUES (1055, 938, 1, '2024-01-02 21:39:34', 0, '2024-01-02 21:39:34', 0, 0);
INSERT INTO `auth_resources_role` VALUES (1056, 939, 1, '2024-01-02 21:39:34', 0, '2024-01-02 21:39:34', 0, 0);
INSERT INTO `auth_resources_role` VALUES (1057, 940, 1, '2024-01-02 21:39:34', 0, '2024-01-02 21:39:34', 0, 0);
INSERT INTO `auth_resources_role` VALUES (1058, 941, 1, '2024-01-02 21:39:34', 0, '2024-01-02 21:39:34', 0, 0);
INSERT INTO `auth_resources_role` VALUES (1059, 942, 1, '2024-01-02 21:39:34', 0, '2024-01-02 21:39:34', 0, 0);
INSERT INTO `auth_resources_role` VALUES (1060, 943, 1, '2024-01-02 21:39:34', 0, '2024-01-02 21:39:34', 0, 0);
INSERT INTO `auth_resources_role` VALUES (1061, 944, 1, '2024-01-04 22:02:48', 0, '2024-01-04 22:02:48', 0, 0);
INSERT INTO `auth_resources_role` VALUES (1062, 945, 1, '2024-01-04 22:02:48', 0, '2024-01-04 22:02:48', 0, 0);
INSERT INTO `auth_resources_role` VALUES (1063, 946, 1, '2024-01-04 22:02:48', 0, '2024-01-04 22:02:48', 0, 0);
INSERT INTO `auth_resources_role` VALUES (1064, 947, 1, '2024-01-04 22:02:48', 0, '2024-01-04 22:02:48', 0, 0);
INSERT INTO `auth_resources_role` VALUES (1065, 948, 1, '2024-01-04 22:02:48', 0, '2024-01-04 22:02:48', 0, 0);
INSERT INTO `auth_resources_role` VALUES (1066, 949, 1, '2024-01-04 22:02:48', 0, '2024-01-04 22:02:48', 0, 0);
INSERT INTO `auth_resources_role` VALUES (1067, 950, 1, '2024-01-04 22:02:48', 0, '2024-01-04 22:02:48', 0, 0);
INSERT INTO `auth_resources_role` VALUES (1068, 951, 1, '2024-01-04 22:02:48', 0, '2024-01-04 22:02:48', 0, 0);
INSERT INTO `auth_resources_role` VALUES (1069, 952, 1, '2024-01-04 22:02:48', 0, '2024-01-04 22:02:48', 0, 0);
INSERT INTO `auth_resources_role` VALUES (1070, 953, 1, '2024-01-04 22:02:48', 0, '2024-01-04 22:02:48', 0, 0);

-- ----------------------------
-- Table structure for auth_role
-- ----------------------------
DROP TABLE IF EXISTS `auth_role`;
CREATE TABLE `auth_role`  (
  `id` int(11) NOT NULL AUTO_INCREMENT COMMENT '主键',
  `name` varchar(50) CHARACTER SET utf8 COLLATE utf8_general_ci NOT NULL COMMENT '角色名称',
  `description` varchar(255) CHARACTER SET utf8 COLLATE utf8_general_ci NOT NULL COMMENT '角色描述信息',
  `acquiescence` tinyint(1) NOT NULL DEFAULT 0 COMMENT '是否为默认角色，所有角色中只允许一个角色值为1(true)',
  `create_time` datetime(0) NOT NULL DEFAULT CURRENT_TIMESTAMP COMMENT '数据库数据插入时间',
  `create_user_id` int(11) NOT NULL DEFAULT 0 COMMENT '数据库数据插入用户主键',
  `update_time` datetime(0) NOT NULL DEFAULT CURRENT_TIMESTAMP ON UPDATE CURRENT_TIMESTAMP(0) COMMENT '数据库数据更新时间',
  `update_user_id` int(11) NOT NULL DEFAULT 0 COMMENT '数据库数据更新用户主键',
  `deleted` tinyint(1) NOT NULL DEFAULT 0 COMMENT '逻辑删除标识，0为正常，1为逻辑删除，默认为0',
  PRIMARY KEY (`id`) USING BTREE
) ENGINE = InnoDB AUTO_INCREMENT = 4 CHARACTER SET = utf8mb4 COLLATE = utf8mb4_general_ci COMMENT = '系统角色表' ROW_FORMAT = Compact;

-- ----------------------------
-- Records of auth_role
-- ----------------------------
INSERT INTO `auth_role` VALUES (1, 'root', 'root权限，系统的最高权限', 0, '2021-01-03 16:22:28', 0, '2021-06-14 19:10:20', 1, 0);
INSERT INTO `auth_role` VALUES (2, 'admin', 'admin权限，管理员权限', 0, '2021-01-03 16:33:03', 0, '2024-01-01 21:46:12', 22, 0);
INSERT INTO `auth_role` VALUES (3, 'user', '普通用户权限', 1, '2021-01-03 16:33:03', 0, '2024-01-01 21:46:12', 22, 0);

-- ----------------------------
-- Table structure for auth_user
-- ----------------------------
DROP TABLE IF EXISTS `auth_user`;
CREATE TABLE `auth_user`  (
  `id` int(11) NOT NULL AUTO_INCREMENT COMMENT '账号在线人数',
  `username` varchar(50) CHARACTER SET utf8 COLLATE utf8_general_ci NOT NULL COMMENT '用户名称',
  `password` varchar(255) CHARACTER SET utf8 COLLATE utf8_general_ci NOT NULL COMMENT '用户密码',
  `enabled` tinyint(1) NOT NULL DEFAULT 1 COMMENT '账号是否启用，1为启用，0为禁用，默认为1',
  `locked` tinyint(1) NOT NULL DEFAULT 0 COMMENT '账号是否锁定，1为锁定，0为未锁定，默认为0',
  `account_expire` tinyint(1) NOT NULL DEFAULT 0 COMMENT '账号是否过期，1为过期，0为未过期，默认为0',
  `password_expire` tinyint(1) NOT NULL DEFAULT 0 COMMENT '密码是否过期，1为过期，0为未过期，默认为0',
  `type` varchar(50) CHARACTER SET utf8mb4 COLLATE utf8mb4_general_ci NOT NULL COMMENT '用户账号类型',
  `create_time` datetime(0) NOT NULL DEFAULT CURRENT_TIMESTAMP COMMENT '数据库数据插入时间',
  `create_user_id` int(11) NOT NULL DEFAULT 0 COMMENT '数据库数据插入用户主键',
  `update_time` datetime(0) NOT NULL DEFAULT CURRENT_TIMESTAMP ON UPDATE CURRENT_TIMESTAMP(0) COMMENT '数据库数据更新时间',
  `update_user_id` int(11) NOT NULL DEFAULT 0 COMMENT '数据库数据更新用户主键',
  `deleted` tinyint(1) NOT NULL DEFAULT 0 COMMENT '逻辑删除标识，0为正常，1为逻辑删除，默认为0',
  PRIMARY KEY (`id`) USING BTREE
) ENGINE = InnoDB AUTO_INCREMENT = 25 CHARACTER SET = utf8mb4 COLLATE = utf8mb4_general_ci COMMENT = '系统用户表' ROW_FORMAT = Compact;

-- ----------------------------
-- Records of auth_user
-- ----------------------------
INSERT INTO `auth_user` VALUES (1, 'root', 'bcb15f821479b4d5772bd0ca866c00ad5f926e3580720659cc80d39c9d09802a', 1, 0, 0, 0, 'PASSWORD', '2021-01-03 16:22:28', 0, '2024-01-01 21:03:39', 22, 0);
INSERT INTO `auth_user` VALUES (2, '零', 'bcb15f821479b4d5772bd0ca866c00ad5f926e3580720659cc80d39c9d09802a', 1, 0, 0, 0, 'PASSWORD', '2021-01-03 16:42:46', 1, '2024-01-02 21:44:42', 1, 0);
INSERT INTO `auth_user` VALUES (3, '天帝', 'bcb15f821479b4d5772bd0ca866c00ad5f926e3580720659cc80d39c9d09802a', 1, 0, 0, 0, 'PASSWORD', '2021-01-03 16:42:57', 1, '2024-01-01 21:03:39', 1, 0);
INSERT INTO `auth_user` VALUES (4, '彦', 'bcb15f821479b4d5772bd0ca866c00ad5f926e3580720659cc80d39c9d09802a', 1, 0, 0, 0, 'PASSWORD', '2021-01-03 16:43:06', 1, '2024-01-01 21:03:39', 1, 0);
INSERT INTO `auth_user` VALUES (5, '懒羊羊', 'bcb15f821479b4d5772bd0ca866c00ad5f926e3580720659cc80d39c9d09802a', 1, 0, 0, 0, 'PASSWORD', '2021-01-03 16:43:13', 1, '2024-01-01 21:03:39', 1, 0);
INSERT INTO `auth_user` VALUES (6, '修罗铠甲', 'bcb15f821479b4d5772bd0ca866c00ad5f926e3580720659cc80d39c9d09802a', 1, 0, 0, 0, 'PASSWORD', '2021-01-03 16:43:20', 1, '2024-01-01 21:03:39', 1, 0);
INSERT INTO `auth_user` VALUES (7, '喜羊羊', 'bcb15f821479b4d5772bd0ca866c00ad5f926e3580720659cc80d39c9d09802a', 1, 0, 0, 0, 'PASSWORD', '2021-01-03 16:43:33', 1, '2024-01-01 21:03:39', 1, 0);
INSERT INTO `auth_user` VALUES (8, '凉冰', 'bcb15f821479b4d5772bd0ca866c00ad5f926e3580720659cc80d39c9d09802a', 1, 0, 0, 0, 'PASSWORD', '2021-01-03 16:43:41', 1, '2024-01-01 21:03:39', 1, 0);
INSERT INTO `auth_user` VALUES (9, '凯莎女王', 'bcb15f821479b4d5772bd0ca866c00ad5f926e3580720659cc80d39c9d09802a', 1, 0, 0, 0, 'PASSWORD', '2021-01-03 16:43:51', 1, '2024-01-01 21:03:39', 1, 0);
INSERT INTO `auth_user` VALUES (10, '鹤熙', 'bcb15f821479b4d5772bd0ca866c00ad5f926e3580720659cc80d39c9d09802a', 1, 0, 0, 0, 'PASSWORD', '2021-01-03 16:43:59', 1, '2024-01-01 21:03:39', 1, 0);
INSERT INTO `auth_user` VALUES (11, '死神卡尔', 'bcb15f821479b4d5772bd0ca866c00ad5f926e3580720659cc80d39c9d09802a', 1, 0, 0, 0, 'PASSWORD', '2021-01-03 16:44:04', 1, '2024-01-01 21:03:39', 1, 0);
INSERT INTO `auth_user` VALUES (12, '帝蕾娜', 'bcb15f821479b4d5772bd0ca866c00ad5f926e3580720659cc80d39c9d09802a', 1, 0, 0, 0, 'PASSWORD', '2021-01-03 16:44:10', 1, '2024-01-01 21:03:39', 1, 0);
INSERT INTO `auth_user` VALUES (13, '刑天铠甲', 'bcb15f821479b4d5772bd0ca866c00ad5f926e3580720659cc80d39c9d09802a', 1, 0, 0, 0, 'PASSWORD', '2021-01-03 16:44:22', 1, '2024-01-01 21:03:39', 1, 0);
INSERT INTO `auth_user` VALUES (14, '飞影铠甲', 'bcb15f821479b4d5772bd0ca866c00ad5f926e3580720659cc80d39c9d09802a', 1, 0, 0, 0, 'PASSWORD', '2021-01-03 16:44:28', 1, '2024-01-01 21:03:39', 1, 0);
INSERT INTO `auth_user` VALUES (15, '孙悟空', 'bcb15f821479b4d5772bd0ca866c00ad5f926e3580720659cc80d39c9d09802a', 1, 0, 0, 0, 'PASSWORD', '2021-01-03 16:44:41', 1, '2024-01-01 21:03:39', 1, 0);
INSERT INTO `auth_user` VALUES (16, '天下谁人不识君', 'bcb15f821479b4d5772bd0ca866c00ad5f926e3580720659cc80d39c9d09802a', 1, 0, 0, 0, 'PASSWORD', '2021-01-03 16:44:49', 1, '2024-01-01 21:03:39', 1, 0);
INSERT INTO `auth_user` VALUES (17, '泽塔奥特曼', 'bcb15f821479b4d5772bd0ca866c00ad5f926e3580720659cc80d39c9d09802a', 1, 0, 0, 0, 'PASSWORD', '2021-01-03 16:44:56', 1, '2024-01-01 21:03:39', 1, 0);
INSERT INTO `auth_user` VALUES (18, '天使凯拉', 'bcb15f821479b4d5772bd0ca866c00ad5f926e3580720659cc80d39c9d09802a', 1, 0, 0, 0, 'PASSWORD', '2021-01-03 16:45:01', 1, '2024-01-01 21:03:39', 1, 0);
INSERT INTO `auth_user` VALUES (19, '波波', 'bcb15f821479b4d5772bd0ca866c00ad5f926e3580720659cc80d39c9d09802a', 1, 0, 0, 0, 'PASSWORD', '2021-01-03 16:45:07', 1, '2024-01-01 21:03:39', 1, 0);
INSERT INTO `auth_user` VALUES (20, '刘老板', 'bcb15f821479b4d5772bd0ca866c00ad5f926e3580720659cc80d39c9d09802a', 1, 0, 0, 0, 'PASSWORD', '2021-01-03 16:45:15', 1, '2024-01-01 21:03:39', 1, 0);
INSERT INTO `auth_user` VALUES (21, '池总', 'bcb15f821479b4d5772bd0ca866c00ad5f926e3580720659cc80d39c9d09802a', 1, 0, 0, 0, 'PASSWORD', '2021-01-03 16:45:33', 1, '2024-01-01 21:03:39', 1, 0);
INSERT INTO `auth_user` VALUES (22, 'user', 'bcb15f821479b4d5772bd0ca866c00ad5f926e3580720659cc80d39c9d09802a', 1, 0, 0, 0, 'PASSWORD', '2021-01-03 16:45:45', 1, '2024-01-01 21:03:39', 1, 0);
INSERT INTO `auth_user` VALUES (23, '赛罗奥特曼', 'bcb15f821479b4d5772bd0ca866c00ad5f926e3580720659cc80d39c9d09802a', 1, 0, 0, 0, 'PASSWORD', '2021-01-16 22:49:41', 1, '2024-01-01 21:03:39', 1, 1);
INSERT INTO `auth_user` VALUES (24, 'herenpeng', 'bcb15f821479b4d5772bd0ca866c00ad5f926e3580720659cc80d39c9d09802a', 1, 0, 0, 0, 'GITHUB', '2021-04-10 18:14:03', 0, '2023-12-31 17:09:35', 0, 0);

-- ----------------------------
-- Table structure for auth_user_info
-- ----------------------------
DROP TABLE IF EXISTS `auth_user_info`;
CREATE TABLE `auth_user_info`  (
  `id` int(11) NOT NULL AUTO_INCREMENT COMMENT '主键',
  `name` varchar(50) CHARACTER SET utf8mb4 COLLATE utf8mb4_general_ci NULL DEFAULT NULL COMMENT '用户姓名',
  `gender` tinyint(1) NULL DEFAULT NULL COMMENT '用户性别，1（true）为男，0（false）为女',
  `mobile` varchar(50) CHARACTER SET utf8mb4 COLLATE utf8mb4_general_ci NULL DEFAULT NULL COMMENT '用户手机号码',
  `mail` varchar(50) CHARACTER SET utf8mb4 COLLATE utf8mb4_general_ci NULL DEFAULT NULL COMMENT '用户邮箱地址',
  `birthday` date NULL DEFAULT NULL COMMENT '用户出生日期',
  `id_number` varchar(50) CHARACTER SET utf8mb4 COLLATE utf8mb4_general_ci NULL DEFAULT NULL COMMENT '用户身份证号码',
  `qq` varchar(50) CHARACTER SET utf8mb4 COLLATE utf8mb4_general_ci NULL DEFAULT NULL COMMENT '用户QQ号码',
  `we_chat` varchar(50) CHARACTER SET utf8mb4 COLLATE utf8mb4_general_ci NULL DEFAULT NULL COMMENT '用户微信号码',
  `avatar` varchar(500) CHARACTER SET utf8mb4 COLLATE utf8mb4_general_ci NULL DEFAULT NULL COMMENT '用户头像路径',
  `create_time` datetime(0) NOT NULL DEFAULT CURRENT_TIMESTAMP COMMENT '数据库数据插入时间',
  `create_user_id` int(11) NOT NULL DEFAULT 0 COMMENT '数据库数据插入用户主键',
  `update_time` datetime(0) NOT NULL DEFAULT CURRENT_TIMESTAMP ON UPDATE CURRENT_TIMESTAMP(0) COMMENT '数据库数据更新时间',
  `update_user_id` int(11) NOT NULL DEFAULT 0 COMMENT '数据库数据更新用户主键',
  `deleted` tinyint(1) NOT NULL DEFAULT 0 COMMENT '逻辑删除标识，0为正常，1为逻辑删除，默认为0',
  PRIMARY KEY (`id`) USING BTREE
) ENGINE = InnoDB AUTO_INCREMENT = 25 CHARACTER SET = utf8mb4 COLLATE = utf8mb4_general_ci COMMENT = '系统用户信息表' ROW_FORMAT = Compact;

-- ----------------------------
-- Records of auth_user_info
-- ----------------------------
INSERT INTO `auth_user_info` VALUES (1, '何任鹏', 1, '17345671234', '2519832582@qq.com', '2021-01-17', '360733202101014219', '2519832582', 'H2519832582', 'http://127.0.0.1:10000/api/image/2021/11/6/507bcc9a-1531-4aae-b2fb-43ff844fdc94.jpg', '2021-01-12 22:54:06', 1, '2021-04-06 18:52:39', 1, 0);
INSERT INTO `auth_user_info` VALUES (2, NULL, NULL, NULL, NULL, NULL, NULL, NULL, NULL, NULL, '2021-01-16 22:42:51', 0, '2021-01-16 22:42:51', 0, 0);
INSERT INTO `auth_user_info` VALUES (3, NULL, NULL, NULL, NULL, NULL, NULL, NULL, NULL, NULL, '2021-01-16 22:42:53', 0, '2021-01-16 22:42:53', 0, 0);
INSERT INTO `auth_user_info` VALUES (4, NULL, NULL, NULL, NULL, NULL, NULL, NULL, NULL, NULL, '2021-01-16 22:42:56', 0, '2021-01-16 22:42:56', 0, 0);
INSERT INTO `auth_user_info` VALUES (5, NULL, NULL, NULL, NULL, NULL, NULL, NULL, NULL, NULL, '2021-01-16 22:44:07', 0, '2021-01-16 22:44:07', 0, 0);
INSERT INTO `auth_user_info` VALUES (6, NULL, NULL, NULL, NULL, NULL, NULL, NULL, NULL, NULL, '2021-01-16 22:44:07', 0, '2021-01-16 22:44:07', 0, 0);
INSERT INTO `auth_user_info` VALUES (7, NULL, NULL, NULL, NULL, NULL, NULL, NULL, NULL, NULL, '2021-01-16 22:44:07', 0, '2021-01-16 22:44:07', 0, 0);
INSERT INTO `auth_user_info` VALUES (8, NULL, NULL, NULL, NULL, NULL, NULL, NULL, NULL, NULL, '2021-01-16 22:44:07', 0, '2021-01-16 22:44:07', 0, 0);
INSERT INTO `auth_user_info` VALUES (9, NULL, NULL, NULL, NULL, NULL, NULL, NULL, NULL, NULL, '2021-01-16 22:44:07', 0, '2021-01-16 22:44:07', 0, 0);
INSERT INTO `auth_user_info` VALUES (10, NULL, NULL, NULL, NULL, NULL, NULL, NULL, NULL, NULL, '2021-01-16 22:44:07', 0, '2021-01-16 22:44:07', 0, 0);
INSERT INTO `auth_user_info` VALUES (11, NULL, NULL, NULL, NULL, NULL, NULL, NULL, NULL, NULL, '2021-01-16 22:44:07', 0, '2021-01-16 22:44:07', 0, 0);
INSERT INTO `auth_user_info` VALUES (12, NULL, NULL, NULL, NULL, NULL, NULL, NULL, NULL, NULL, '2021-01-16 22:44:07', 0, '2021-01-16 22:44:07', 0, 0);
INSERT INTO `auth_user_info` VALUES (13, NULL, NULL, NULL, NULL, NULL, NULL, NULL, NULL, NULL, '2021-01-16 22:44:07', 0, '2021-01-16 22:44:07', 0, 0);
INSERT INTO `auth_user_info` VALUES (14, NULL, NULL, NULL, NULL, NULL, NULL, NULL, NULL, NULL, '2021-01-16 22:44:07', 0, '2021-01-16 22:44:07', 0, 0);
INSERT INTO `auth_user_info` VALUES (15, NULL, NULL, NULL, NULL, NULL, NULL, NULL, NULL, NULL, '2021-01-16 22:44:30', 0, '2021-01-16 22:44:30', 0, 0);
INSERT INTO `auth_user_info` VALUES (16, NULL, NULL, NULL, NULL, NULL, NULL, NULL, NULL, NULL, '2021-01-16 22:44:30', 0, '2021-01-16 22:44:30', 0, 0);
INSERT INTO `auth_user_info` VALUES (17, NULL, NULL, NULL, NULL, NULL, NULL, NULL, NULL, NULL, '2021-01-16 22:44:30', 0, '2021-01-16 22:44:30', 0, 0);
INSERT INTO `auth_user_info` VALUES (18, NULL, NULL, NULL, NULL, NULL, NULL, NULL, NULL, NULL, '2021-01-16 22:44:30', 0, '2021-01-16 22:44:30', 0, 0);
INSERT INTO `auth_user_info` VALUES (19, NULL, NULL, NULL, NULL, NULL, NULL, NULL, NULL, NULL, '2021-01-16 22:44:30', 0, '2021-01-16 22:44:30', 0, 0);
INSERT INTO `auth_user_info` VALUES (20, NULL, NULL, NULL, NULL, NULL, NULL, NULL, NULL, NULL, '2021-01-16 22:44:30', 0, '2021-01-16 22:44:30', 0, 0);
INSERT INTO `auth_user_info` VALUES (21, NULL, NULL, NULL, NULL, NULL, NULL, NULL, NULL, NULL, '2021-01-16 22:44:30', 0, '2021-01-16 22:44:30', 0, 0);
INSERT INTO `auth_user_info` VALUES (22, NULL, 1, NULL, 'he.ren.peng@qq.com', NULL, NULL, NULL, NULL, 'http://127.0.0.1:10000/api/image/2021/11/2/4401b2ef-0179-40f3-ab4c-3909a85a938b.jpg', '2021-01-16 22:44:30', 0, '2021-11-02 23:05:59', 22, 0);
INSERT INTO `auth_user_info` VALUES (23, NULL, NULL, NULL, NULL, NULL, NULL, NULL, NULL, NULL, '2021-01-16 22:49:41', 1, '2021-01-16 22:49:41', 1, 0);
INSERT INTO `auth_user_info` VALUES (24, NULL, NULL, NULL, NULL, NULL, NULL, NULL, NULL, 'https://avatars.githubusercontent.com/u/60246991?v=4', '2021-04-10 18:14:03', 0, '2021-04-10 18:14:03', 0, 0);

-- ----------------------------
-- Table structure for auth_user_role
-- ----------------------------
DROP TABLE IF EXISTS `auth_user_role`;
CREATE TABLE `auth_user_role`  (
  `id` int(11) NOT NULL AUTO_INCREMENT COMMENT '主键',
  `user_id` int(11) NOT NULL COMMENT '用户主键',
  `role_id` int(11) NOT NULL COMMENT '角色主键',
  `create_time` datetime(0) NOT NULL DEFAULT CURRENT_TIMESTAMP COMMENT '数据库数据插入时间',
  `create_user_id` int(11) NOT NULL DEFAULT 0 COMMENT '数据库数据插入用户主键',
  `update_time` datetime(0) NOT NULL DEFAULT CURRENT_TIMESTAMP ON UPDATE CURRENT_TIMESTAMP(0) COMMENT '数据库数据更新时间',
  `update_user_id` int(11) NOT NULL DEFAULT 0 COMMENT '数据库数据更新用户主键',
  `deleted` tinyint(1) NOT NULL DEFAULT 0 COMMENT '逻辑删除标识，0为正常，1为逻辑删除，默认为0',
  PRIMARY KEY (`id`) USING BTREE
) ENGINE = InnoDB AUTO_INCREMENT = 24 CHARACTER SET = utf8mb4 COLLATE = utf8mb4_general_ci COMMENT = '用户角色关系表' ROW_FORMAT = Compact;

-- ----------------------------
-- Records of auth_user_role
-- ----------------------------
INSERT INTO `auth_user_role` VALUES (1, 1, 1, '2021-04-10 17:33:52', 0, '2021-04-10 17:33:52', 0, 0);
INSERT INTO `auth_user_role` VALUES (2, 2, 3, '2021-04-10 17:35:48', 1, '2021-04-10 17:35:48', 1, 0);
INSERT INTO `auth_user_role` VALUES (3, 3, 3, '2021-04-10 17:35:50', 1, '2021-04-10 17:35:50', 1, 0);
INSERT INTO `auth_user_role` VALUES (4, 4, 3, '2021-04-10 17:35:52', 1, '2021-04-10 17:35:52', 1, 0);
INSERT INTO `auth_user_role` VALUES (5, 5, 3, '2021-04-10 17:35:53', 1, '2021-04-10 17:35:53', 1, 0);
INSERT INTO `auth_user_role` VALUES (6, 6, 3, '2021-04-10 17:35:56', 1, '2021-04-10 17:35:56', 1, 0);
INSERT INTO `auth_user_role` VALUES (7, 7, 3, '2021-04-10 17:35:58', 1, '2021-04-10 17:35:58', 1, 0);
INSERT INTO `auth_user_role` VALUES (8, 8, 3, '2021-04-10 17:36:00', 1, '2021-04-10 17:36:00', 1, 0);
INSERT INTO `auth_user_role` VALUES (9, 9, 3, '2021-04-10 17:36:02', 1, '2021-04-10 17:36:02', 1, 0);
INSERT INTO `auth_user_role` VALUES (10, 10, 3, '2021-04-10 17:36:03', 1, '2021-04-10 17:36:03', 1, 0);
INSERT INTO `auth_user_role` VALUES (11, 11, 3, '2021-04-10 17:36:06', 1, '2021-04-10 17:36:06', 1, 0);
INSERT INTO `auth_user_role` VALUES (12, 12, 3, '2021-04-10 17:36:08', 1, '2021-04-10 17:36:08', 1, 0);
INSERT INTO `auth_user_role` VALUES (13, 13, 3, '2021-04-10 17:36:09', 1, '2021-04-10 17:36:09', 1, 0);
INSERT INTO `auth_user_role` VALUES (14, 14, 3, '2021-04-10 17:36:10', 1, '2021-04-10 17:36:10', 1, 0);
INSERT INTO `auth_user_role` VALUES (15, 15, 3, '2021-04-10 17:36:12', 1, '2021-04-10 17:36:12', 1, 0);
INSERT INTO `auth_user_role` VALUES (16, 16, 3, '2021-04-10 17:36:13', 1, '2021-04-10 17:36:13', 1, 0);
INSERT INTO `auth_user_role` VALUES (17, 17, 3, '2021-04-10 17:36:15', 1, '2021-04-10 17:36:15', 1, 0);
INSERT INTO `auth_user_role` VALUES (18, 18, 3, '2021-04-10 17:36:16', 1, '2021-04-10 17:36:16', 1, 0);
INSERT INTO `auth_user_role` VALUES (19, 19, 3, '2021-04-10 17:36:18', 1, '2021-04-10 17:36:18', 1, 0);
INSERT INTO `auth_user_role` VALUES (20, 20, 3, '2021-04-10 17:36:19', 1, '2021-04-10 17:36:19', 1, 0);
INSERT INTO `auth_user_role` VALUES (21, 21, 3, '2021-04-10 17:36:22', 1, '2021-04-10 17:36:22', 1, 0);
INSERT INTO `auth_user_role` VALUES (22, 22, 3, '2021-04-10 17:36:24', 1, '2021-04-10 17:36:24', 1, 0);
INSERT INTO `auth_user_role` VALUES (23, 24, 3, '2021-04-10 18:14:03', 0, '2021-04-10 18:14:03', 0, 0);

-- ----------------------------
-- Table structure for dev_table_column
-- ----------------------------
DROP TABLE IF EXISTS `dev_table_column`;
CREATE TABLE `dev_table_column`  (
  `id` int(11) NOT NULL AUTO_INCREMENT COMMENT '主键',
  `name` varchar(50) CHARACTER SET utf8 COLLATE utf8_general_ci NOT NULL COMMENT '字段名称',
  `database_type` varchar(50) CHARACTER SET utf8 COLLATE utf8_general_ci NOT NULL COMMENT '字段类型',
  `comment` varchar(255) CHARACTER SET utf8 COLLATE utf8_general_ci NOT NULL COMMENT '字段注释',
  `java_name` varchar(50) CHARACTER SET utf8 COLLATE utf8_general_ci NOT NULL COMMENT 'Java属性名称',
  `java_type` varchar(50) CHARACTER SET utf8 COLLATE utf8_general_ci NOT NULL COMMENT '数据类型对应的Java类型',
  `jdbc_type` varchar(50) CHARACTER SET utf8 COLLATE utf8_general_ci NOT NULL COMMENT '数据类型对应的jdbc类型',
  `query` tinyint(1) NOT NULL DEFAULT 0 COMMENT '是否为查询字段',
  `sort` int(11) NOT NULL COMMENT '字段排序顺序，数据库默认升序排序',
  `table_info_id` int(11) NOT NULL COMMENT '表信息主键，关联dev_table_info表的主键',
  `create_time` datetime(0) NOT NULL DEFAULT CURRENT_TIMESTAMP COMMENT '数据库数据插入时间',
  `create_user_id` int(11) NOT NULL DEFAULT 0 COMMENT '数据库数据插入用户主键',
  `update_time` datetime(0) NOT NULL DEFAULT CURRENT_TIMESTAMP ON UPDATE CURRENT_TIMESTAMP(0) COMMENT '数据库数据更新时间',
  `update_user_id` int(11) NOT NULL DEFAULT 0 COMMENT '数据库数据更新用户主键',
  `deleted` tinyint(1) NOT NULL DEFAULT 0 COMMENT '逻辑删除标识，0为正常，1为逻辑删除，默认为0',
  PRIMARY KEY (`id`) USING BTREE
) ENGINE = InnoDB AUTO_INCREMENT = 54 CHARACTER SET = utf8mb4 COLLATE = utf8mb4_general_ci COMMENT = '系统数据库表字段信息表' ROW_FORMAT = Compact;

-- ----------------------------
-- Records of dev_table_column
-- ----------------------------
INSERT INTO `dev_table_column` VALUES (1, 'id', 'int(11)', '主键', 'id', 'Integer', 'INTEGER', 0, 1, 1, '2021-04-16 20:33:26', 1, '2021-04-16 20:33:26', 1, 0);
INSERT INTO `dev_table_column` VALUES (2, 'user_id', 'int(11)', '登录用户主键', 'userId', 'Integer', 'INTEGER', 0, 2, 1, '2021-04-16 20:33:26', 1, '2021-04-16 20:33:26', 1, 0);
INSERT INTO `dev_table_column` VALUES (3, 'ip', 'varchar(50)', '登录的IP地址', 'ip', 'String', 'VARCHAR', 0, 3, 1, '2021-04-16 20:33:26', 1, '2021-04-16 20:33:26', 1, 0);
INSERT INTO `dev_table_column` VALUES (4, 'country', 'varchar(100)', '登录现实地址，国家', 'country', 'String', 'VARCHAR', 0, 4, 1, '2021-04-16 20:33:26', 1, '2021-04-16 20:33:26', 1, 0);
INSERT INTO `dev_table_column` VALUES (5, 'region', 'varchar(100)', '登录现实地址，区域，省', 'region', 'String', 'VARCHAR', 0, 5, 1, '2021-04-16 20:33:26', 1, '2021-04-16 20:33:26', 1, 0);
INSERT INTO `dev_table_column` VALUES (6, 'city', 'varchar(100)', '登录现实地址，城市', 'city', 'String', 'VARCHAR', 0, 6, 1, '2021-04-16 20:33:26', 1, '2021-04-16 20:33:26', 1, 0);
INSERT INTO `dev_table_column` VALUES (7, 'isp', 'varchar(100)', '因特网提供商', 'isp', 'String', 'VARCHAR', 0, 7, 1, '2021-04-16 20:33:26', 1, '2021-04-16 20:33:26', 1, 0);
INSERT INTO `dev_table_column` VALUES (8, 'login_time', 'datetime', '登录时间', 'loginTime', 'Date', 'TIMESTAMP', 0, 8, 1, '2021-04-16 20:33:26', 1, '2021-04-16 20:33:26', 1, 0);
INSERT INTO `dev_table_column` VALUES (9, 'token_id', 'varchar(100)', 'tokenId', 'tokenId', 'String', 'VARCHAR', 0, 9, 1, '2021-04-16 20:33:26', 1, '2021-04-16 20:33:26', 1, 0);
INSERT INTO `dev_table_column` VALUES (10, 'logout_time', 'datetime', '登出时间，默认为登录时间+token失效时间，登出时更新', 'logoutTime', 'Date', 'TIMESTAMP', 0, 10, 1, '2021-04-16 20:33:26', 1, '2021-04-16 20:33:26', 1, 0);
INSERT INTO `dev_table_column` VALUES (11, 'logout', 'tinyint(1)', '是否主动登出，默认为0', 'logout', 'Boolean', 'BOOLEAN', 0, 11, 1, '2021-04-16 20:33:26', 1, '2021-04-16 20:33:26', 1, 0);
INSERT INTO `dev_table_column` VALUES (12, 'create_time', 'datetime', '数据库数据插入时间', 'createTime', 'Date', 'TIMESTAMP', 0, 12, 1, '2021-04-16 20:33:26', 1, '2021-04-16 20:33:26', 1, 0);
INSERT INTO `dev_table_column` VALUES (13, 'create_user_id', 'int(11)', '数据库数据插入用户主键', 'createUserId', 'Integer', 'INTEGER', 0, 13, 1, '2021-04-16 20:33:26', 1, '2021-04-16 20:33:26', 1, 0);
INSERT INTO `dev_table_column` VALUES (14, 'update_time', 'datetime', '数据库数据更新时间', 'updateTime', 'Date', 'TIMESTAMP', 0, 14, 1, '2021-04-16 20:33:26', 1, '2021-04-16 20:33:26', 1, 0);
INSERT INTO `dev_table_column` VALUES (15, 'update_user_id', 'int(11)', '数据库数据更新用户主键', 'updateUserId', 'Integer', 'INTEGER', 0, 15, 1, '2021-04-16 20:33:26', 1, '2021-04-16 20:33:26', 1, 0);
INSERT INTO `dev_table_column` VALUES (16, 'deleted', 'tinyint(1)', '逻辑删除标识，0为正常，1为逻辑删除，默认为0', 'deleted', 'Boolean', 'BOOLEAN', 0, 16, 1, '2021-04-16 20:33:26', 1, '2021-04-16 20:33:26', 1, 0);
INSERT INTO `dev_table_column` VALUES (17, 'id', 'int(11)', '主键', 'id', 'Integer', 'INTEGER', 0, 1, 2, '2021-06-05 21:07:26', 22, '2021-06-05 21:07:26', 22, 0);
INSERT INTO `dev_table_column` VALUES (18, 'key', 'varchar(50)', '常量键值，标识，唯一', 'key', 'String', 'VARCHAR', 1, 2, 2, '2021-06-05 21:07:26', 22, '2021-06-05 21:09:03', 22, 0);
INSERT INTO `dev_table_column` VALUES (19, 'description', 'varchar(255)', '键值描述信息', 'description', 'String', 'VARCHAR', 1, 3, 2, '2021-06-05 21:07:26', 22, '2021-06-05 21:09:06', 22, 0);
INSERT INTO `dev_table_column` VALUES (20, 'default_value', 'varchar(50)', '系统配置的默认值', 'defaultValue', 'String', 'VARCHAR', 0, 4, 2, '2021-06-05 21:07:26', 22, '2021-06-05 21:07:26', 22, 0);
INSERT INTO `dev_table_column` VALUES (21, 'create_time', 'datetime', '数据库数据插入时间', 'createTime', 'Date', 'TIMESTAMP', 0, 5, 2, '2021-06-05 21:07:26', 22, '2021-06-05 21:07:26', 22, 0);
INSERT INTO `dev_table_column` VALUES (22, 'create_user_id', 'int(11)', '数据库数据插入用户主键', 'createUserId', 'Integer', 'INTEGER', 0, 6, 2, '2021-06-05 21:07:26', 22, '2021-06-05 21:07:26', 22, 0);
INSERT INTO `dev_table_column` VALUES (23, 'update_time', 'datetime', '数据库数据更新时间', 'updateTime', 'Date', 'TIMESTAMP', 0, 7, 2, '2021-06-05 21:07:26', 22, '2021-06-05 21:07:26', 22, 0);
INSERT INTO `dev_table_column` VALUES (24, 'update_user_id', 'int(11)', '数据库数据更新用户主键', 'updateUserId', 'Integer', 'INTEGER', 0, 8, 2, '2021-06-05 21:07:26', 22, '2021-06-05 21:07:26', 22, 0);
INSERT INTO `dev_table_column` VALUES (25, 'deleted', 'tinyint(1)', '逻辑删除标识，0为正常，1为逻辑删除，默认为0', 'deleted', 'Boolean', 'BOOLEAN', 0, 9, 2, '2021-06-05 21:07:27', 22, '2021-06-05 21:07:27', 22, 0);
INSERT INTO `dev_table_column` VALUES (26, 'id', 'int(11)', '主键', 'id', 'Integer', 'INTEGER', 0, 1, 3, '2021-06-05 22:27:41', 1, '2021-06-05 22:27:41', 1, 0);
INSERT INTO `dev_table_column` VALUES (27, 'key', 'varchar(50)', '常量键值，标识，唯一', 'key', 'String', 'VARCHAR', 1, 2, 3, '2021-06-05 22:27:41', 1, '2021-06-05 22:29:25', 1, 0);
INSERT INTO `dev_table_column` VALUES (28, 'description', 'varchar(255)', '键值描述信息', 'description', 'String', 'VARCHAR', 1, 3, 3, '2021-06-05 22:27:41', 1, '2021-06-05 22:29:28', 1, 0);
INSERT INTO `dev_table_column` VALUES (29, 'default_value', 'varchar(50)', '系统配置的默认值', 'defaultValue', 'String', 'VARCHAR', 0, 4, 3, '2021-06-05 22:27:41', 1, '2021-06-05 22:27:41', 1, 0);
INSERT INTO `dev_table_column` VALUES (30, 'userable', 'tinyint(1)', '用户可配置，true为可配置，false为不可配置', 'userable', 'Boolean', 'BOOLEAN', 1, 5, 3, '2021-06-05 22:27:41', 1, '2021-06-05 22:29:32', 1, 0);
INSERT INTO `dev_table_column` VALUES (31, 'create_time', 'datetime', '数据库数据插入时间', 'createTime', 'Date', 'TIMESTAMP', 0, 6, 3, '2021-06-05 22:27:41', 1, '2021-06-05 22:27:41', 1, 0);
INSERT INTO `dev_table_column` VALUES (32, 'create_user_id', 'int(11)', '数据库数据插入用户主键', 'createUserId', 'Integer', 'INTEGER', 0, 7, 3, '2021-06-05 22:27:41', 1, '2021-06-05 22:27:41', 1, 0);
INSERT INTO `dev_table_column` VALUES (33, 'update_time', 'datetime', '数据库数据更新时间', 'updateTime', 'Date', 'TIMESTAMP', 0, 8, 3, '2021-06-05 22:27:41', 1, '2021-06-05 22:27:41', 1, 0);
INSERT INTO `dev_table_column` VALUES (34, 'update_user_id', 'int(11)', '数据库数据更新用户主键', 'updateUserId', 'Integer', 'INTEGER', 0, 9, 3, '2021-06-05 22:27:41', 1, '2021-06-05 22:27:41', 1, 0);
INSERT INTO `dev_table_column` VALUES (35, 'deleted', 'tinyint(1)', '逻辑删除标识，0为正常，1为逻辑删除，默认为0', 'deleted', 'Boolean', 'BOOLEAN', 0, 10, 3, '2021-06-05 22:27:41', 1, '2021-06-05 22:27:41', 1, 0);
INSERT INTO `dev_table_column` VALUES (36, 'id', 'int(11)', '主键', 'id', 'Integer', 'INTEGER', 0, 1, 4, '2021-06-06 17:37:53', 1, '2021-06-06 17:37:53', 1, 0);
INSERT INTO `dev_table_column` VALUES (37, 'user_id', 'int(11)', '用户主键', 'userId', 'Integer', 'INTEGER', 1, 2, 4, '2021-06-06 17:37:53', 1, '2021-06-06 17:42:15', 1, 0);
INSERT INTO `dev_table_column` VALUES (38, 'config_id', 'int(11)', '配置主键', 'configId', 'Integer', 'INTEGER', 1, 3, 4, '2021-06-06 17:37:53', 1, '2021-06-06 17:42:20', 1, 0);
INSERT INTO `dev_table_column` VALUES (39, 'value', 'varchar(50)', '用户配置值', 'value', 'String', 'VARCHAR', 0, 4, 4, '2021-06-06 17:37:53', 1, '2021-06-06 17:37:53', 1, 0);
INSERT INTO `dev_table_column` VALUES (40, 'create_time', 'datetime', '数据库数据插入时间', 'createTime', 'Date', 'TIMESTAMP', 0, 5, 4, '2021-06-06 17:37:53', 1, '2021-06-06 17:37:53', 1, 0);
INSERT INTO `dev_table_column` VALUES (41, 'create_user_id', 'int(11)', '数据库数据插入用户主键', 'createUserId', 'Integer', 'INTEGER', 0, 6, 4, '2021-06-06 17:37:53', 1, '2021-06-06 17:37:53', 1, 0);
INSERT INTO `dev_table_column` VALUES (42, 'update_time', 'datetime', '数据库数据更新时间', 'updateTime', 'Date', 'TIMESTAMP', 0, 7, 4, '2021-06-06 17:37:53', 1, '2021-06-06 17:37:53', 1, 0);
INSERT INTO `dev_table_column` VALUES (43, 'update_user_id', 'int(11)', '数据库数据更新用户主键', 'updateUserId', 'Integer', 'INTEGER', 0, 8, 4, '2021-06-06 17:37:53', 1, '2021-06-06 17:37:53', 1, 0);
INSERT INTO `dev_table_column` VALUES (44, 'deleted', 'tinyint(1)', '逻辑删除标识，0为正常，1为逻辑删除，默认为0', 'deleted', 'Boolean', 'BOOLEAN', 0, 9, 4, '2021-06-06 17:37:53', 1, '2021-06-06 17:37:53', 1, 0);
INSERT INTO `dev_table_column` VALUES (45, 'id', 'int', '主键', 'id', 'Integer', 'INTEGER', 0, 1, 5, '2023-09-03 16:19:53', 22, '2023-09-03 16:19:53', 22, 0);
INSERT INTO `dev_table_column` VALUES (46, 'name', 'varchar', '组织机构名称', 'name', 'String', 'VARCHAR', 1, 2, 5, '2023-09-03 16:19:53', 22, '2023-09-03 16:30:39', 1, 0);
INSERT INTO `dev_table_column` VALUES (47, 'sort', 'int', '组织机构排序', 'sort', 'Integer', 'INTEGER', 0, 3, 5, '2023-09-03 16:19:53', 22, '2023-09-03 16:30:46', 1, 0);
INSERT INTO `dev_table_column` VALUES (48, 'parent_id', 'int', '父级组织机构主键，如果为顶级组织机构，值为0', 'parentId', 'Integer', 'INTEGER', 0, 4, 5, '2023-09-03 16:19:53', 22, '2023-09-03 16:19:53', 22, 0);
INSERT INTO `dev_table_column` VALUES (49, 'create_time', 'datetime', '数据库数据插入时间', 'createTime', 'Date', 'TIMESTAMP', 0, 5, 5, '2023-09-03 16:19:53', 22, '2023-09-03 16:19:53', 22, 0);
INSERT INTO `dev_table_column` VALUES (50, 'create_user_id', 'int', '数据库数据插入用户主键', 'createUserId', 'Integer', 'INTEGER', 0, 6, 5, '2023-09-03 16:19:54', 22, '2023-09-03 16:19:54', 22, 0);
INSERT INTO `dev_table_column` VALUES (51, 'update_time', 'datetime', '数据库数据更新时间', 'updateTime', 'Date', 'TIMESTAMP', 0, 7, 5, '2023-09-03 16:19:54', 22, '2023-09-03 16:19:54', 22, 0);
INSERT INTO `dev_table_column` VALUES (52, 'update_user_id', 'int', '数据库数据更新用户主键', 'updateUserId', 'Integer', 'INTEGER', 0, 8, 5, '2023-09-03 16:19:54', 22, '2023-09-03 16:19:54', 22, 0);
INSERT INTO `dev_table_column` VALUES (53, 'deleted', 'tinyint', '逻辑删除标识，0为正常，1为逻辑删除，默认为0', 'deleted', 'Boolean', 'BOOLEAN', 0, 9, 5, '2023-09-03 16:19:54', 22, '2023-09-03 16:19:54', 22, 0);

-- ----------------------------
-- Table structure for dev_table_info
-- ----------------------------
DROP TABLE IF EXISTS `dev_table_info`;
CREATE TABLE `dev_table_info`  (
  `id` int(11) NOT NULL AUTO_INCREMENT COMMENT '主键',
  `name` varchar(50) CHARACTER SET utf8 COLLATE utf8_general_ci NOT NULL COMMENT '表名称',
  `comment` varchar(50) CHARACTER SET utf8 COLLATE utf8_general_ci NOT NULL COMMENT '表注释',
  `entity_name` varchar(50) CHARACTER SET utf8 COLLATE utf8_general_ci NOT NULL COMMENT '实体类名称',
  `request_mapping` varchar(50) CHARACTER SET utf8mb4 COLLATE utf8mb4_general_ci NOT NULL COMMENT '类请求路径',
  `java_package_name` varchar(50) CHARACTER SET utf8 COLLATE utf8_general_ci NOT NULL COMMENT '包前缀名称',
  `java_code_path` varchar(50) CHARACTER SET utf8 COLLATE utf8_general_ci NOT NULL COMMENT 'Java代码生成路径',
  `vue_code_path` varchar(50) CHARACTER SET utf8mb4 COLLATE utf8mb4_general_ci NOT NULL COMMENT 'vue代码生成路径',
  `vue_package` varchar(50) CHARACTER SET utf8mb4 COLLATE utf8mb4_general_ci NOT NULL COMMENT 'vue包路径',
  `code_author` varchar(50) CHARACTER SET utf8 COLLATE utf8_general_ci NOT NULL COMMENT '代码作者',
  `create_time` datetime(0) NOT NULL DEFAULT CURRENT_TIMESTAMP COMMENT '数据库数据插入时间',
  `create_user_id` int(11) NOT NULL DEFAULT 0 COMMENT '数据库数据插入用户主键',
  `update_time` datetime(0) NOT NULL DEFAULT CURRENT_TIMESTAMP ON UPDATE CURRENT_TIMESTAMP(0) COMMENT '数据库数据更新时间',
  `update_user_id` int(11) NOT NULL DEFAULT 0 COMMENT '数据库数据更新用户主键',
  `deleted` tinyint(1) NOT NULL DEFAULT 0 COMMENT '逻辑删除标识，0为正常，1为逻辑删除，默认为0',
  PRIMARY KEY (`id`) USING BTREE
) ENGINE = InnoDB AUTO_INCREMENT = 6 CHARACTER SET = utf8mb4 COLLATE = utf8mb4_general_ci COMMENT = '系统数据库表信息表' ROW_FORMAT = Compact;

-- ----------------------------
-- Records of dev_table_info
-- ----------------------------
INSERT INTO `dev_table_info` VALUES (1, 'auth_login_log', '系统账号登录日志表', 'LoginLog', 'login/log', 'com.auth', 'G:\\\\', 'G:\\\\', 'development', 'herenpeng', '2021-04-16 20:33:26', 1, '2023-09-03 16:20:03', 1, 1);
INSERT INTO `dev_table_info` VALUES (2, 'sys_config_const', '系统配置常量表', 'ConfigConst', 'config/const', 'com.zero.sys', 'F:\\IdeaCode\\zero-admin\\zero-sys', 'F:\\Js\\zero-admin-vue', 'system.config', 'herenpeng', '2021-06-05 21:07:26', 22, '2021-06-05 22:26:11', 22, 1);
INSERT INTO `dev_table_info` VALUES (3, 'sys_config_const', '系统配置常量表', 'ConfigConst', 'config/const', 'com.zero.sys', 'F:\\IdeaCode\\zero-admin\\zero-sys', 'F:\\Js\\zero-admin-vue', 'system.config', 'herenpeng', '2021-06-05 22:27:40', 1, '2023-09-03 16:20:06', 1, 1);
INSERT INTO `dev_table_info` VALUES (4, 'sys_user_config', '系统用户配置表', 'UserConfig', 'user/config', 'com.zero.sys', 'F:\\IdeaCode\\zero-admin\\zero-sys', 'F:\\Js\\zero-admin-vue', 'system.user-config', 'herenpeng', '2021-06-06 17:37:53', 1, '2023-09-03 16:20:09', 1, 1);
INSERT INTO `dev_table_info` VALUES (5, 'sys_organ', '系统组织机构表', 'Organ', 'organ', 'com.zero.sys', 'F:\\IdeaCode\\zero-admin\\zero-sys', 'F:\\Js\\zero-admin-vue', 'data.organ', 'herenpeng', '2023-09-03 16:19:53', 22, '2023-09-03 16:19:53', 22, 0);

-- ----------------------------
-- Table structure for oauth_github_user
-- ----------------------------
DROP TABLE IF EXISTS `oauth_github_user`;
CREATE TABLE `oauth_github_user`  (
  `id` int(11) NOT NULL AUTO_INCREMENT COMMENT '主键',
  `login` varchar(255) CHARACTER SET utf8mb4 COLLATE utf8mb4_general_ci NOT NULL COMMENT 'Github用户名称',
  `user_id` int(11) NOT NULL COMMENT '用户表主键',
  `github_id` int(11) NOT NULL COMMENT 'Github用户主键',
  `node_id` varchar(255) CHARACTER SET utf8mb4 COLLATE utf8mb4_general_ci NOT NULL COMMENT 'Github Node主键',
  `url` varchar(255) CHARACTER SET utf8mb4 COLLATE utf8mb4_general_ci NOT NULL COMMENT 'Github 用户信息api请求路径',
  `html_url` varchar(255) CHARACTER SET utf8mb4 COLLATE utf8mb4_general_ci NOT NULL COMMENT 'Github 用户主页路径',
  `type` varchar(50) CHARACTER SET utf8mb4 COLLATE utf8mb4_general_ci NOT NULL COMMENT 'Github 用户类型',
  `public_repos` int(11) NOT NULL COMMENT 'Github 公开的仓库个数',
  `avatar_url` varchar(255) CHARACTER SET utf8mb4 COLLATE utf8mb4_general_ci NULL DEFAULT NULL COMMENT '用户头像路径',
  `public_gists` int(11) NOT NULL COMMENT 'public_gists',
  `gravatar_id` int(11) NULL DEFAULT NULL COMMENT 'gravatar_id',
  `followers_url` varchar(255) CHARACTER SET utf8mb4 COLLATE utf8mb4_general_ci NULL DEFAULT NULL COMMENT 'followers_url',
  `site_admin` tinyint(1) NOT NULL DEFAULT 0 COMMENT 'site_admin',
  `following_url` varchar(255) CHARACTER SET utf8mb4 COLLATE utf8mb4_general_ci NULL DEFAULT NULL COMMENT 'following_url',
  `gists_url` varchar(255) CHARACTER SET utf8mb4 COLLATE utf8mb4_general_ci NULL DEFAULT NULL COMMENT 'gists_url',
  `starred_url` varchar(255) CHARACTER SET utf8mb4 COLLATE utf8mb4_general_ci NULL DEFAULT NULL COMMENT 'starred_url',
  `subscriptions_url` varchar(255) CHARACTER SET utf8mb4 COLLATE utf8mb4_general_ci NULL DEFAULT NULL COMMENT 'subscriptions_url',
  `organizations_url` varchar(255) CHARACTER SET utf8mb4 COLLATE utf8mb4_general_ci NULL DEFAULT NULL COMMENT 'organizations_url',
  `repos_url` varchar(255) CHARACTER SET utf8mb4 COLLATE utf8mb4_general_ci NULL DEFAULT NULL COMMENT 'repos_url',
  `events_url` varchar(255) CHARACTER SET utf8mb4 COLLATE utf8mb4_general_ci NULL DEFAULT NULL COMMENT 'events_url',
  `received_events_url` varchar(255) CHARACTER SET utf8mb4 COLLATE utf8mb4_general_ci NULL DEFAULT NULL COMMENT 'received_events_url',
  `name` varchar(255) CHARACTER SET utf8mb4 COLLATE utf8mb4_general_ci NULL DEFAULT NULL COMMENT 'name',
  `company` varchar(255) CHARACTER SET utf8mb4 COLLATE utf8mb4_general_ci NULL DEFAULT NULL COMMENT 'company',
  `blog` varchar(255) CHARACTER SET utf8mb4 COLLATE utf8mb4_general_ci NULL DEFAULT NULL COMMENT 'blog',
  `location` varchar(255) CHARACTER SET utf8mb4 COLLATE utf8mb4_general_ci NULL DEFAULT NULL COMMENT 'location',
  `email` varchar(255) CHARACTER SET utf8mb4 COLLATE utf8mb4_general_ci NULL DEFAULT NULL COMMENT '邮箱',
  `hireable` varchar(255) CHARACTER SET utf8mb4 COLLATE utf8mb4_general_ci NULL DEFAULT NULL COMMENT 'hireable',
  `bio` varchar(255) CHARACTER SET utf8mb4 COLLATE utf8mb4_general_ci NULL DEFAULT NULL COMMENT 'bio',
  `twitter_username` varchar(255) CHARACTER SET utf8mb4 COLLATE utf8mb4_general_ci NULL DEFAULT NULL COMMENT 'twitter_username',
  `followers` int(11) NOT NULL COMMENT 'followers',
  `following` int(11) NOT NULL COMMENT 'following',
  `created_at` datetime(0) NOT NULL COMMENT 'Github账号创建时间',
  `updated_at` datetime(0) NOT NULL COMMENT 'Github最后更新时间',
  `create_time` datetime(0) NOT NULL DEFAULT CURRENT_TIMESTAMP COMMENT '数据库数据插入时间',
  `create_user_id` int(11) NOT NULL DEFAULT 0 COMMENT '数据库数据插入用户主键',
  `update_time` datetime(0) NOT NULL DEFAULT CURRENT_TIMESTAMP ON UPDATE CURRENT_TIMESTAMP(0) COMMENT '数据库数据更新时间',
  `update_user_id` int(11) NOT NULL DEFAULT 0 COMMENT '数据库数据更新用户主键',
  `deleted` tinyint(1) NOT NULL DEFAULT 0 COMMENT '逻辑删除标识，0为正常，1为逻辑删除，默认为0',
  PRIMARY KEY (`id`) USING BTREE
) ENGINE = InnoDB AUTO_INCREMENT = 2 CHARACTER SET = utf8mb4 COLLATE = utf8mb4_general_ci COMMENT = 'Github用户信息表' ROW_FORMAT = Compact;

-- ----------------------------
-- Records of oauth_github_user
-- ----------------------------
INSERT INTO `oauth_github_user` VALUES (1, 'herenpeng', 24, 60246991, 'MDQ6VXNlcjYwMjQ2OTkx', 'https://api.github.com/users/herenpeng', 'https://github.com/herenpeng', 'User', 11, 'https://avatars.githubusercontent.com/u/60246991?v=4', 0, NULL, 'https://api.github.com/users/herenpeng/followers', 0, 'https://api.github.com/users/herenpeng/following{/other_user}', 'https://api.github.com/users/herenpeng/gists{/gist_id}', 'https://api.github.com/users/herenpeng/starred{/owner}{/repo}', 'https://api.github.com/users/herenpeng/subscriptions', 'https://api.github.com/users/herenpeng/orgs', 'https://api.github.com/users/herenpeng/repos', 'https://api.github.com/users/herenpeng/events{/privacy}', 'https://api.github.com/users/herenpeng/received_events', NULL, NULL, '', NULL, NULL, NULL, NULL, NULL, 1, 0, '2020-01-24 02:49:20', '2021-04-10 04:56:20', '2021-04-10 18:14:03', 0, '2021-04-10 18:14:03', 0, 0);

-- ----------------------------
-- Table structure for sys_config_const
-- ----------------------------
DROP TABLE IF EXISTS `sys_config_const`;
CREATE TABLE `sys_config_const`  (
  `id` int(11) NOT NULL AUTO_INCREMENT COMMENT '主键',
  `key` varchar(50) CHARACTER SET utf8mb4 COLLATE utf8mb4_general_ci NOT NULL COMMENT '常量键值，标识，唯一',
  `description` varchar(255) CHARACTER SET utf8mb4 COLLATE utf8mb4_general_ci NOT NULL COMMENT '键值描述信息',
  `default_value` varchar(50) CHARACTER SET utf8mb4 COLLATE utf8mb4_general_ci NOT NULL COMMENT '系统配置的默认值',
  `userable` tinyint(1) NOT NULL COMMENT '用户可配置，true为可配置，false为不可配置',
  `create_time` datetime(0) NOT NULL DEFAULT CURRENT_TIMESTAMP COMMENT '数据库数据插入时间',
  `create_user_id` int(11) NOT NULL DEFAULT 0 COMMENT '数据库数据插入用户主键',
  `update_time` datetime(0) NOT NULL DEFAULT CURRENT_TIMESTAMP ON UPDATE CURRENT_TIMESTAMP(0) COMMENT '数据库数据更新时间',
  `update_user_id` int(11) NOT NULL DEFAULT 0 COMMENT '数据库数据更新用户主键',
  `deleted` tinyint(1) NOT NULL DEFAULT 0 COMMENT '逻辑删除标识，0为正常，1为逻辑删除，默认为0',
  PRIMARY KEY (`id`, `key`) USING BTREE,
  UNIQUE INDEX `key_unique_index`(`key`) USING BTREE COMMENT 'key值唯一索引'
) ENGINE = InnoDB AUTO_INCREMENT = 9 CHARACTER SET = utf8mb4 COLLATE = utf8mb4_general_ci COMMENT = '系统配置常量表' ROW_FORMAT = Compact;

-- ----------------------------
-- Records of sys_config_const
-- ----------------------------
INSERT INTO `sys_config_const` VALUES (1, 'RECORD_NUMBER', '网站ICP备案信息', '赣ICP备2020014777号', 0, '2021-06-06 11:41:48', 1, '2021-06-27 09:42:03', 1, 0);
INSERT INTO `sys_config_const` VALUES (2, 'SHOW_SETTINGS', '是否显示设置浮标', 'true', 0, '2021-06-27 09:42:38', 0, '2021-11-06 22:43:05', 1, 0);
INSERT INTO `sys_config_const` VALUES (3, 'THEME_COLOR', '主题颜色', '#1890FF', 1, '2021-06-06 17:10:03', 1, '2021-06-26 16:52:57', 1, 0);
INSERT INTO `sys_config_const` VALUES (4, 'TAGS_VIEW', '开启页面顶部标签', 'true', 1, '2021-06-26 22:04:03', 1, '2021-06-26 22:17:17', 1, 0);
INSERT INTO `sys_config_const` VALUES (7, 'FIXED_HEADER', '固定顶部显示栏', 'true', 1, '2021-06-27 09:32:08', 1, '2021-06-27 09:32:08', 1, 0);
INSERT INTO `sys_config_const` VALUES (8, 'SIDEBAR_LOGO', '显示侧边栏LOGO', 'false', 1, '2021-06-27 09:32:29', 1, '2021-06-27 09:32:29', 1, 0);

-- ----------------------------
-- Table structure for sys_menu
-- ----------------------------
DROP TABLE IF EXISTS `sys_menu`;
CREATE TABLE `sys_menu`  (
  `id` int(11) NOT NULL AUTO_INCREMENT COMMENT '主键',
  `path` varchar(100) CHARACTER SET utf8 COLLATE utf8_general_ci NOT NULL COMMENT '菜单路由路径',
  `name` varchar(50) CHARACTER SET utf8 COLLATE utf8_general_ci NOT NULL COMMENT '菜单模块名称',
  `component` varchar(100) CHARACTER SET utf8 COLLATE utf8_general_ci NULL DEFAULT NULL COMMENT '菜单模块路径',
  `meta_title` varchar(100) CHARACTER SET utf8 COLLATE utf8_general_ci NOT NULL COMMENT '菜单名称',
  `meta_icon` varchar(100) CHARACTER SET utf8 COLLATE utf8_general_ci NOT NULL COMMENT '菜单图标',
  `redirect` varchar(50) CHARACTER SET utf8 COLLATE utf8_general_ci NULL DEFAULT NULL COMMENT '父级菜单定向路由路径',
  `sort` int(11) NOT NULL COMMENT '菜单排序',
  `hidden` tinyint(1) NOT NULL COMMENT '菜单是否隐藏，0(false)为正常，1(true)为隐藏',
  `enabled` tinyint(1) NOT NULL COMMENT '菜单是否启用，0(false)为禁用，1(true)为启用',
  `parent_id` int(11) NOT NULL COMMENT '父级菜单主键，如果为顶级菜单，值为0',
  `create_time` datetime(0) NOT NULL DEFAULT CURRENT_TIMESTAMP COMMENT '数据库数据插入时间',
  `create_user_id` int(11) NOT NULL DEFAULT 0 COMMENT '数据库数据插入用户主键',
  `update_time` datetime(0) NOT NULL DEFAULT CURRENT_TIMESTAMP ON UPDATE CURRENT_TIMESTAMP(0) COMMENT '数据库数据更新时间',
  `update_user_id` int(11) NOT NULL DEFAULT 0 COMMENT '数据库数据更新用户主键',
  `deleted` tinyint(1) NOT NULL DEFAULT 0 COMMENT '逻辑删除标识，0为正常，1为逻辑删除，默认为0',
  PRIMARY KEY (`id`) USING BTREE
) ENGINE = InnoDB AUTO_INCREMENT = 30 CHARACTER SET = utf8mb4 COLLATE = utf8mb4_general_ci COMMENT = '系统菜单表' ROW_FORMAT = Compact;

-- ----------------------------
-- Records of sys_menu
-- ----------------------------
INSERT INTO `sys_menu` VALUES (1, '/data', 'Data', 'Layout', '数据管理', 'el-icon-s-help', '/data/user', 1, 0, 1, 0, '2020-11-15 23:25:21', 0, '2024-01-04 21:41:33', 1, 0);
INSERT INTO `sys_menu` VALUES (2, 'user', 'User', 'data/user/index', '用户管理', 'el-icon-user', NULL, 1, 0, 1, 1, '2020-11-15 23:28:06', 0, '2020-12-29 22:10:21', 1, 0);
INSERT INTO `sys_menu` VALUES (3, 'role', 'Role', 'data/role/index', '角色管理', 'el-icon-discount', NULL, 2, 0, 1, 1, '2020-11-17 23:32:23', 0, '2020-11-22 23:00:48', 1, 0);
INSERT INTO `sys_menu` VALUES (4, 'resources', 'Resources', 'data/resources/index', '资源管理', 'el-icon-star-on', NULL, 3, 0, 1, 1, '2020-11-17 23:53:50', 0, '2020-11-22 23:06:12', 1, 0);
INSERT INTO `sys_menu` VALUES (5, 'menu', 'Menu', 'data/menu/index', '菜单管理', 'el-icon-guide', NULL, 4, 0, 1, 1, '2020-11-17 23:54:27', 0, '2023-09-03 17:39:08', 1, 0);
INSERT INTO `sys_menu` VALUES (6, 'file-manage', 'FileManage', 'data/file-manage/index', '文件管理', 'el-icon-folder-opened', NULL, 6, 0, 1, 1, '2021-01-30 18:40:45', 1, '2023-09-03 16:24:39', 1, 0);
INSERT INTO `sys_menu` VALUES (7, '/system', 'System', 'Layout', '系统监控', 'el-icon-view', '/system/server', 2, 0, 1, 0, '2020-11-17 23:56:14', 0, '2020-12-01 20:59:55', 1, 0);
INSERT INTO `sys_menu` VALUES (8, 'server', 'Server', 'system/server/index', '服务器监控', 'el-icon-monitor', NULL, 1, 0, 1, 7, '2020-11-17 23:57:27', 0, '2020-11-22 23:00:45', 1, 0);
INSERT INTO `sys_menu` VALUES (9, 'login-log', 'LoginLog', 'system/login-log/index', '登录日志', 'el-icon-sunny', NULL, 2, 0, 1, 7, '2021-02-18 07:46:54', 0, '2024-01-03 22:48:05', 1, 0);
INSERT INTO `sys_menu` VALUES (10, 'operation-log', 'OperationLog', 'system/operation-log/index', '操作日志', 'el-icon-tickets', NULL, 3, 0, 1, 7, '2020-11-17 23:58:00', 0, '2024-01-04 22:08:04', 1, 0);
INSERT INTO `sys_menu` VALUES (11, '/setting', 'Setting', 'Layout', '系统设置', 'el-icon-setting', '/setting/password', 3, 0, 1, 0, '2020-12-28 20:53:06', 1, '2020-12-28 20:53:49', 1, 0);
INSERT INTO `sys_menu` VALUES (13, 'user-info', 'UserInfo', 'setting/user-info/index', '用户信息', 'el-icon-edit', NULL, 2, 0, 1, 11, '2021-01-04 19:51:21', 1, '2021-01-04 20:34:57', 1, 0);
INSERT INTO `sys_menu` VALUES (14, '/recover', 'Recover', 'Layout', '回收站', 'el-icon-delete-solid', '/recover/user', 4, 0, 1, 0, '2020-11-29 22:13:02', 1, '2020-12-28 20:50:58', 1, 0);
INSERT INTO `sys_menu` VALUES (15, 'user', 'User', 'recover/user/index', '用户数据', 'el-icon-user-solid', NULL, 1, 0, 1, 14, '2020-11-29 22:16:53', 1, '2020-11-29 22:17:57', 1, 0);
INSERT INTO `sys_menu` VALUES (16, 'role', 'Role', 'recover/role/index', '角色数据', 'el-icon-price-tag', NULL, 2, 0, 1, 14, '2020-11-30 22:32:29', 1, '2020-11-30 22:33:42', 1, 0);
INSERT INTO `sys_menu` VALUES (17, 'resources', 'Resources', 'recover/resources/index', '资源数据', 'el-icon-star-off', NULL, 3, 0, 1, 14, '2020-12-01 19:46:53', 1, '2020-12-01 19:47:54', 1, 0);
INSERT INTO `sys_menu` VALUES (18, 'menu', 'Menu', 'recover/menu/index', '菜单数据', 'el-icon-guide', NULL, 4, 0, 1, 14, '2020-12-01 20:39:18', 1, '2020-12-01 20:40:04', 1, 0);
INSERT INTO `sys_menu` VALUES (19, 'file-manage', 'FileManage', 'recover/file-manage/index', '文件数据', 'el-icon-folder', NULL, 5, 0, 1, 14, '2021-02-02 22:32:12', 1, '2021-02-18 08:59:23', 1, 0);
INSERT INTO `sys_menu` VALUES (20, 'log', 'Log', 'recover/operation-log/index', '日志数据', 'el-icon-tickets', NULL, 7, 0, 1, 14, '2020-12-01 22:36:03', 1, '2024-01-04 22:17:20', 1, 0);
INSERT INTO `sys_menu` VALUES (21, 'login-log', 'LoginLog', 'recover/login-log/index', '登录数据', 'el-icon-sunrise-1', NULL, 6, 0, 1, 14, '2021-02-18 09:01:25', 0, '2024-01-03 22:49:05', 1, 0);
INSERT INTO `sys_menu` VALUES (22, 'code-generation', 'CodeGeneration', 'recover/code-generation/index', '数据库表数据', 'el-icon-refresh-right', NULL, 8, 0, 1, 14, '2020-12-01 22:45:52', 1, '2021-02-18 08:59:31', 1, 0);
INSERT INTO `sys_menu` VALUES (23, '/development', 'Development', 'Layout', '系统开发', 'el-icon-monitor', '/development/code-generation', 5, 0, 1, 0, '2020-11-17 23:59:02', 0, '2021-03-28 14:35:50', 1, 0);
INSERT INTO `sys_menu` VALUES (24, 'code-generation', 'CodeGeneration', 'development/code-generation/index', '代码生成', 'el-icon-refresh-right', NULL, 1, 0, 1, 23, '2020-11-17 23:59:58', 0, '2021-04-29 20:47:13', 1, 0);
INSERT INTO `sys_menu` VALUES (25, 'code-setting', 'CodeSetting', 'development/code-setting/index', '代码设置', 'el-icon-tickets', NULL, 2, 1, 1, 23, '2021-03-28 15:40:24', 1, '2021-03-28 15:40:24', 1, 0);
INSERT INTO `sys_menu` VALUES (26, 'http://127.0.0.1:10000/api/swagger-ui/index.html', 'Swagger2', '', '项目文档', 'el-icon-notebook-2', NULL, 3, 0, 1, 23, '2020-11-18 00:03:34', 0, '2021-04-29 20:57:19', 1, 0);
INSERT INTO `sys_menu` VALUES (27, 'config', 'Config', 'setting/config/index', '系统配置', 'el-icon-setting', NULL, 3, 0, 1, 11, '2021-06-05 22:38:42', 1, '2024-01-04 21:43:11', 1, 0);
INSERT INTO `sys_menu` VALUES (28, 'user-config', 'UserConfig', 'setting/user-config/index', '用户配置', 'el-icon-picture-outline-round', NULL, 4, 0, 1, 11, '2021-06-06 21:50:42', 1, '2024-01-04 21:43:18', 1, 0);
INSERT INTO `sys_menu` VALUES (29, 'organ', 'Organ', 'data/organ/index', '组织机构', 'el-icon-s-home', NULL, 5, 0, 1, 1, '2023-09-03 16:23:14', 1, '2023-09-03 17:07:22', 1, 0);

-- ----------------------------
-- Table structure for sys_menu_role
-- ----------------------------
DROP TABLE IF EXISTS `sys_menu_role`;
CREATE TABLE `sys_menu_role`  (
  `id` int(11) NOT NULL AUTO_INCREMENT COMMENT '主键',
  `menu_id` int(11) NOT NULL COMMENT '菜单主键',
  `role_id` int(11) NULL DEFAULT NULL COMMENT '角色主键',
  `create_time` datetime(0) NOT NULL DEFAULT CURRENT_TIMESTAMP COMMENT '数据库数据插入时间',
  `create_user_id` int(11) NOT NULL DEFAULT 0 COMMENT '数据库数据插入用户主键',
  `update_time` datetime(0) NOT NULL DEFAULT CURRENT_TIMESTAMP ON UPDATE CURRENT_TIMESTAMP(0) COMMENT '数据库数据更新时间',
  `update_user_id` int(11) NOT NULL DEFAULT 0 COMMENT '数据库数据更新用户主键',
  `deleted` tinyint(1) NOT NULL DEFAULT 0 COMMENT '逻辑删除标识，0为正常，1为逻辑删除，默认为0',
  PRIMARY KEY (`id`) USING BTREE
) ENGINE = InnoDB AUTO_INCREMENT = 54 CHARACTER SET = utf8mb4 COLLATE = utf8mb4_general_ci COMMENT = '系统菜单角色关系表' ROW_FORMAT = Compact;

-- ----------------------------
-- Records of sys_menu_role
-- ----------------------------
INSERT INTO `sys_menu_role` VALUES (1, 1, 1, '2021-04-10 17:33:52', 0, '2021-04-10 17:33:52', 0, 0);
INSERT INTO `sys_menu_role` VALUES (2, 2, 1, '2021-04-10 17:33:52', 0, '2021-04-10 17:33:52', 0, 0);
INSERT INTO `sys_menu_role` VALUES (3, 3, 1, '2021-04-10 17:33:52', 0, '2021-04-10 17:33:52', 0, 0);
INSERT INTO `sys_menu_role` VALUES (4, 4, 1, '2021-04-10 17:33:52', 0, '2021-04-10 17:33:52', 0, 0);
INSERT INTO `sys_menu_role` VALUES (5, 5, 1, '2021-04-10 17:33:52', 0, '2021-04-10 17:33:52', 0, 0);
INSERT INTO `sys_menu_role` VALUES (6, 6, 1, '2021-04-10 17:33:52', 0, '2021-04-10 17:33:52', 0, 0);
INSERT INTO `sys_menu_role` VALUES (7, 7, 1, '2021-04-10 17:33:52', 0, '2021-04-10 17:33:52', 0, 0);
INSERT INTO `sys_menu_role` VALUES (8, 8, 1, '2021-04-10 17:33:52', 0, '2021-04-10 17:33:52', 0, 0);
INSERT INTO `sys_menu_role` VALUES (9, 9, 1, '2021-04-10 17:33:52', 0, '2021-04-10 17:33:52', 0, 0);
INSERT INTO `sys_menu_role` VALUES (10, 10, 1, '2021-04-10 17:33:52', 0, '2021-04-10 17:33:52', 0, 0);
INSERT INTO `sys_menu_role` VALUES (11, 11, 1, '2021-04-10 17:33:52', 0, '2021-04-10 17:33:52', 0, 0);
INSERT INTO `sys_menu_role` VALUES (13, 13, 1, '2021-04-10 17:33:52', 0, '2021-04-10 17:33:52', 0, 0);
INSERT INTO `sys_menu_role` VALUES (14, 14, 1, '2021-04-10 17:33:52', 0, '2021-04-10 17:33:52', 0, 0);
INSERT INTO `sys_menu_role` VALUES (15, 15, 1, '2021-04-10 17:33:52', 0, '2021-04-10 17:33:52', 0, 0);
INSERT INTO `sys_menu_role` VALUES (16, 16, 1, '2021-04-10 17:33:52', 0, '2021-04-10 17:33:52', 0, 0);
INSERT INTO `sys_menu_role` VALUES (17, 17, 1, '2021-04-10 17:33:52', 0, '2021-04-10 17:33:52', 0, 0);
INSERT INTO `sys_menu_role` VALUES (18, 18, 1, '2021-04-10 17:33:52', 0, '2021-04-10 17:33:52', 0, 0);
INSERT INTO `sys_menu_role` VALUES (19, 19, 1, '2021-04-10 17:33:52', 0, '2021-04-10 17:33:52', 0, 0);
INSERT INTO `sys_menu_role` VALUES (20, 20, 1, '2021-04-10 17:33:52', 0, '2021-04-10 17:33:52', 0, 0);
INSERT INTO `sys_menu_role` VALUES (21, 21, 1, '2021-04-10 17:33:52', 0, '2021-04-10 17:33:52', 0, 0);
INSERT INTO `sys_menu_role` VALUES (22, 22, 1, '2021-04-10 17:33:52', 0, '2021-04-10 17:33:52', 0, 0);
INSERT INTO `sys_menu_role` VALUES (23, 23, 1, '2021-04-10 17:33:52', 0, '2021-04-10 17:33:52', 0, 0);
INSERT INTO `sys_menu_role` VALUES (24, 24, 1, '2021-04-10 17:33:52', 0, '2021-04-10 17:33:52', 0, 0);
INSERT INTO `sys_menu_role` VALUES (25, 25, 1, '2021-04-10 17:33:52', 0, '2021-04-10 17:33:52', 0, 0);
INSERT INTO `sys_menu_role` VALUES (26, 26, 1, '2021-04-10 17:33:52', 0, '2021-04-10 17:33:52', 0, 0);
INSERT INTO `sys_menu_role` VALUES (27, 1, 3, '2021-04-10 17:36:40', 1, '2021-04-10 17:36:40', 1, 0);
INSERT INTO `sys_menu_role` VALUES (28, 2, 3, '2021-04-10 17:36:41', 1, '2021-04-10 17:36:41', 1, 0);
INSERT INTO `sys_menu_role` VALUES (29, 3, 3, '2021-04-10 17:36:43', 1, '2021-04-10 17:36:43', 1, 0);
INSERT INTO `sys_menu_role` VALUES (30, 4, 3, '2021-04-10 17:36:45', 1, '2021-04-10 17:36:45', 1, 0);
INSERT INTO `sys_menu_role` VALUES (31, 5, 3, '2021-04-10 17:36:47', 1, '2021-04-10 17:36:47', 1, 0);
INSERT INTO `sys_menu_role` VALUES (32, 6, 3, '2021-04-10 17:36:48', 1, '2021-04-10 17:36:48', 1, 0);
INSERT INTO `sys_menu_role` VALUES (33, 7, 3, '2021-04-10 17:36:53', 1, '2021-04-10 17:36:53', 1, 0);
INSERT INTO `sys_menu_role` VALUES (34, 8, 3, '2021-04-10 17:36:55', 1, '2021-04-10 17:36:55', 1, 0);
INSERT INTO `sys_menu_role` VALUES (35, 9, 3, '2021-04-10 17:36:57', 1, '2021-04-10 17:36:57', 1, 0);
INSERT INTO `sys_menu_role` VALUES (36, 10, 3, '2021-04-10 17:37:00', 1, '2021-04-10 17:37:00', 1, 0);
INSERT INTO `sys_menu_role` VALUES (37, 11, 3, '2021-04-10 17:37:05', 1, '2021-04-10 17:37:05', 1, 0);
INSERT INTO `sys_menu_role` VALUES (39, 13, 3, '2021-04-10 17:37:08', 1, '2021-04-10 17:37:08', 1, 0);
INSERT INTO `sys_menu_role` VALUES (40, 24, 3, '2021-04-10 17:37:12', 1, '2021-04-10 17:37:12', 1, 0);
INSERT INTO `sys_menu_role` VALUES (41, 25, 3, '2021-04-10 17:37:13', 1, '2021-04-10 17:37:13', 1, 0);
INSERT INTO `sys_menu_role` VALUES (42, 26, 3, '2021-04-10 17:37:15', 1, '2021-04-10 17:37:15', 1, 0);
INSERT INTO `sys_menu_role` VALUES (43, 14, 3, '2021-04-10 17:37:19', 1, '2021-04-10 17:37:19', 1, 0);
INSERT INTO `sys_menu_role` VALUES (44, 15, 3, '2021-04-10 17:37:20', 1, '2021-04-10 17:37:20', 1, 0);
INSERT INTO `sys_menu_role` VALUES (45, 16, 3, '2021-04-10 17:37:24', 1, '2021-04-10 17:37:24', 1, 0);
INSERT INTO `sys_menu_role` VALUES (46, 19, 3, '2021-04-10 17:37:31', 1, '2021-04-10 17:37:31', 1, 0);
INSERT INTO `sys_menu_role` VALUES (47, 21, 3, '2021-04-10 17:37:34', 1, '2021-04-10 17:37:34', 1, 0);
INSERT INTO `sys_menu_role` VALUES (48, 20, 3, '2021-04-10 17:37:37', 1, '2021-04-10 17:37:37', 1, 0);
INSERT INTO `sys_menu_role` VALUES (49, 23, 3, '2021-04-10 17:52:56', 1, '2021-04-10 17:52:56', 1, 0);
INSERT INTO `sys_menu_role` VALUES (50, 27, 1, '2021-06-05 22:41:12', 1, '2021-06-05 22:41:12', 1, 0);
INSERT INTO `sys_menu_role` VALUES (51, 28, 1, '2021-06-06 21:50:46', 1, '2021-06-06 21:50:46', 1, 0);
INSERT INTO `sys_menu_role` VALUES (52, 29, 1, '2023-09-03 16:27:17', 1, '2023-09-03 16:27:17', 1, 0);
INSERT INTO `sys_menu_role` VALUES (53, 29, 3, '2023-09-03 16:27:19', 1, '2023-09-03 16:27:19', 1, 0);

-- ----------------------------
-- Table structure for sys_operation_log
-- ----------------------------
DROP TABLE IF EXISTS `sys_operation_log`;
CREATE TABLE `sys_operation_log`  (
  `id` int(11) NOT NULL AUTO_INCREMENT COMMENT '日志主键',
  `operation_user_id` int(11) NOT NULL COMMENT '操作日志用户主键',
  `access_time` datetime(0) NOT NULL COMMENT '访问时间',
  `ip` varchar(20) CHARACTER SET utf8 COLLATE utf8_general_ci NOT NULL COMMENT '访问ip地址',
  `uri` varchar(50) CHARACTER SET utf8 COLLATE utf8_general_ci NOT NULL COMMENT '访问的uri',
  `method_type` varchar(100) CHARACTER SET utf8 COLLATE utf8_general_ci NOT NULL COMMENT '方法类型',
  `method` varchar(100) CHARACTER SET utf8 COLLATE utf8_general_ci NOT NULL COMMENT '访问方法',
  `request_args` varchar(500) CHARACTER SET utf8mb4 COLLATE utf8mb4_general_ci NULL DEFAULT NULL COMMENT '请求参数',
  `execution_time` bigint(20) NOT NULL DEFAULT 0 COMMENT '执行时间',
  `result` tinyint(1) NOT NULL COMMENT '执行结果标识，1(true)为正常，0(false)为执行异常',
  `description` varchar(255) CHARACTER SET utf8 COLLATE utf8_general_ci NULL DEFAULT NULL COMMENT '日志描述信息',
  `exception_name` varchar(255) CHARACTER SET utf8 COLLATE utf8_general_ci NULL DEFAULT NULL COMMENT '异常名称',
  `exception_message` varchar(2500) CHARACTER SET utf8 COLLATE utf8_general_ci NULL DEFAULT NULL COMMENT '异常信息',
  `create_time` datetime(0) NOT NULL DEFAULT CURRENT_TIMESTAMP COMMENT '数据库数据插入时间',
  `create_user_id` int(11) NOT NULL DEFAULT 0 COMMENT '数据库数据插入用户主键',
  `update_time` datetime(0) NOT NULL DEFAULT CURRENT_TIMESTAMP ON UPDATE CURRENT_TIMESTAMP(0) COMMENT '数据库数据更新时间',
  `update_user_id` int(11) NOT NULL DEFAULT 0 COMMENT '数据库数据更新用户主键',
  `deleted` tinyint(1) NOT NULL DEFAULT 0 COMMENT '逻辑删除标识，0为正常，1为逻辑删除，默认为0',
  PRIMARY KEY (`id`) USING BTREE
) ENGINE = InnoDB AUTO_INCREMENT = 79 CHARACTER SET = utf8mb4 COLLATE = utf8mb4_general_ci COMMENT = '系统操作日志表' ROW_FORMAT = Compact;

-- ----------------------------
-- Records of sys_operation_log
-- ----------------------------
INSERT INTO `sys_operation_log` VALUES (1, 1, '2024-01-04 22:03:21', '127.0.0.1', '/api/menu/routes', 'GET', 'class com.zero.sys.controller.MenuController.routes', NULL, 0, 1, '[动态路由]获取所有启用的系统菜单', NULL, NULL, '2024-01-04 22:03:21', 1, '2024-01-04 22:17:41', 1, 1);
INSERT INTO `sys_operation_log` VALUES (2, 1, '2024-01-04 22:03:22', '127.0.0.1', '/api/menu/routes', 'GET', 'class com.zero.sys.controller.MenuController.routes', NULL, 0, 1, '[动态路由]获取所有启用的系统菜单', NULL, NULL, '2024-01-04 22:03:21', 1, '2024-01-04 22:03:21', 1, 0);
INSERT INTO `sys_operation_log` VALUES (3, 1, '2024-01-04 22:03:23', '127.0.0.1', '/api/config/const/keys', 'POST', 'class com.zero.sys.controller.ConfigConstController.keys', '[[\"RECORD_NUMBER\",\"SHOW_SETTINGS\",\"THEME_COLOR\",\"TAGS_VIEW\",\"FIXED_HEADER\",\"SIDEBAR_LOGO\"]]', 0, 1, '批量查询常量键值配置数据', NULL, NULL, '2024-01-04 22:03:22', 1, '2024-01-04 22:03:22', 1, 0);
INSERT INTO `sys_operation_log` VALUES (4, 1, '2024-01-04 22:03:23', '127.0.0.1', '/api/organ/page/1', 'GET', 'class com.zero.sys.controller.OrganController.page', '[1,10,{\"id\":null,\"name\":null,\"sort\":null,\"parentId\":null,\"children\":null,\"users\":null}]', 0, 1, '分页查询系统组织机构表数据', NULL, NULL, '2024-01-04 22:03:23', 1, '2024-01-04 22:03:23', 1, 0);
INSERT INTO `sys_operation_log` VALUES (5, 1, '2024-01-04 22:07:14', '127.0.0.1', '/api/menu/routes', 'GET', 'class com.zero.sys.controller.MenuController.routes', NULL, 0, 1, '[动态路由]获取所有启用的系统菜单', NULL, NULL, '2024-01-04 22:07:14', 1, '2024-01-04 22:07:14', 1, 0);
INSERT INTO `sys_operation_log` VALUES (6, 1, '2024-01-04 22:07:15', '127.0.0.1', '/api/index/panel/group', 'GET', 'class com.zero.sys.controller.IndexController.panelGroup', NULL, 0, 1, '获取系统首页的展示数据', NULL, NULL, '2024-01-04 22:07:15', 1, '2024-01-04 22:07:15', 1, 0);
INSERT INTO `sys_operation_log` VALUES (7, 1, '2024-01-04 22:07:15', '127.0.0.1', '/api/index/login/map', 'GET', 'class com.zero.sys.controller.IndexController.loginMap', NULL, 0, 1, '获取系统首页的用户登录地图数据', NULL, NULL, '2024-01-04 22:07:15', 1, '2024-01-04 22:07:15', 1, 0);
INSERT INTO `sys_operation_log` VALUES (8, 1, '2024-01-04 22:07:15', '127.0.0.1', '/api/config/const/keys', 'POST', 'class com.zero.sys.controller.ConfigConstController.keys', '[[\"RECORD_NUMBER\",\"SHOW_SETTINGS\",\"THEME_COLOR\",\"TAGS_VIEW\",\"FIXED_HEADER\",\"SIDEBAR_LOGO\"]]', 0, 1, '批量查询常量键值配置数据', NULL, NULL, '2024-01-04 22:07:15', 1, '2024-01-04 22:07:15', 1, 0);
INSERT INTO `sys_operation_log` VALUES (9, 1, '2024-01-04 22:07:35', '127.0.0.1', '/api/login/log/page/1', 'GET', 'class com.zero.auth.controller.LoginLogController.page', '[1,10,{\"id\":null,\"userId\":null,\"ip\":null,\"country\":null,\"region\":null,\"city\":null,\"isp\":null,\"loginTime\":null,\"tokenId\":null,\"logoutTime\":null,\"logout\":null,\"user\":null,\"queryUsername\":null,\"queryStartDate\":null,\"queryEndDate\":null,\"queryOnline\":null,\"queryAddress\":null}]', 0, 1, '分页查询系统账号登录日志表数据', NULL, NULL, '2024-01-04 22:07:35', 1, '2024-01-04 22:07:35', 1, 0);
INSERT INTO `sys_operation_log` VALUES (10, 1, '2024-01-04 22:07:40', '127.0.0.1', '/api/organ/page/1', 'GET', 'class com.zero.sys.controller.OrganController.page', '[1,10,{\"id\":null,\"name\":null,\"sort\":null,\"parentId\":null,\"children\":null,\"users\":null}]', 0, 1, '分页查询系统组织机构表数据', NULL, NULL, '2024-01-04 22:07:40', 1, '2024-01-04 22:07:40', 1, 0);
INSERT INTO `sys_operation_log` VALUES (11, 1, '2024-01-04 22:07:42', '127.0.0.1', '/api/menu/page/1', 'GET', 'class com.zero.sys.controller.MenuController.page', '[1,10,{\"id\":null,\"path\":null,\"name\":null,\"component\":null,\"metaTitle\":null,\"metaIcon\":null,\"redirect\":null,\"sort\":null,\"hidden\":null,\"enabled\":null,\"parentId\":null,\"children\":null,\"roles\":null,\"queryRoleId\":null}]', 0, 1, '分页查询系统菜单表数据', NULL, NULL, '2024-01-04 22:07:41', 1, '2024-01-04 22:07:41', 1, 0);
INSERT INTO `sys_operation_log` VALUES (12, 1, '2024-01-04 22:08:04', '127.0.0.1', '/api/menu', 'PUT', 'class com.zero.sys.controller.MenuController.updateById', '[{\"id\":10,\"path\":\"operation-log\",\"name\":\"OperationLog\",\"component\":\"system/operation-log/index\",\"metaTitle\":\"操作日志\",\"metaIcon\":\"el-icon-tickets\",\"redirect\":null,\"sort\":3,\"hidden\":false,\"enabled\":true,\"parentId\":7,\"children\":null,\"roles\":null,\"queryRoleId\":null}]', 0, 1, '[通用方法]更新一条对应实体类的数据库记录', NULL, NULL, '2024-01-04 22:08:04', 1, '2024-01-04 22:08:04', 1, 0);
INSERT INTO `sys_operation_log` VALUES (13, 1, '2024-01-04 22:08:04', '127.0.0.1', '/api/menu/page/1', 'GET', 'class com.zero.sys.controller.MenuController.page', '[1,10,{\"id\":null,\"path\":null,\"name\":null,\"component\":null,\"metaTitle\":null,\"metaIcon\":null,\"redirect\":null,\"sort\":null,\"hidden\":null,\"enabled\":null,\"parentId\":null,\"children\":null,\"roles\":null,\"queryRoleId\":null}]', 0, 1, '分页查询系统菜单表数据', NULL, NULL, '2024-01-04 22:08:04', 1, '2024-01-04 22:08:04', 1, 0);
INSERT INTO `sys_operation_log` VALUES (14, 1, '2024-01-04 22:08:08', '127.0.0.1', '/api/menu/routes', 'GET', 'class com.zero.sys.controller.MenuController.routes', NULL, 0, 1, '[动态路由]获取所有启用的系统菜单', NULL, NULL, '2024-01-04 22:08:07', 1, '2024-01-04 22:08:07', 1, 0);
INSERT INTO `sys_operation_log` VALUES (15, 1, '2024-01-04 22:08:08', '127.0.0.1', '/api/menu/routes', 'GET', 'class com.zero.sys.controller.MenuController.routes', NULL, 0, 1, '[动态路由]获取所有启用的系统菜单', NULL, NULL, '2024-01-04 22:08:07', 1, '2024-01-04 22:08:07', 1, 0);
INSERT INTO `sys_operation_log` VALUES (16, 1, '2024-01-04 22:08:08', '127.0.0.1', '/api/config/const/keys', 'POST', 'class com.zero.sys.controller.ConfigConstController.keys', '[[\"RECORD_NUMBER\",\"SHOW_SETTINGS\",\"THEME_COLOR\",\"TAGS_VIEW\",\"FIXED_HEADER\",\"SIDEBAR_LOGO\"]]', 0, 1, '批量查询常量键值配置数据', NULL, NULL, '2024-01-04 22:08:08', 1, '2024-01-04 22:08:08', 1, 0);
INSERT INTO `sys_operation_log` VALUES (17, 1, '2024-01-04 22:08:08', '127.0.0.1', '/api/menu/page/1', 'GET', 'class com.zero.sys.controller.MenuController.page', '[1,10,{\"id\":null,\"path\":null,\"name\":null,\"component\":null,\"metaTitle\":null,\"metaIcon\":null,\"redirect\":null,\"sort\":null,\"hidden\":null,\"enabled\":null,\"parentId\":null,\"children\":null,\"roles\":null,\"queryRoleId\":null}]', 0, 1, '分页查询系统菜单表数据', NULL, NULL, '2024-01-04 22:08:08', 1, '2024-01-04 22:08:08', 1, 0);
INSERT INTO `sys_operation_log` VALUES (18, 1, '2024-01-04 22:08:10', '127.0.0.1', '/api/file/manage/page/1', 'GET', 'class com.zero.upload.controller.FileManageController.page', '[1,10,{\"id\":null,\"name\":null,\"type\":null,\"uri\":null,\"uploadTime\":null,\"uploadUserId\":null,\"parentId\":null,\"bakFiles\":null,\"user\":null,\"queryUsername\":null,\"queryStartDate\":null,\"queryEndDate\":null}]', 0, 1, '分页查询文件资源管理表数据', NULL, NULL, '2024-01-04 22:08:10', 1, '2024-01-04 22:08:10', 1, 0);
INSERT INTO `sys_operation_log` VALUES (19, 1, '2024-01-04 22:08:11', '127.0.0.1', '/api/operation/log/page/1', 'GET', 'class com.zero.sys.controller.OperationLogController.page', '[1,10,{\"id\":null,\"operationUserId\":null,\"accessTime\":null,\"ip\":null,\"uri\":null,\"methodType\":null,\"method\":null,\"requestArgs\":null,\"executionTime\":null,\"result\":null,\"description\":null,\"exceptionName\":null,\"exceptionMessage\":null,\"user\":null,\"queryUsername\":null,\"queryStartDate\":null,\"queryEndDate\":null}]', 0, 0, '分页查询系统操作日志表数据', 'org.apache.ibatis.binding.BindingException', 'Invalid bound statement (not found): com.zero.sys.mapper.OperationLogMapper.getPage', '2024-01-04 22:08:11', 1, '2024-01-04 22:08:11', 1, 0);
INSERT INTO `sys_operation_log` VALUES (20, 1, '2024-01-04 22:08:28', '127.0.0.1', '/api/login/log/page/1', 'GET', 'class com.zero.auth.controller.LoginLogController.page', '[1,10,{\"id\":null,\"userId\":null,\"ip\":null,\"country\":null,\"region\":null,\"city\":null,\"isp\":null,\"loginTime\":null,\"tokenId\":null,\"logoutTime\":null,\"logout\":null,\"user\":null,\"queryUsername\":null,\"queryStartDate\":null,\"queryEndDate\":null,\"queryOnline\":null,\"queryAddress\":null}]', 0, 1, '分页查询系统账号登录日志表数据', NULL, NULL, '2024-01-04 22:08:28', 1, '2024-01-04 22:08:28', 1, 0);
INSERT INTO `sys_operation_log` VALUES (21, 1, '2024-01-04 22:08:54', '127.0.0.1', '/api/menu/routes', 'GET', 'class com.zero.sys.controller.MenuController.routes', NULL, 0, 1, '[动态路由]获取所有启用的系统菜单', NULL, NULL, '2024-01-04 22:08:54', 1, '2024-01-04 22:08:54', 1, 0);
INSERT INTO `sys_operation_log` VALUES (22, 1, '2024-01-04 22:08:55', '127.0.0.1', '/api/menu/routes', 'GET', 'class com.zero.sys.controller.MenuController.routes', NULL, 0, 1, '[动态路由]获取所有启用的系统菜单', NULL, NULL, '2024-01-04 22:08:54', 1, '2024-01-04 22:08:54', 1, 0);
INSERT INTO `sys_operation_log` VALUES (23, 1, '2024-01-04 22:08:56', '127.0.0.1', '/api/operation/log/page/1', 'GET', 'class com.zero.sys.controller.OperationLogController.page', '[1,10,{\"id\":null,\"operationUserId\":null,\"accessTime\":null,\"ip\":null,\"uri\":null,\"methodType\":null,\"method\":null,\"requestArgs\":null,\"executionTime\":null,\"result\":null,\"description\":null,\"exceptionName\":null,\"exceptionMessage\":null,\"user\":null,\"queryUsername\":null,\"queryStartDate\":null,\"queryEndDate\":null}]', 0, 0, '分页查询系统操作日志表数据', 'org.apache.ibatis.binding.BindingException', 'Invalid bound statement (not found): com.zero.sys.mapper.OperationLogMapper.getPage', '2024-01-04 22:08:55', 1, '2024-01-04 22:08:55', 1, 0);
INSERT INTO `sys_operation_log` VALUES (24, 1, '2024-01-04 22:08:56', '127.0.0.1', '/api/config/const/keys', 'POST', 'class com.zero.sys.controller.ConfigConstController.keys', '[[\"RECORD_NUMBER\",\"SHOW_SETTINGS\",\"THEME_COLOR\",\"TAGS_VIEW\",\"FIXED_HEADER\",\"SIDEBAR_LOGO\"]]', 0, 1, '批量查询常量键值配置数据', NULL, NULL, '2024-01-04 22:08:55', 1, '2024-01-04 22:08:55', 1, 0);
INSERT INTO `sys_operation_log` VALUES (25, 1, '2024-01-04 22:09:03', '127.0.0.1', '/api/login/log/page/1', 'GET', 'class com.zero.auth.controller.LoginLogController.page', '[1,10,{\"id\":null,\"userId\":null,\"ip\":null,\"country\":null,\"region\":null,\"city\":null,\"isp\":null,\"loginTime\":null,\"tokenId\":null,\"logoutTime\":null,\"logout\":null,\"user\":null,\"queryUsername\":null,\"queryStartDate\":null,\"queryEndDate\":null,\"queryOnline\":null,\"queryAddress\":null}]', 0, 1, '分页查询系统账号登录日志表数据', NULL, NULL, '2024-01-04 22:09:02', 1, '2024-01-04 22:09:02', 1, 0);
INSERT INTO `sys_operation_log` VALUES (26, 1, '2024-01-04 22:09:13', '127.0.0.1', '/api/menu/routes', 'GET', 'class com.zero.sys.controller.MenuController.routes', NULL, 0, 1, '[动态路由]获取所有启用的系统菜单', NULL, NULL, '2024-01-04 22:09:13', 1, '2024-01-04 22:09:13', 1, 0);
INSERT INTO `sys_operation_log` VALUES (27, 1, '2024-01-04 22:09:13', '127.0.0.1', '/api/menu/routes', 'GET', 'class com.zero.sys.controller.MenuController.routes', NULL, 0, 1, '[动态路由]获取所有启用的系统菜单', NULL, NULL, '2024-01-04 22:09:13', 1, '2024-01-04 22:09:13', 1, 0);
INSERT INTO `sys_operation_log` VALUES (28, 1, '2024-01-04 22:09:15', '127.0.0.1', '/api/config/const/keys', 'POST', 'class com.zero.sys.controller.ConfigConstController.keys', '[[\"RECORD_NUMBER\",\"SHOW_SETTINGS\",\"THEME_COLOR\",\"TAGS_VIEW\",\"FIXED_HEADER\",\"SIDEBAR_LOGO\"]]', 0, 1, '批量查询常量键值配置数据', NULL, NULL, '2024-01-04 22:09:14', 1, '2024-01-04 22:09:14', 1, 0);
INSERT INTO `sys_operation_log` VALUES (29, 1, '2024-01-04 22:09:18', '127.0.0.1', '/api/operation/log/page/1', 'GET', 'class com.zero.sys.controller.OperationLogController.page', '[1,10,{\"id\":null,\"operationUserId\":null,\"accessTime\":null,\"ip\":null,\"uri\":null,\"methodType\":null,\"method\":null,\"requestArgs\":null,\"executionTime\":null,\"result\":null,\"description\":null,\"exceptionName\":null,\"exceptionMessage\":null,\"user\":null,\"queryUsername\":null,\"queryStartDate\":null,\"queryEndDate\":null}]', 0, 0, '分页查询系统操作日志表数据', 'org.apache.ibatis.binding.BindingException', 'Invalid bound statement (not found): com.zero.sys.mapper.OperationLogMapper.getPage', '2024-01-04 22:09:17', 1, '2024-01-04 22:09:17', 1, 0);
INSERT INTO `sys_operation_log` VALUES (30, 1, '2024-01-04 22:09:58', '127.0.0.1', '/api/operation/log/page/1', 'GET', 'class com.zero.sys.controller.OperationLogController.page', '[1,10,{\"id\":null,\"operationUserId\":null,\"accessTime\":null,\"ip\":null,\"uri\":null,\"methodType\":null,\"method\":null,\"requestArgs\":null,\"executionTime\":null,\"result\":null,\"description\":null,\"exceptionName\":null,\"exceptionMessage\":null,\"user\":null,\"queryUsername\":null,\"queryStartDate\":null,\"queryEndDate\":null}]', 0, 0, '分页查询系统操作日志表数据', 'org.apache.ibatis.binding.BindingException', 'Invalid bound statement (not found): com.zero.sys.mapper.OperationLogMapper.getPage', '2024-01-04 22:10:08', 1, '2024-01-04 22:10:08', 1, 0);
INSERT INTO `sys_operation_log` VALUES (31, 1, '2024-01-04 22:13:08', '127.0.0.1', '/api/menu/routes', 'GET', 'class com.zero.sys.controller.MenuController.routes', NULL, 0, 1, '[动态路由]获取所有启用的系统菜单', NULL, NULL, '2024-01-04 22:13:07', 1, '2024-01-04 22:13:07', 1, 0);
INSERT INTO `sys_operation_log` VALUES (32, 1, '2024-01-04 22:13:08', '127.0.0.1', '/api/menu/routes', 'GET', 'class com.zero.sys.controller.MenuController.routes', NULL, 0, 1, '[动态路由]获取所有启用的系统菜单', NULL, NULL, '2024-01-04 22:13:08', 1, '2024-01-04 22:13:08', 1, 0);
INSERT INTO `sys_operation_log` VALUES (33, 1, '2024-01-04 22:13:09', '127.0.0.1', '/api/config/const/keys', 'POST', 'class com.zero.sys.controller.ConfigConstController.keys', '[[\"RECORD_NUMBER\",\"SHOW_SETTINGS\",\"THEME_COLOR\",\"TAGS_VIEW\",\"FIXED_HEADER\",\"SIDEBAR_LOGO\"]]', 0, 1, '批量查询常量键值配置数据', NULL, NULL, '2024-01-04 22:13:08', 1, '2024-01-04 22:13:08', 1, 0);
INSERT INTO `sys_operation_log` VALUES (34, 1, '2024-01-04 22:13:09', '127.0.0.1', '/api/login/log/page/1', 'GET', 'class com.zero.auth.controller.LoginLogController.page', '[1,10,{\"id\":null,\"userId\":null,\"ip\":null,\"country\":null,\"region\":null,\"city\":null,\"isp\":null,\"loginTime\":null,\"tokenId\":null,\"logoutTime\":null,\"logout\":null,\"user\":null,\"queryUsername\":null,\"queryStartDate\":null,\"queryEndDate\":null,\"queryOnline\":null,\"queryAddress\":null}]', 0, 1, '分页查询系统账号登录日志表数据', NULL, NULL, '2024-01-04 22:13:09', 1, '2024-01-04 22:13:09', 1, 0);
INSERT INTO `sys_operation_log` VALUES (35, 1, '2024-01-04 22:13:13', '127.0.0.1', '/api/operation/log/page/1', 'GET', 'class com.zero.sys.controller.OperationLogController.page', '[1,10,{\"id\":null,\"operationUserId\":null,\"accessTime\":null,\"ip\":null,\"uri\":null,\"methodType\":null,\"method\":null,\"requestArgs\":null,\"executionTime\":null,\"result\":null,\"description\":null,\"exceptionName\":null,\"exceptionMessage\":null,\"user\":null,\"queryUsername\":null,\"queryStartDate\":null,\"queryEndDate\":null}]', 0, 1, '分页查询系统操作日志表数据', NULL, NULL, '2024-01-04 22:13:12', 1, '2024-01-04 22:13:12', 1, 0);
INSERT INTO `sys_operation_log` VALUES (36, 1, '2024-01-04 22:13:57', '127.0.0.1', '/api/organ/page/1', 'GET', 'class com.zero.sys.controller.OrganController.page', '[1,10,{\"id\":null,\"name\":null,\"sort\":null,\"parentId\":null,\"children\":null,\"users\":null}]', 0, 1, '分页查询系统组织机构表数据', NULL, NULL, '2024-01-04 22:13:56', 1, '2024-01-04 22:13:56', 1, 0);
INSERT INTO `sys_operation_log` VALUES (37, 1, '2024-01-04 22:13:59', '127.0.0.1', '/api/menu/page/1', 'GET', 'class com.zero.sys.controller.MenuController.page', '[1,10,{\"id\":null,\"path\":null,\"name\":null,\"component\":null,\"metaTitle\":null,\"metaIcon\":null,\"redirect\":null,\"sort\":null,\"hidden\":null,\"enabled\":null,\"parentId\":null,\"children\":null,\"roles\":null,\"queryRoleId\":null}]', 0, 1, '分页查询系统菜单表数据', NULL, NULL, '2024-01-04 22:13:59', 1, '2024-01-04 22:13:59', 1, 0);
INSERT INTO `sys_operation_log` VALUES (38, 1, '2024-01-04 22:14:20', '127.0.0.1', '/api/table/info/page/1', 'GET', 'class com.zero.code.generation.controller.TableInfoController.page', '[1,10,{\"id\":null,\"name\":null,\"comment\":null,\"entityName\":null,\"requestMapping\":null,\"javaPackageName\":null,\"javaCodePath\":null,\"vueCodePath\":null,\"vuePackage\":null,\"codeAuthor\":null,\"tableColumnList\":null}]', 0, 1, '分页查询系统数据库表信息数据', NULL, NULL, '2024-01-04 22:14:20', 1, '2024-01-04 22:14:20', 1, 0);
INSERT INTO `sys_operation_log` VALUES (39, 1, '2024-01-04 22:14:23', '127.0.0.1', '/api/user/recover/page/1', 'GET', 'class com.zero.auth.controller.UserController.recoverPage', '[1,10,{\"id\":null,\"username\":null,\"password\":null,\"enabled\":null,\"locked\":null,\"accountExpire\":null,\"passwordExpire\":null,\"type\":null,\"roles\":null,\"userInfo\":null,\"onlineLoginLogs\":null,\"queryRoleId\":null}]', 0, 1, '分页查询逻辑删除的用户数据', NULL, NULL, '2024-01-04 22:14:22', 1, '2024-01-04 22:14:22', 1, 0);
INSERT INTO `sys_operation_log` VALUES (40, 1, '2024-01-04 22:14:31', '127.0.0.1', '/api/file/manage/recover/page/1', 'GET', 'class com.zero.upload.controller.FileManageController.recoverPage', '[1,10,{\"id\":null,\"name\":null,\"type\":null,\"uri\":null,\"uploadTime\":null,\"uploadUserId\":null,\"parentId\":null,\"bakFiles\":null,\"user\":null,\"queryUsername\":null,\"queryStartDate\":null,\"queryEndDate\":null}]', 0, 1, '分页查询逻辑删除的文件资源管理表数据', NULL, NULL, '2024-01-04 22:14:31', 1, '2024-01-04 22:14:31', 1, 0);
INSERT INTO `sys_operation_log` VALUES (41, 1, '2024-01-04 22:15:00', '127.0.0.1', '/api/menu/routes', 'GET', 'class com.zero.sys.controller.MenuController.routes', NULL, 0, 1, '[动态路由]获取所有启用的系统菜单', NULL, NULL, '2024-01-04 22:15:00', 1, '2024-01-04 22:15:00', 1, 0);
INSERT INTO `sys_operation_log` VALUES (42, 1, '2024-01-04 22:15:00', '127.0.0.1', '/api/menu/routes', 'GET', 'class com.zero.sys.controller.MenuController.routes', NULL, 0, 1, '[动态路由]获取所有启用的系统菜单', NULL, NULL, '2024-01-04 22:15:00', 1, '2024-01-04 22:15:00', 1, 0);
INSERT INTO `sys_operation_log` VALUES (43, 1, '2024-01-04 22:15:01', '127.0.0.1', '/api/file/manage/recover/page/1', 'GET', 'class com.zero.upload.controller.FileManageController.recoverPage', '[1,10,{\"id\":null,\"name\":null,\"type\":null,\"uri\":null,\"uploadTime\":null,\"uploadUserId\":null,\"parentId\":null,\"bakFiles\":null,\"user\":null,\"queryUsername\":null,\"queryStartDate\":null,\"queryEndDate\":null}]', 0, 1, '分页查询逻辑删除的文件资源管理表数据', NULL, NULL, '2024-01-04 22:15:01', 1, '2024-01-04 22:15:01', 1, 0);
INSERT INTO `sys_operation_log` VALUES (44, 1, '2024-01-04 22:15:01', '127.0.0.1', '/api/config/const/keys', 'POST', 'class com.zero.sys.controller.ConfigConstController.keys', '[[\"RECORD_NUMBER\",\"SHOW_SETTINGS\",\"THEME_COLOR\",\"TAGS_VIEW\",\"FIXED_HEADER\",\"SIDEBAR_LOGO\"]]', 0, 1, '批量查询常量键值配置数据', NULL, NULL, '2024-01-04 22:15:01', 1, '2024-01-04 22:15:01', 1, 0);
INSERT INTO `sys_operation_log` VALUES (45, 1, '2024-01-04 22:16:15', '127.0.0.1', '/api/menu/routes', 'GET', 'class com.zero.sys.controller.MenuController.routes', NULL, 0, 1, '[动态路由]获取所有启用的系统菜单', NULL, NULL, '2024-01-04 22:16:15', 1, '2024-01-04 22:16:15', 1, 0);
INSERT INTO `sys_operation_log` VALUES (46, 1, '2024-01-04 22:16:16', '127.0.0.1', '/api/index/panel/group', 'GET', 'class com.zero.sys.controller.IndexController.panelGroup', NULL, 0, 1, '获取系统首页的展示数据', NULL, NULL, '2024-01-04 22:16:16', 1, '2024-01-04 22:16:16', 1, 0);
INSERT INTO `sys_operation_log` VALUES (47, 1, '2024-01-04 22:16:16', '127.0.0.1', '/api/index/login/map', 'GET', 'class com.zero.sys.controller.IndexController.loginMap', NULL, 0, 1, '获取系统首页的用户登录地图数据', NULL, NULL, '2024-01-04 22:16:16', 1, '2024-01-04 22:16:16', 1, 0);
INSERT INTO `sys_operation_log` VALUES (48, 1, '2024-01-04 22:16:16', '127.0.0.1', '/api/config/const/keys', 'POST', 'class com.zero.sys.controller.ConfigConstController.keys', '[[\"RECORD_NUMBER\",\"SHOW_SETTINGS\",\"THEME_COLOR\",\"TAGS_VIEW\",\"FIXED_HEADER\",\"SIDEBAR_LOGO\"]]', 0, 1, '批量查询常量键值配置数据', NULL, NULL, '2024-01-04 22:16:16', 1, '2024-01-04 22:16:16', 1, 0);
INSERT INTO `sys_operation_log` VALUES (49, 1, '2024-01-04 22:16:29', '127.0.0.1', '/api/user/recover/page/1', 'GET', 'class com.zero.auth.controller.UserController.recoverPage', '[1,10,{\"id\":null,\"username\":null,\"password\":null,\"enabled\":null,\"locked\":null,\"accountExpire\":null,\"passwordExpire\":null,\"type\":null,\"roles\":null,\"userInfo\":null,\"onlineLoginLogs\":null,\"queryRoleId\":null}]', 0, 1, '分页查询逻辑删除的用户数据', NULL, NULL, '2024-01-04 22:16:28', 1, '2024-01-04 22:16:28', 1, 0);
INSERT INTO `sys_operation_log` VALUES (50, 1, '2024-01-04 22:16:30', '127.0.0.1', '/api/role/recover/page/1', 'GET', 'class com.zero.auth.controller.RoleController.recoverPage', '[1,10,{\"id\":null,\"name\":null,\"description\":null,\"acquiescence\":null}]', 0, 1, '分页查询逻辑删除的系统角色表数据', NULL, NULL, '2024-01-04 22:16:29', 1, '2024-01-04 22:16:29', 1, 0);
INSERT INTO `sys_operation_log` VALUES (51, 1, '2024-01-04 22:16:31', '127.0.0.1', '/api/resources/recover/page/1', 'GET', 'class com.zero.auth.controller.ResourcesController.recoverPage', '[1,10,{\"id\":null,\"uri\":null,\"regex\":null,\"description\":null,\"methodType\":null,\"roles\":null,\"queryRoleId\":null}]', 0, 1, '分页查询逻辑删除的系统资源表数据', NULL, NULL, '2024-01-04 22:16:31', 1, '2024-01-04 22:16:31', 1, 0);
INSERT INTO `sys_operation_log` VALUES (52, 1, '2024-01-04 22:16:32', '127.0.0.1', '/api/menu/recover/page/1', 'GET', 'class com.zero.sys.controller.MenuController.recoverPage', '[1,10,{\"id\":null,\"path\":null,\"name\":null,\"component\":null,\"metaTitle\":null,\"metaIcon\":null,\"redirect\":null,\"sort\":null,\"hidden\":null,\"enabled\":null,\"parentId\":null,\"children\":null,\"roles\":null,\"queryRoleId\":null}]', 0, 1, '分页查询逻辑删除的系统菜单表数据', NULL, NULL, '2024-01-04 22:16:32', 1, '2024-01-04 22:16:32', 1, 0);
INSERT INTO `sys_operation_log` VALUES (53, 1, '2024-01-04 22:16:34', '127.0.0.1', '/api/file/manage/recover/page/1', 'GET', 'class com.zero.upload.controller.FileManageController.recoverPage', '[1,10,{\"id\":null,\"name\":null,\"type\":null,\"uri\":null,\"uploadTime\":null,\"uploadUserId\":null,\"parentId\":null,\"bakFiles\":null,\"user\":null,\"queryUsername\":null,\"queryStartDate\":null,\"queryEndDate\":null}]', 0, 1, '分页查询逻辑删除的文件资源管理表数据', NULL, NULL, '2024-01-04 22:16:33', 1, '2024-01-04 22:16:33', 1, 0);
INSERT INTO `sys_operation_log` VALUES (54, 1, '2024-01-04 22:16:35', '127.0.0.1', '/api/login/log/recover/page/1', 'GET', 'class com.zero.auth.controller.LoginLogController.recoverPage', '[1,10,{\"id\":null,\"userId\":null,\"ip\":null,\"country\":null,\"region\":null,\"city\":null,\"isp\":null,\"loginTime\":null,\"tokenId\":null,\"logoutTime\":null,\"logout\":null,\"user\":null,\"queryUsername\":null,\"queryStartDate\":null,\"queryEndDate\":null,\"queryOnline\":null,\"queryAddress\":null}]', 0, 1, '分页查询逻辑删除的系统账号登录日志表数据', NULL, NULL, '2024-01-04 22:16:34', 1, '2024-01-04 22:16:34', 1, 0);
INSERT INTO `sys_operation_log` VALUES (55, 1, '2024-01-04 22:16:38', '127.0.0.1', '/api/table/info/recover/page/1', 'GET', 'class com.zero.code.generation.controller.TableInfoController.recoverPage', '[1,10,{\"id\":null,\"name\":null,\"comment\":null,\"entityName\":null,\"requestMapping\":null,\"javaPackageName\":null,\"javaCodePath\":null,\"vueCodePath\":null,\"vuePackage\":null,\"codeAuthor\":null,\"tableColumnList\":null}]', 0, 1, '分页查询逻辑删除的系统数据库表信息表数据', NULL, NULL, '2024-01-04 22:16:37', 1, '2024-01-04 22:16:37', 1, 0);
INSERT INTO `sys_operation_log` VALUES (56, 1, '2024-01-04 22:16:57', '127.0.0.1', '/api/login/log/recover/page/1', 'GET', 'class com.zero.auth.controller.LoginLogController.recoverPage', '[1,10,{\"id\":null,\"userId\":null,\"ip\":null,\"country\":null,\"region\":null,\"city\":null,\"isp\":null,\"loginTime\":null,\"tokenId\":null,\"logoutTime\":null,\"logout\":null,\"user\":null,\"queryUsername\":null,\"queryStartDate\":null,\"queryEndDate\":null,\"queryOnline\":null,\"queryAddress\":null}]', 0, 1, '分页查询逻辑删除的系统账号登录日志表数据', NULL, NULL, '2024-01-04 22:16:56', 1, '2024-01-04 22:16:56', 1, 0);
INSERT INTO `sys_operation_log` VALUES (57, 1, '2024-01-04 22:17:04', '127.0.0.1', '/api/menu/page/1', 'GET', 'class com.zero.sys.controller.MenuController.page', '[1,10,{\"id\":null,\"path\":null,\"name\":null,\"component\":null,\"metaTitle\":null,\"metaIcon\":null,\"redirect\":null,\"sort\":null,\"hidden\":null,\"enabled\":null,\"parentId\":null,\"children\":null,\"roles\":null,\"queryRoleId\":null}]', 0, 1, '分页查询系统菜单表数据', NULL, NULL, '2024-01-04 22:17:03', 1, '2024-01-04 22:17:03', 1, 0);
INSERT INTO `sys_operation_log` VALUES (58, 1, '2024-01-04 22:17:21', '127.0.0.1', '/api/menu', 'PUT', 'class com.zero.sys.controller.MenuController.updateById', '[{\"id\":20,\"path\":\"log\",\"name\":\"Log\",\"component\":\"recover/operation-log/index\",\"metaTitle\":\"日志数据\",\"metaIcon\":\"el-icon-tickets\",\"redirect\":null,\"sort\":7,\"hidden\":false,\"enabled\":true,\"parentId\":14,\"children\":null,\"roles\":null,\"queryRoleId\":null}]', 0, 1, '[通用方法]更新一条对应实体类的数据库记录', NULL, NULL, '2024-01-04 22:17:20', 1, '2024-01-04 22:17:20', 1, 0);
INSERT INTO `sys_operation_log` VALUES (59, 1, '2024-01-04 22:17:21', '127.0.0.1', '/api/menu/page/1', 'GET', 'class com.zero.sys.controller.MenuController.page', '[1,10,{\"id\":null,\"path\":null,\"name\":null,\"component\":null,\"metaTitle\":null,\"metaIcon\":null,\"redirect\":null,\"sort\":null,\"hidden\":null,\"enabled\":null,\"parentId\":null,\"children\":null,\"roles\":null,\"queryRoleId\":null}]', 0, 1, '分页查询系统菜单表数据', NULL, NULL, '2024-01-04 22:17:20', 1, '2024-01-04 22:17:20', 1, 0);
INSERT INTO `sys_operation_log` VALUES (60, 1, '2024-01-04 22:17:23', '127.0.0.1', '/api/menu/routes', 'GET', 'class com.zero.sys.controller.MenuController.routes', NULL, 0, 1, '[动态路由]获取所有启用的系统菜单', NULL, NULL, '2024-01-04 22:17:23', 1, '2024-01-04 22:17:23', 1, 0);
INSERT INTO `sys_operation_log` VALUES (61, 1, '2024-01-04 22:17:23', '127.0.0.1', '/api/menu/routes', 'GET', 'class com.zero.sys.controller.MenuController.routes', NULL, 0, 1, '[动态路由]获取所有启用的系统菜单', NULL, NULL, '2024-01-04 22:17:23', 1, '2024-01-04 22:17:23', 1, 0);
INSERT INTO `sys_operation_log` VALUES (62, 1, '2024-01-04 22:17:24', '127.0.0.1', '/api/config/const/keys', 'POST', 'class com.zero.sys.controller.ConfigConstController.keys', '[[\"RECORD_NUMBER\",\"SHOW_SETTINGS\",\"THEME_COLOR\",\"TAGS_VIEW\",\"FIXED_HEADER\",\"SIDEBAR_LOGO\"]]', 0, 1, '批量查询常量键值配置数据', NULL, NULL, '2024-01-04 22:17:23', 1, '2024-01-04 22:17:23', 1, 0);
INSERT INTO `sys_operation_log` VALUES (63, 1, '2024-01-04 22:17:24', '127.0.0.1', '/api/menu/page/1', 'GET', 'class com.zero.sys.controller.MenuController.page', '[1,10,{\"id\":null,\"path\":null,\"name\":null,\"component\":null,\"metaTitle\":null,\"metaIcon\":null,\"redirect\":null,\"sort\":null,\"hidden\":null,\"enabled\":null,\"parentId\":null,\"children\":null,\"roles\":null,\"queryRoleId\":null}]', 0, 1, '分页查询系统菜单表数据', NULL, NULL, '2024-01-04 22:17:23', 1, '2024-01-04 22:17:23', 1, 0);
INSERT INTO `sys_operation_log` VALUES (64, 1, '2024-01-04 22:17:27', '127.0.0.1', '/api/login/log/recover/page/1', 'GET', 'class com.zero.auth.controller.LoginLogController.recoverPage', '[1,10,{\"id\":null,\"userId\":null,\"ip\":null,\"country\":null,\"region\":null,\"city\":null,\"isp\":null,\"loginTime\":null,\"tokenId\":null,\"logoutTime\":null,\"logout\":null,\"user\":null,\"queryUsername\":null,\"queryStartDate\":null,\"queryEndDate\":null,\"queryOnline\":null,\"queryAddress\":null}]', 0, 1, '分页查询逻辑删除的系统账号登录日志表数据', NULL, NULL, '2024-01-04 22:17:26', 1, '2024-01-04 22:17:26', 1, 0);
INSERT INTO `sys_operation_log` VALUES (65, 1, '2024-01-04 22:17:28', '127.0.0.1', '/api/file/manage/recover/page/1', 'GET', 'class com.zero.upload.controller.FileManageController.recoverPage', '[1,10,{\"id\":null,\"name\":null,\"type\":null,\"uri\":null,\"uploadTime\":null,\"uploadUserId\":null,\"parentId\":null,\"bakFiles\":null,\"user\":null,\"queryUsername\":null,\"queryStartDate\":null,\"queryEndDate\":null}]', 0, 1, '分页查询逻辑删除的文件资源管理表数据', NULL, NULL, '2024-01-04 22:17:28', 1, '2024-01-04 22:17:28', 1, 0);
INSERT INTO `sys_operation_log` VALUES (66, 1, '2024-01-04 22:17:31', '127.0.0.1', '/api/operation/log/recover/page/1', 'GET', 'class com.zero.sys.controller.OperationLogController.recoverPage', '[1,10,{\"id\":null,\"operationUserId\":null,\"accessTime\":null,\"ip\":null,\"uri\":null,\"methodType\":null,\"method\":null,\"requestArgs\":null,\"executionTime\":null,\"result\":null,\"description\":null,\"exceptionName\":null,\"exceptionMessage\":null,\"user\":null,\"queryUsername\":null,\"queryStartDate\":null,\"queryEndDate\":null}]', 0, 1, '分页查询逻辑删除的系统操作日志表数据', NULL, NULL, '2024-01-04 22:17:31', 1, '2024-01-04 22:17:31', 1, 0);
INSERT INTO `sys_operation_log` VALUES (67, 1, '2024-01-04 22:17:36', '127.0.0.1', '/api/login/log/page/1', 'GET', 'class com.zero.auth.controller.LoginLogController.page', '[1,10,{\"id\":null,\"userId\":null,\"ip\":null,\"country\":null,\"region\":null,\"city\":null,\"isp\":null,\"loginTime\":null,\"tokenId\":null,\"logoutTime\":null,\"logout\":null,\"user\":null,\"queryUsername\":null,\"queryStartDate\":null,\"queryEndDate\":null,\"queryOnline\":null,\"queryAddress\":null}]', 0, 1, '分页查询系统账号登录日志表数据', NULL, NULL, '2024-01-04 22:17:36', 1, '2024-01-04 22:17:36', 1, 0);
INSERT INTO `sys_operation_log` VALUES (68, 1, '2024-01-04 22:17:38', '127.0.0.1', '/api/login/log/218', 'DELETE', 'class com.zero.auth.controller.LoginLogController.deleteById', '[218]', 0, 1, '[通用方法]通过主键删除一条对应实体类的数据库记录', NULL, NULL, '2024-01-04 22:17:38', 1, '2024-01-04 22:17:38', 1, 0);
INSERT INTO `sys_operation_log` VALUES (69, 1, '2024-01-04 22:17:38', '127.0.0.1', '/api/login/log/page/1', 'GET', 'class com.zero.auth.controller.LoginLogController.page', '[1,10,{\"id\":null,\"userId\":null,\"ip\":null,\"country\":null,\"region\":null,\"city\":null,\"isp\":null,\"loginTime\":null,\"tokenId\":null,\"logoutTime\":null,\"logout\":null,\"user\":null,\"queryUsername\":null,\"queryStartDate\":null,\"queryEndDate\":null,\"queryOnline\":null,\"queryAddress\":null}]', 0, 1, '分页查询系统账号登录日志表数据', NULL, NULL, '2024-01-04 22:17:38', 1, '2024-01-04 22:17:38', 1, 0);
INSERT INTO `sys_operation_log` VALUES (70, 1, '2024-01-04 22:17:40', '127.0.0.1', '/api/operation/log/page/1', 'GET', 'class com.zero.sys.controller.OperationLogController.page', '[1,10,{\"id\":null,\"operationUserId\":null,\"accessTime\":null,\"ip\":null,\"uri\":null,\"methodType\":null,\"method\":null,\"requestArgs\":null,\"executionTime\":null,\"result\":null,\"description\":null,\"exceptionName\":null,\"exceptionMessage\":null,\"user\":null,\"queryUsername\":null,\"queryStartDate\":null,\"queryEndDate\":null}]', 0, 1, '分页查询系统操作日志表数据', NULL, NULL, '2024-01-04 22:17:40', 1, '2024-01-04 22:17:40', 1, 0);
INSERT INTO `sys_operation_log` VALUES (71, 1, '2024-01-04 22:17:42', '127.0.0.1', '/api/operation/log/1', 'DELETE', 'class com.zero.sys.controller.OperationLogController.deleteById', '[1]', 0, 1, '[通用方法]通过主键删除一条对应实体类的数据库记录', NULL, NULL, '2024-01-04 22:17:41', 1, '2024-01-04 22:17:41', 1, 0);
INSERT INTO `sys_operation_log` VALUES (72, 1, '2024-01-04 22:17:42', '127.0.0.1', '/api/operation/log/page/1', 'GET', 'class com.zero.sys.controller.OperationLogController.page', '[1,10,{\"id\":null,\"operationUserId\":null,\"accessTime\":null,\"ip\":null,\"uri\":null,\"methodType\":null,\"method\":null,\"requestArgs\":null,\"executionTime\":null,\"result\":null,\"description\":null,\"exceptionName\":null,\"exceptionMessage\":null,\"user\":null,\"queryUsername\":null,\"queryStartDate\":null,\"queryEndDate\":null}]', 0, 1, '分页查询系统操作日志表数据', NULL, NULL, '2024-01-04 22:17:41', 1, '2024-01-04 22:17:41', 1, 0);
INSERT INTO `sys_operation_log` VALUES (73, 1, '2024-01-04 22:17:55', '127.0.0.1', '/api/login/log/recover/page/1', 'GET', 'class com.zero.auth.controller.LoginLogController.recoverPage', '[1,10,{\"id\":null,\"userId\":null,\"ip\":null,\"country\":null,\"region\":null,\"city\":null,\"isp\":null,\"loginTime\":null,\"tokenId\":null,\"logoutTime\":null,\"logout\":null,\"user\":null,\"queryUsername\":null,\"queryStartDate\":null,\"queryEndDate\":null,\"queryOnline\":null,\"queryAddress\":null}]', 0, 1, '分页查询逻辑删除的系统账号登录日志表数据', NULL, NULL, '2024-01-04 22:17:54', 1, '2024-01-04 22:17:54', 1, 0);
INSERT INTO `sys_operation_log` VALUES (74, 1, '2024-01-04 22:17:58', '127.0.0.1', '/api/operation/log/recover/page/1', 'GET', 'class com.zero.sys.controller.OperationLogController.recoverPage', '[1,10,{\"id\":null,\"operationUserId\":null,\"accessTime\":null,\"ip\":null,\"uri\":null,\"methodType\":null,\"method\":null,\"requestArgs\":null,\"executionTime\":null,\"result\":null,\"description\":null,\"exceptionName\":null,\"exceptionMessage\":null,\"user\":null,\"queryUsername\":null,\"queryStartDate\":null,\"queryEndDate\":null}]', 0, 1, '分页查询逻辑删除的系统操作日志表数据', NULL, NULL, '2024-01-04 22:17:57', 1, '2024-01-04 22:17:57', 1, 0);
INSERT INTO `sys_operation_log` VALUES (75, 1, '2024-01-04 22:18:01', '127.0.0.1', '/api/menu/recover/page/1', 'GET', 'class com.zero.sys.controller.MenuController.recoverPage', '[1,10,{\"id\":null,\"path\":null,\"name\":null,\"component\":null,\"metaTitle\":null,\"metaIcon\":null,\"redirect\":null,\"sort\":null,\"hidden\":null,\"enabled\":null,\"parentId\":null,\"children\":null,\"roles\":null,\"queryRoleId\":null}]', 0, 1, '分页查询逻辑删除的系统菜单表数据', NULL, NULL, '2024-01-04 22:18:00', 1, '2024-01-04 22:18:00', 1, 0);
INSERT INTO `sys_operation_log` VALUES (76, 1, '2024-01-04 22:18:02', '127.0.0.1', '/api/menu/recover/page/1', 'GET', 'class com.zero.sys.controller.MenuController.recoverPage', '[1,10,{\"id\":null,\"path\":null,\"name\":null,\"component\":null,\"metaTitle\":null,\"metaIcon\":null,\"redirect\":null,\"sort\":null,\"hidden\":null,\"enabled\":null,\"parentId\":null,\"children\":null,\"roles\":null,\"queryRoleId\":null}]', 0, 1, '分页查询逻辑删除的系统菜单表数据', NULL, NULL, '2024-01-04 22:18:02', 1, '2024-01-04 22:18:02', 1, 0);
INSERT INTO `sys_operation_log` VALUES (77, 1, '2024-01-04 22:18:04', '127.0.0.1', '/api/role/recover/page/1', 'GET', 'class com.zero.auth.controller.RoleController.recoverPage', '[1,10,{\"id\":null,\"name\":null,\"description\":null,\"acquiescence\":null}]', 0, 1, '分页查询逻辑删除的系统角色表数据', NULL, NULL, '2024-01-04 22:18:04', 1, '2024-01-04 22:18:04', 1, 0);
INSERT INTO `sys_operation_log` VALUES (78, 1, '2024-01-04 22:18:05', '127.0.0.1', '/api/user/recover/page/1', 'GET', 'class com.zero.auth.controller.UserController.recoverPage', '[1,10,{\"id\":null,\"username\":null,\"password\":null,\"enabled\":null,\"locked\":null,\"accountExpire\":null,\"passwordExpire\":null,\"type\":null,\"roles\":null,\"userInfo\":null,\"onlineLoginLogs\":null,\"queryRoleId\":null}]', 0, 1, '分页查询逻辑删除的用户数据', NULL, NULL, '2024-01-04 22:18:05', 1, '2024-01-04 22:18:05', 1, 0);

-- ----------------------------
-- Table structure for sys_organ
-- ----------------------------
DROP TABLE IF EXISTS `sys_organ`;
CREATE TABLE `sys_organ`  (
  `id` int(11) NOT NULL AUTO_INCREMENT COMMENT '主键',
  `name` varchar(50) CHARACTER SET utf8 COLLATE utf8_general_ci NOT NULL COMMENT '组织机构名称',
  `sort` int(11) NOT NULL COMMENT '组织机构排序',
  `parent_id` int(11) NOT NULL COMMENT '父级组织机构主键，如果为顶级组织机构，值为0',
  `create_time` datetime(0) NOT NULL DEFAULT CURRENT_TIMESTAMP COMMENT '数据库数据插入时间',
  `create_user_id` int(11) NOT NULL DEFAULT 0 COMMENT '数据库数据插入用户主键',
  `update_time` datetime(0) NOT NULL DEFAULT CURRENT_TIMESTAMP ON UPDATE CURRENT_TIMESTAMP(0) COMMENT '数据库数据更新时间',
  `update_user_id` int(11) NOT NULL DEFAULT 0 COMMENT '数据库数据更新用户主键',
  `deleted` tinyint(1) NOT NULL DEFAULT 0 COMMENT '逻辑删除标识，0为正常，1为逻辑删除，默认为0',
  PRIMARY KEY (`id`) USING BTREE
) ENGINE = InnoDB AUTO_INCREMENT = 13 CHARACTER SET = utf8mb4 COLLATE = utf8mb4_general_ci COMMENT = '系统组织机构表' ROW_FORMAT = Compact;

-- ----------------------------
-- Records of sys_organ
-- ----------------------------
INSERT INTO `sys_organ` VALUES (1, 'ZeroAdmin公司', 1, 0, '2023-09-03 16:46:02', 1, '2023-09-03 16:46:02', 1, 0);
INSERT INTO `sys_organ` VALUES (2, '人事部', 1, 1, '2023-09-03 17:01:33', 1, '2023-09-03 17:01:33', 1, 0);
INSERT INTO `sys_organ` VALUES (3, '行政部', 2, 1, '2023-09-03 17:22:26', 1, '2023-09-03 17:22:26', 1, 0);
INSERT INTO `sys_organ` VALUES (4, '开发部', 3, 1, '2023-09-03 17:26:54', 1, '2023-09-03 17:26:54', 1, 0);
INSERT INTO `sys_organ` VALUES (7, 'OA系统开发小组', 1, 4, '2023-09-03 17:32:01', 1, '2023-09-03 17:32:01', 1, 0);
INSERT INTO `sys_organ` VALUES (8, '财务部', 2, 1, '2023-09-03 17:38:11', 1, '2023-09-03 17:40:02', 1, 0);
INSERT INTO `sys_organ` VALUES (9, '人工智能研发部', 2, 4, '2023-09-03 17:40:35', 1, '2023-09-03 17:40:35', 1, 0);
INSERT INTO `sys_organ` VALUES (10, '平台部', 3, 4, '2023-09-03 17:40:44', 1, '2023-09-03 17:40:44', 1, 0);
INSERT INTO `sys_organ` VALUES (11, '出纳', 1, 8, '2023-09-03 21:46:30', 1, '2023-09-03 21:46:30', 1, 0);
INSERT INTO `sys_organ` VALUES (12, '会计', 2, 8, '2023-09-03 21:46:42', 1, '2023-09-03 21:46:42', 1, 0);

-- ----------------------------
-- Table structure for sys_user_config
-- ----------------------------
DROP TABLE IF EXISTS `sys_user_config`;
CREATE TABLE `sys_user_config`  (
  `id` int(11) NOT NULL AUTO_INCREMENT COMMENT '主键',
  `user_id` int(11) NOT NULL COMMENT '用户主键',
  `config_id` int(11) NOT NULL COMMENT '配置主键',
  `value` varchar(50) CHARACTER SET utf8mb4 COLLATE utf8mb4_general_ci NOT NULL COMMENT '用户配置值',
  `create_time` datetime(0) NOT NULL DEFAULT CURRENT_TIMESTAMP COMMENT '数据库数据插入时间',
  `create_user_id` int(11) NOT NULL DEFAULT 0 COMMENT '数据库数据插入用户主键',
  `update_time` datetime(0) NOT NULL DEFAULT CURRENT_TIMESTAMP ON UPDATE CURRENT_TIMESTAMP(0) COMMENT '数据库数据更新时间',
  `update_user_id` int(11) NOT NULL DEFAULT 0 COMMENT '数据库数据更新用户主键',
  `deleted` tinyint(1) NOT NULL DEFAULT 0 COMMENT '逻辑删除标识，0为正常，1为逻辑删除，默认为0',
  PRIMARY KEY (`id`) USING BTREE
) ENGINE = InnoDB AUTO_INCREMENT = 9 CHARACTER SET = utf8mb4 COLLATE = utf8mb4_general_ci COMMENT = '系统用户配置表' ROW_FORMAT = Compact;

-- ----------------------------
-- Records of sys_user_config
-- ----------------------------
INSERT INTO `sys_user_config` VALUES (1, 1, 3, '#F5222D', '2021-06-26 18:21:14', 1, '2021-06-27 09:44:14', 1, 0);
INSERT INTO `sys_user_config` VALUES (2, 22, 3, '#FC0277', '2021-06-26 21:46:16', 22, '2023-12-11 22:01:18', 22, 0);
INSERT INTO `sys_user_config` VALUES (3, 1, 4, 'true', '2021-06-26 22:19:20', 1, '2021-06-27 09:47:30', 1, 0);
INSERT INTO `sys_user_config` VALUES (4, 1, 7, 'true', '2021-06-27 09:47:32', 1, '2021-06-27 09:48:37', 1, 0);
INSERT INTO `sys_user_config` VALUES (5, 1, 8, 'true', '2021-06-27 09:47:35', 1, '2023-07-06 23:31:37', 1, 0);
INSERT INTO `sys_user_config` VALUES (6, 22, 8, 'false', '2021-11-02 22:14:12', 22, '2023-12-11 22:01:09', 22, 0);
INSERT INTO `sys_user_config` VALUES (7, 22, 7, 'true', '2021-11-02 22:14:22', 22, '2023-12-11 22:01:07', 22, 0);
INSERT INTO `sys_user_config` VALUES (8, 22, 4, 'true', '2021-11-02 22:14:26', 22, '2023-12-11 22:01:12', 22, 0);

-- ----------------------------
-- Table structure for sys_user_organ
-- ----------------------------
DROP TABLE IF EXISTS `sys_user_organ`;
CREATE TABLE `sys_user_organ`  (
  `id` int(11) NOT NULL AUTO_INCREMENT COMMENT '主键',
  `organ_id` int(11) NOT NULL COMMENT '组织机构主键',
  `user_id` int(11) NULL DEFAULT NULL COMMENT '用户主键',
  `create_time` datetime(0) NOT NULL DEFAULT CURRENT_TIMESTAMP COMMENT '数据库数据插入时间',
  `create_user_id` int(11) NOT NULL DEFAULT 0 COMMENT '数据库数据插入用户主键',
  `update_time` datetime(0) NOT NULL DEFAULT CURRENT_TIMESTAMP ON UPDATE CURRENT_TIMESTAMP(0) COMMENT '数据库数据更新时间',
  `update_user_id` int(11) NOT NULL DEFAULT 0 COMMENT '数据库数据更新用户主键',
  `deleted` tinyint(1) NOT NULL DEFAULT 0 COMMENT '逻辑删除标识，0为正常，1为逻辑删除，默认为0',
  PRIMARY KEY (`id`) USING BTREE
) ENGINE = InnoDB AUTO_INCREMENT = 2 CHARACTER SET = utf8mb4 COLLATE = utf8mb4_general_ci COMMENT = '用户组织机构关系表' ROW_FORMAT = Compact;

-- ----------------------------
-- Records of sys_user_organ
-- ----------------------------
INSERT INTO `sys_user_organ` VALUES (1, 2, 5, '2023-09-04 21:57:33', 0, '2023-09-04 21:57:33', 0, 0);

-- ----------------------------
-- Table structure for upload_file_manage
-- ----------------------------
DROP TABLE IF EXISTS `upload_file_manage`;
CREATE TABLE `upload_file_manage`  (
  `id` int(11) NOT NULL AUTO_INCREMENT COMMENT '主键',
  `name` varchar(255) CHARACTER SET utf8mb4 COLLATE utf8mb4_general_ci NOT NULL COMMENT '文件名称',
  `type` varchar(50) CHARACTER SET utf8mb4 COLLATE utf8mb4_general_ci NOT NULL COMMENT '文件类型',
  `uri` varchar(500) CHARACTER SET utf8mb4 COLLATE utf8mb4_general_ci NOT NULL COMMENT '文件http引用路径',
  `path` varchar(500) CHARACTER SET utf8mb4 COLLATE utf8mb4_general_ci NOT NULL COMMENT '文件磁盘路径',
  `upload_time` datetime(0) NOT NULL COMMENT '文件上传时间',
  `upload_user_id` int(11) NOT NULL COMMENT '文件上传用户主键',
  `parent_id` int(11) NOT NULL DEFAULT 0 COMMENT '主文件主键，源文件为0，其他值为对应的备份文件',
  `create_time` datetime(0) NOT NULL DEFAULT CURRENT_TIMESTAMP COMMENT '数据库数据插入时间',
  `create_user_id` int(11) NOT NULL DEFAULT 0 COMMENT '数据库数据插入用户主键',
  `update_time` datetime(0) NOT NULL DEFAULT CURRENT_TIMESTAMP ON UPDATE CURRENT_TIMESTAMP(0) COMMENT '数据库数据更新时间',
  `update_user_id` int(11) NOT NULL DEFAULT 0 COMMENT '数据库数据更新用户主键',
  `deleted` tinyint(1) NOT NULL DEFAULT 0 COMMENT '逻辑删除标识，0为正常，1为逻辑删除，默认为0',
  PRIMARY KEY (`id`) USING BTREE
) ENGINE = InnoDB AUTO_INCREMENT = 6 CHARACTER SET = utf8mb4 COLLATE = utf8mb4_general_ci COMMENT = '文件资源管理表' ROW_FORMAT = Compact;

-- ----------------------------
-- Records of upload_file_manage
-- ----------------------------
INSERT INTO `upload_file_manage` VALUES (1, '雅典娜-冰冠公主.jpg', 'IMAGE', 'http://127.0.0.1:10000/api/image/2021/4/10/c1e3f69c-38b5-4eb7-9d80-097dba435e4e.jpg', 'F:\\tmp\\image\\2021\\4\\10\\c1e3f69c-38b5-4eb7-9d80-097dba435e4e.jpg', '2021-04-10 17:56:10', 22, 0, '2021-04-10 17:56:09', 22, '2024-01-02 23:09:23', 22, 1);
INSERT INTO `upload_file_manage` VALUES (2, '60246991.jpg', 'IMAGE', 'http://127.0.0.1:10000/api/image/2021/11/2/4401b2ef-0179-40f3-ab4c-3909a85a938b.jpg', 'F:\\tmp\\image\\2021\\11\\2\\4401b2ef-0179-40f3-ab4c-3909a85a938b.jpg', '2021-11-02 23:35:25', 22, 0, '2021-11-02 23:35:24', 22, '2024-01-02 23:09:26', 22, 0);
INSERT INTO `upload_file_manage` VALUES (3, '60246991.jpg', 'IMAGE', 'http://127.0.0.1:10000/api/image/2021/11/6/507bcc9a-1531-4aae-b2fb-43ff844fdc94.jpg', 'F:\\tmp\\image\\2021\\11\\6\\507bcc9a-1531-4aae-b2fb-43ff844fdc94.jpg', '2021-11-06 22:41:39', 1, 0, '2021-11-06 22:41:38', 1, '2024-01-02 23:17:54', 1, 0);
INSERT INTO `upload_file_manage` VALUES (4, '60246991.jpg', 'IMAGE', 'http://127.0.0.1:10000/api/image/2024/1/2/4401b2ef-0179-40f3-ab4c-3909a85a938b.bak.1.jpg', 'F:\\tmp\\image\\2024\\1\\2\\4401b2ef-0179-40f3-ab4c-3909a85a938b.bak.1.jpg', '2024-01-02 23:09:32', 1, 2, '2024-01-02 23:09:32', 1, '2024-01-02 23:09:32', 1, 0);
INSERT INTO `upload_file_manage` VALUES (5, '60246991.jpg', 'IMAGE', 'http://127.0.0.1:10000/api/image/2024/1/2/4401b2ef-0179-40f3-ab4c-3909a85a938b.bak.2.jpg', 'F:\\tmp\\image\\2024\\1\\2\\4401b2ef-0179-40f3-ab4c-3909a85a938b.bak.2.jpg', '2024-01-02 23:18:12', 1, 2, '2024-01-02 23:18:12', 1, '2024-01-02 23:18:12', 1, 0);

SET FOREIGN_KEY_CHECKS = 1;
